award_supplier_id,award_id,supplier_id,supplier_role,awarded_value,currency_code,source_id,source_file_id,source_record_id
asu_00001,awd_00001,sup_0107,winner,,,src_ted_opendata,file_ted_0001,lot_result:RES-0001/organisation:ORG-0004
asu_00002,awd_00002,sup_0107,winner,,,src_ted_opendata,file_ted_0001,lot_result:RES-0002/organisation:ORG-0004
asu_00003,awd_00003,sup_0107,winner,,,src_ted_opendata,file_ted_0001,lot_result:RES-0003/organisation:ORG-0004
asu_00004,awd_00004,sup_0107,winner,,,src_ted_opendata,file_ted_0001,lot_result:RES-0004/organisation:ORG-0004
asu_00005,awd_00005,sup_0107,winner,,,src_ted_opendata,file_ted_0001,lot_result:RES-0005/organisation:ORG-0004
asu_00006,awd_00006,sup_0108,winner,899130,PLN,src_ted_opendata,file_ted_0002,lot_result:RES-0001/organisation:ORG-0003
asu_00007,awd_00007,sup_0109,winner,40497.8600,EUR,src_ted_opendata,file_ted_0003,lot_result:RES-0000/organisation:ORG-0004
asu_00008,awd_00009,sup_0110,winner,3545730,PLN,src_ted_opendata,file_ted_0005,lot_result:RES-0001/organisation:ORG-0005
asu_00009,awd_00010,sup_0111,winner,,,src_ted_opendata,file_ted_0006,lot_result:RES-0001/organisation:ORG-0003
asu_00010,awd_00011,sup_0112,winner,3309693.48,PLN,src_ted_opendata,file_ted_0007,lot_result:RES-0001/organisation:ORG-0003
asu_00011,awd_00011,sup_0113,winner,3309693.48,PLN,src_ted_opendata,file_ted_0007,lot_result:RES-0001/organisation:ORG-0004
asu_00012,awd_00012,sup_0114,winner,3583334,EUR,src_ted_opendata,file_ted_0008,lot_result:RES-0001/organisation:ORG-0006
asu_00013,awd_00013,sup_0115,winner,2419500,RON,src_ted_opendata,file_ted_0009,lot_result:RES-0001/organisation:ORG-9002
asu_00014,awd_00014,sup_0115,winner,240000,RON,src_ted_opendata,file_ted_0009,lot_result:RES-0010/organisation:ORG-9002
asu_00015,awd_00015,sup_0115,winner,881000,RON,src_ted_opendata,file_ted_0009,lot_result:RES-0008/organisation:ORG-9002
asu_00016,awd_00016,sup_0115,winner,2344500,RON,src_ted_opendata,file_ted_0009,lot_result:RES-0003/organisation:ORG-9002
asu_00017,awd_00017,sup_0115,winner,864500,RON,src_ted_opendata,file_ted_0009,lot_result:RES-0007/organisation:ORG-9002
asu_00018,awd_00018,sup_0115,winner,3452800,RON,src_ted_opendata,file_ted_0009,lot_result:RES-0012/organisation:ORG-9002
asu_00019,awd_00019,sup_0115,winner,212000,RON,src_ted_opendata,file_ted_0009,lot_result:RES-0014/organisation:ORG-9002
asu_00020,awd_00020,sup_0115,winner,372000,RON,src_ted_opendata,file_ted_0009,lot_result:RES-0013/organisation:ORG-9002
asu_00021,awd_00021,sup_0116,winner,43500,RON,src_ted_opendata,file_ted_0009,lot_result:RES-0009/organisation:ORG-9000
asu_00022,awd_00022,sup_0116,winner,2080000,RON,src_ted_opendata,file_ted_0009,lot_result:RES-0002/organisation:ORG-9000
asu_00023,awd_00023,sup_0116,winner,3309000,RON,src_ted_opendata,file_ted_0009,lot_result:RES-0015/organisation:ORG-9000
asu_00024,awd_00024,sup_0116,winner,366000,RON,src_ted_opendata,file_ted_0009,lot_result:RES-0011/organisation:ORG-9000
asu_00025,awd_00025,sup_0116,winner,3071000,RON,src_ted_opendata,file_ted_0009,lot_result:RES-0004/organisation:ORG-9000
asu_00026,awd_00026,sup_0117,winner,768000,RON,src_ted_opendata,file_ted_0009,lot_result:RES-0018/organisation:ORG-9001
asu_00027,awd_00027,sup_0117,winner,639800,RON,src_ted_opendata,file_ted_0009,lot_result:RES-0005/organisation:ORG-9001
asu_00028,awd_00028,sup_0118,winner,1037000,RON,src_ted_opendata,file_ted_0009,lot_result:RES-0006/organisation:ORG-9003
asu_00029,awd_00029,sup_0118,winner,317800,RON,src_ted_opendata,file_ted_0009,lot_result:RES-0017/organisation:ORG-9003
asu_00030,awd_00030,sup_0118,winner,564100,RON,src_ted_opendata,file_ted_0009,lot_result:RES-0016/organisation:ORG-9003
asu_00031,awd_00031,sup_0119,winner,2979099.97,PLN,src_ted_opendata,file_ted_0010,lot_result:RES-0001/organisation:ORG-0003
asu_00032,awd_00033,sup_0120,winner,1229385,PLN,src_ted_opendata,file_ted_0012,lot_result:RES-0001/organisation:ORG-0004
asu_00033,awd_00034,sup_0121,winner,51000,PLN,src_ted_opendata,file_ted_0013,lot_result:RES-0001/organisation:ORG-0004
asu_00034,awd_00035,sup_0121,winner,23000,PLN,src_ted_opendata,file_ted_0013,lot_result:RES-0002/organisation:ORG-0004
asu_00035,awd_00036,sup_0122,winner,153000,PLN,src_ted_opendata,file_ted_0013,lot_result:RES-0003/organisation:ORG-0003
asu_00036,awd_00037,sup_0122,winner,208000,PLN,src_ted_opendata,file_ted_0013,lot_result:RES-0004/organisation:ORG-0003
asu_00037,awd_00038,sup_0122,winner,339000,PLN,src_ted_opendata,file_ted_0013,lot_result:RES-0005/organisation:ORG-0003
asu_00038,awd_00039,sup_0122,winner,630000,PLN,src_ted_opendata,file_ted_0013,lot_result:RES-0006/organisation:ORG-0003
asu_00039,awd_00040,sup_0122,winner,336000,PLN,src_ted_opendata,file_ted_0013,lot_result:RES-0007/organisation:ORG-0003
asu_00040,awd_00041,sup_0122,winner,630000,PLN,src_ted_opendata,file_ted_0013,lot_result:RES-0008/organisation:ORG-0003
asu_00041,awd_00042,sup_0122,winner,343200,PLN,src_ted_opendata,file_ted_0013,lot_result:RES-0009/organisation:ORG-0003
asu_00042,awd_00043,sup_0122,winner,139600,PLN,src_ted_opendata,file_ted_0013,lot_result:RES-0010/organisation:ORG-0003
asu_00043,awd_00044,sup_0121,winner,84000,PLN,src_ted_opendata,file_ted_0013,lot_result:RES-0011/organisation:ORG-0004
asu_00044,awd_00045,sup_0121,winner,587287,PLN,src_ted_opendata,file_ted_0013,lot_result:RES-0012/organisation:ORG-0004
asu_00045,awd_00046,sup_0122,winner,690000,PLN,src_ted_opendata,file_ted_0013,lot_result:RES-0013/organisation:ORG-0003
asu_00046,awd_00047,sup_0122,winner,215000,PLN,src_ted_opendata,file_ted_0013,lot_result:RES-0014/organisation:ORG-0003
asu_00047,awd_00048,sup_0121,winner,139600,PLN,src_ted_opendata,file_ted_0013,lot_result:RES-0015/organisation:ORG-0004
asu_00048,awd_00049,sup_0121,winner,82685,PLN,src_ted_opendata,file_ted_0013,lot_result:RES-0016/organisation:ORG-0004
asu_00049,awd_00050,sup_0121,winner,91805,PLN,src_ted_opendata,file_ted_0013,lot_result:RES-0017/organisation:ORG-0004
asu_00050,awd_00051,sup_0121,winner,53437.5,PLN,src_ted_opendata,file_ted_0013,lot_result:RES-0018/organisation:ORG-0004
asu_00051,awd_00052,sup_0121,winner,367407.4,PLN,src_ted_opendata,file_ted_0013,lot_result:RES-0019/organisation:ORG-0004
asu_00052,awd_00053,sup_0121,winner,88875,PLN,src_ted_opendata,file_ted_0013,lot_result:RES-0020/organisation:ORG-0004
asu_00053,awd_00054,sup_0121,winner,24600,PLN,src_ted_opendata,file_ted_0013,lot_result:RES-0021/organisation:ORG-0004
asu_00054,awd_00055,sup_0122,winner,339000,PLN,src_ted_opendata,file_ted_0013,lot_result:RES-0022/organisation:ORG-0003
asu_00055,awd_00056,sup_0122,winner,252000,PLN,src_ted_opendata,file_ted_0013,lot_result:RES-0023/organisation:ORG-0003
asu_00056,awd_00057,sup_0122,winner,270000,PLN,src_ted_opendata,file_ted_0013,lot_result:RES-0024/organisation:ORG-0003
asu_00057,awd_00058,sup_0122,winner,220000,PLN,src_ted_opendata,file_ted_0013,lot_result:RES-0025/organisation:ORG-0003
asu_00058,awd_00059,sup_0122,winner,120000,PLN,src_ted_opendata,file_ted_0013,lot_result:RES-0026/organisation:ORG-0003
asu_00059,awd_00060,sup_0122,winner,311400,PLN,src_ted_opendata,file_ted_0013,lot_result:RES-0027/organisation:ORG-0003
asu_00060,awd_00061,sup_0123,winner,178986.00,EUR,src_ted_opendata,file_ted_0014,lot_result:RES-0000/organisation:ORG-0004
asu_00061,awd_00062,sup_0124,winner,77047.2,PLN,src_ted_opendata,file_ted_0015,lot_result:RES-0001/organisation:ORG-0003
asu_00062,awd_00063,sup_0125,winner,21351.6,PLN,src_ted_opendata,file_ted_0015,lot_result:RES-0002/organisation:ORG-0004
asu_00063,awd_00064,sup_0126,winner,51148.8,PLN,src_ted_opendata,file_ted_0015,lot_result:RES-0003/organisation:ORG-0005
asu_00064,awd_00065,sup_0127,winner,6513.98,PLN,src_ted_opendata,file_ted_0015,lot_result:RES-0004/organisation:ORG-0006
asu_00065,awd_00066,sup_0128,winner,4898.88,PLN,src_ted_opendata,file_ted_0015,lot_result:RES-0005/organisation:ORG-0007
asu_00066,awd_00067,sup_0126,winner,167309.28,PLN,src_ted_opendata,file_ted_0015,lot_result:RES-0006/organisation:ORG-0005
asu_00067,awd_00068,sup_0129,winner,69660,PLN,src_ted_opendata,file_ted_0015,lot_result:RES-0007/organisation:ORG-0008
asu_00068,awd_00069,sup_0130,winner,10512.13,PLN,src_ted_opendata,file_ted_0015,lot_result:RES-0008/organisation:ORG-0009
asu_00069,awd_00070,sup_0124,winner,3881.6,PLN,src_ted_opendata,file_ted_0015,lot_result:RES-0009/organisation:ORG-0003
asu_00070,awd_00071,sup_0129,winner,11057.81,PLN,src_ted_opendata,file_ted_0015,lot_result:RES-0010/organisation:ORG-0008
asu_00071,awd_00072,sup_0131,winner,2867211.6,EUR,src_ted_opendata,file_ted_0016,lot_result:RES-0001/organisation:ORG-0003
asu_00072,awd_00072,sup_0132,winner,2867211.6,EUR,src_ted_opendata,file_ted_0016,lot_result:RES-0001/organisation:ORG-0004
asu_00073,awd_00073,sup_0133,winner,329791.0400,EUR,src_ted_opendata,file_ted_0017,lot_result:RES-0000/organisation:ORG-0004
asu_00074,awd_00074,sup_0134,winner,496987.65,PLN,src_ted_opendata,file_ted_0018,lot_result:RES-0001/organisation:ORG-0003
asu_00075,awd_00075,sup_0135,winner,2239196.4,PLN,src_ted_opendata,file_ted_0019,lot_result:RES-0001/organisation:ORG-0003
asu_00076,awd_00076,sup_0136,winner,1480846.08,PLN,src_ted_opendata,file_ted_0020,lot_result:RES-0001/organisation:ORG-0003
asu_00077,awd_00079,sup_0137,winner,390412.8,EUR,src_ted_opendata,file_ted_0023,lot_result:RES-0001/organisation:ORG-0007
asu_00078,awd_00080,sup_0138,winner,8600,RON,src_ted_opendata,file_ted_0024,lot_result:RES-0005/organisation:ORG-9003
asu_00079,awd_00081,sup_0138,winner,43723.8,RON,src_ted_opendata,file_ted_0024,lot_result:RES-0002/organisation:ORG-9003
asu_00080,awd_00082,sup_0138,winner,292.5,RON,src_ted_opendata,file_ted_0024,lot_result:RES-0007/organisation:ORG-9003
asu_00081,awd_00083,sup_0138,winner,4370.8,RON,src_ted_opendata,file_ted_0024,lot_result:RES-0004/organisation:ORG-9003
asu_00082,awd_00084,sup_0139,winner,38160,RON,src_ted_opendata,file_ted_0024,lot_result:RES-0003/organisation:ORG-9000
asu_00083,awd_00085,sup_0140,winner,7300.8,RON,src_ted_opendata,file_ted_0024,lot_result:RES-0008/organisation:ORG-9001
asu_00084,awd_00086,sup_0141,winner,29880,RON,src_ted_opendata,file_ted_0024,lot_result:RES-0006/organisation:ORG-9002
asu_00085,awd_00087,sup_0140,winner,965580,RON,src_ted_opendata,file_ted_0024,lot_result:RES-0001/organisation:ORG-9001
asu_00086,awd_00089,sup_0142,winner,559008,EUR,src_ted_opendata,file_ted_0025,lot_result:RES-0001/organisation:ORG-0003
asu_00087,awd_00090,sup_0143,winner,4000,EUR,src_ted_opendata,file_ted_0026,lot_result:RES-0001/organisation:ORG-0004
asu_00088,awd_00092,sup_0144,winner,5959833,PLN,src_ted_opendata,file_ted_0028,lot_result:RES-0001/organisation:ORG-0006
asu_00089,awd_00093,sup_0145,winner,1080000,EUR,src_ted_opendata,file_ted_0029,lot_result:RES-0001/organisation:ORG-0005
asu_00090,awd_00094,sup_0146,winner,1860000.00,PLN,src_ted_opendata,file_ted_0030,lot_result:RES-0001/organisation:ORG-0004
asu_00091,awd_00095,sup_0147,winner,400815.91,EUR,src_ted_opendata,file_ted_0031,lot_result:RES-0001/organisation:ORG-0002
asu_00092,awd_00096,sup_0148,winner,1050380,EUR,src_ted_opendata,file_ted_0032,lot_result:RES-0001/organisation:ORG-0005
asu_00093,awd_00097,sup_0149,winner,243621.36,EUR,src_ted_opendata,file_ted_0033,lot_result:RES-0001/organisation:ORG-0003
asu_00094,awd_00098,sup_0150,winner,334117.78,EUR,src_ted_opendata,file_ted_0033,lot_result:RES-0002/organisation:ORG-0004
asu_00095,awd_00099,sup_0151,winner,6931.35,EUR,src_ted_opendata,file_ted_0033,lot_result:RES-0003/organisation:ORG-0005
asu_00096,awd_00100,sup_0152,winner,33830.0000,EUR,src_ted_opendata,file_ted_0034,lot_result:RES-0001/organisation:ORG-0004
asu_00097,awd_00101,sup_0153,winner,33990.0000,EUR,src_ted_opendata,file_ted_0034,lot_result:RES-0002/organisation:ORG-0005
asu_00098,awd_00102,sup_0154,winner,16990.0000,EUR,src_ted_opendata,file_ted_0034,lot_result:RES-0003/organisation:ORG-0006
asu_00099,awd_00103,sup_0155,winner,1025724,PLN,src_ted_opendata,file_ted_0035,lot_result:RES-0001/organisation:ORG-0003
asu_00100,awd_00104,sup_0156,winner,,,src_ted_opendata,file_ted_0036,lot_result:RES-0001/organisation:ORG-0005
asu_00101,awd_00105,sup_0157,winner,,,src_ted_opendata,file_ted_0036,lot_result:RES-0002/organisation:ORG-0006
asu_00102,awd_00106,sup_0158,winner,,,src_ted_opendata,file_ted_0036,lot_result:RES-0003/organisation:ORG-0007
asu_00103,awd_00107,sup_0167,winner,2243086.84,EUR,src_ted_opendata,file_ted_0037,lot_result:RES-0003/organisation:ORG-0010
asu_00104,awd_00107,sup_0168,winner,2243086.84,EUR,src_ted_opendata,file_ted_0037,lot_result:RES-0003/organisation:ORG-0004
asu_00105,awd_00107,sup_0169,winner,2243086.84,EUR,src_ted_opendata,file_ted_0037,lot_result:RES-0003/organisation:ORG-0005
asu_00106,awd_00107,sup_0170,winner,2243086.84,EUR,src_ted_opendata,file_ted_0037,lot_result:RES-0003/organisation:ORG-0006
asu_00107,awd_00107,sup_0171,winner,2243086.84,EUR,src_ted_opendata,file_ted_0037,lot_result:RES-0003/organisation:ORG-0007
asu_00108,awd_00107,sup_0172,winner,2243086.84,EUR,src_ted_opendata,file_ted_0037,lot_result:RES-0003/organisation:ORG-0008
asu_00109,awd_00107,sup_0173,winner,2243086.84,EUR,src_ted_opendata,file_ted_0037,lot_result:RES-0003/organisation:ORG-0009
asu_00110,awd_00107,sup_0174,winner,2243086.84,EUR,src_ted_opendata,file_ted_0037,lot_result:RES-0003/organisation:ORG-0011
asu_00111,awd_00107,sup_0175,winner,2243086.84,EUR,src_ted_opendata,file_ted_0037,lot_result:RES-0003/organisation:ORG-0012
asu_00112,awd_00107,sup_0176,winner,2243086.84,EUR,src_ted_opendata,file_ted_0037,lot_result:RES-0003/organisation:ORG-0013
asu_00113,awd_00109,sup_0177,winner,987500.00,BGN,src_ted_opendata,file_ted_0039,lot_result:RES-0001/organisation:ORG-0003
asu_00114,awd_00110,sup_0177,winner,908500.00,BGN,src_ted_opendata,file_ted_0039,lot_result:RES-0002/organisation:ORG-0003
asu_00115,awd_00111,sup_0178,winner,471932.86,PLN,src_ted_opendata,file_ted_0040,lot_result:RES-0001/organisation:ORG-0003
asu_00116,awd_00112,sup_0178,winner,305793.81,PLN,src_ted_opendata,file_ted_0040,lot_result:RES-0002/organisation:ORG-0003
asu_00117,awd_00113,sup_0178,winner,126421.89,PLN,src_ted_opendata,file_ted_0040,lot_result:RES-0003/organisation:ORG-0003
asu_00118,awd_00114,sup_0178,winner,149508.02,PLN,src_ted_opendata,file_ted_0040,lot_result:RES-0004/organisation:ORG-0003
asu_00119,awd_00115,sup_0179,winner,72265.25,PLN,src_ted_opendata,file_ted_0040,lot_result:RES-0005/organisation:ORG-0004
asu_00120,awd_00116,sup_0178,winner,355636.41,PLN,src_ted_opendata,file_ted_0040,lot_result:RES-0006/organisation:ORG-0003
asu_00121,awd_00117,sup_0178,winner,24263.14,PLN,src_ted_opendata,file_ted_0040,lot_result:RES-0007/organisation:ORG-0003
asu_00122,awd_00119,sup_0180,winner,1408141.89,EUR,src_ted_opendata,file_ted_0041,lot_result:RES-0001/organisation:ORG-0002
asu_00123,awd_00120,sup_0181,winner,1462678.47,EUR,src_ted_opendata,file_ted_0041,lot_result:RES-0002/organisation:ORG-0003
asu_00124,awd_00121,sup_0182,winner,,,src_ted_opendata,file_ted_0042,lot_result:RES-0001/organisation:ORG-0003
asu_00125,awd_00122,sup_0183,winner,,,src_ted_opendata,file_ted_0042,lot_result:RES-0004/organisation:ORG-0004
asu_00126,awd_00123,sup_0183,winner,,,src_ted_opendata,file_ted_0042,lot_result:RES-0003/organisation:ORG-0004
asu_00127,awd_00124,sup_0183,winner,,,src_ted_opendata,file_ted_0042,lot_result:RES-0002/organisation:ORG-0004
asu_00128,awd_00125,sup_0184,winner,20439.4,RON,src_ted_opendata,file_ted_0043,lot_result:RES-0009/organisation:ORG-9000
asu_00129,awd_00126,sup_0184,winner,49709.44,RON,src_ted_opendata,file_ted_0043,lot_result:RES-0016/organisation:ORG-9000
asu_00130,awd_00127,sup_0185,winner,22415,RON,src_ted_opendata,file_ted_0043,lot_result:RES-0013/organisation:ORG-9005
asu_00131,awd_00128,sup_0186,winner,2090.9,RON,src_ted_opendata,file_ted_0043,lot_result:RES-0005/organisation:ORG-9001
asu_00132,awd_00129,sup_0186,winner,14082.14,RON,src_ted_opendata,file_ted_0043,lot_result:RES-0004/organisation:ORG-9001
asu_00133,awd_00130,sup_0184,winner,48411.25,RON,src_ted_opendata,file_ted_0043,lot_result:RES-0001/organisation:ORG-9000
asu_00134,awd_00131,sup_0186,winner,1686,RON,src_ted_opendata,file_ted_0043,lot_result:RES-0006/organisation:ORG-9001
asu_00135,awd_00132,sup_0187,winner,6747.9,RON,src_ted_opendata,file_ted_0043,lot_result:RES-0012/organisation:ORG-9004
asu_00136,awd_00133,sup_0184,winner,7900,RON,src_ted_opendata,file_ted_0043,lot_result:RES-0003/organisation:ORG-9000
asu_00137,awd_00134,sup_0186,winner,11778.8,RON,src_ted_opendata,file_ted_0043,lot_result:RES-0014/organisation:ORG-9001
asu_00138,awd_00135,sup_0184,winner,85243.2,RON,src_ted_opendata,file_ted_0043,lot_result:RES-0015/organisation:ORG-9000
asu_00139,awd_00136,sup_0186,winner,30425.6,RON,src_ted_opendata,file_ted_0043,lot_result:RES-0007/organisation:ORG-9001
asu_00140,awd_00137,sup_0188,winner,45083,RON,src_ted_opendata,file_ted_0043,lot_result:RES-0011/organisation:ORG-9003
asu_00141,awd_00138,sup_0184,winner,62464.1,RON,src_ted_opendata,file_ted_0043,lot_result:RES-0010/organisation:ORG-9000
asu_00142,awd_00141,sup_0190,winner,3563246.21,PLN,src_ted_opendata,file_ted_0044,lot_result:RES-0001/organisation:ORG-0004
asu_00143,awd_00142,sup_0191,winner,1928.74,EUR,src_ted_opendata,file_ted_0045,lot_result:RES-0001/organisation:ORG-0002
asu_00144,awd_00143,sup_0192,winner,166,EUR,src_ted_opendata,file_ted_0046,lot_result:RES-0001/organisation:ORG-0006
asu_00145,awd_00144,sup_0193,winner,37431306.9,PLN,src_ted_opendata,file_ted_0047,lot_result:RES-0001/organisation:ORG-0004
asu_00146,awd_00145,sup_0194,winner,12716812.08,PLN,src_ted_opendata,file_ted_0047,lot_result:RES-0002/organisation:ORG-0005
asu_00147,awd_00146,sup_0193,winner,28428312.42,PLN,src_ted_opendata,file_ted_0047,lot_result:RES-0003/organisation:ORG-0004
asu_00148,awd_00147,sup_0195,winner,646079.4,EUR,src_ted_opendata,file_ted_0048,lot_result:RES-0001/organisation:ORG-0004
asu_00149,awd_00151,sup_0196,winner,0.10,EUR,src_ted_opendata,file_ted_0051,lot_result:RES-0001/organisation:ORG-0004
asu_00150,awd_00152,sup_0197,winner,150000000.00,HUF,src_ted_opendata,file_ted_0052,lot_result:RES-0001/organisation:ORG-0005
asu_00151,awd_00153,sup_0197,winner,60000000.00,HUF,src_ted_opendata,file_ted_0052,lot_result:RES-0002/organisation:ORG-0005
asu_00152,awd_00154,sup_0199,winner,,,src_ted_opendata,file_ted_0053,lot_result:RES-0001/organisation:ORG-1001
asu_00153,awd_00155,sup_0200,winner,3932121.15,PLN,src_ted_opendata,file_ted_0054,lot_result:RES-0001/organisation:ORG-0006
asu_00154,awd_00156,sup_0193,winner,8047512,PLN,src_ted_opendata,file_ted_0055,lot_result:RES-0001/organisation:ORG-0003
asu_00155,awd_00157,sup_0201,winner,41160,EUR,src_ted_opendata,file_ted_0056,lot_result:RES-0001/organisation:ORG-0003
asu_00156,awd_00158,sup_0202,winner,486706.00,EUR,src_ted_opendata,file_ted_0057,lot_result:RES-0001/organisation:ORG-0005
asu_00157,awd_00159,sup_0202,winner,9450.00,EUR,src_ted_opendata,file_ted_0057,lot_result:RES-0002/organisation:ORG-0005
asu_00158,awd_00160,sup_0203,winner,16337.40,EUR,src_ted_opendata,file_ted_0057,lot_result:RES-0003/organisation:ORG-0006
asu_00159,awd_00161,sup_0204,winner,540217.44,PLN,src_ted_opendata,file_ted_0058,lot_result:RES-0001/organisation:ORG-0005
asu_00160,awd_00162,sup_0205,winner,260150,EUR,src_ted_opendata,file_ted_0059,lot_result:RES-0001/organisation:ORG-0002
asu_00161,awd_00163,sup_0206,winner,1863676.83,PLN,src_ted_opendata,file_ted_0060,lot_result:RES-0001/organisation:ORG-0003
asu_00162,awd_00164,sup_0207,winner,19504930.00,HUF,src_ted_opendata,file_ted_0061,lot_result:RES-0001/organisation:ORG-0005
asu_00163,awd_00165,sup_0208,winner,100000.00,EUR,src_ted_opendata,file_ted_0062,lot_result:RES-0000/organisation:ORG-0004
asu_00164,awd_00166,sup_0209,winner,195000.00,EUR,src_ted_opendata,file_ted_0062,lot_result:RES-0001/organisation:ORG-0005
asu_00165,awd_00168,sup_0210,winner,434378.4,EUR,src_ted_opendata,file_ted_0064,lot_result:RES-0001/organisation:ORG-0003
asu_00166,awd_00169,sup_0211,winner,142270.92,EUR,src_ted_opendata,file_ted_0065,lot_result:RES-0001/organisation:ORG-0002
asu_00167,awd_00170,sup_0212,winner,,,src_ted_opendata,file_ted_0066,lot_result:RES-0001/organisation:ORG-0006
asu_00168,awd_00171,sup_0213,winner,4062510.72,PLN,src_ted_opendata,file_ted_0067,lot_result:RES-0001/organisation:ORG-0003
asu_00169,awd_00172,sup_0214,winner,124701660,PLN,src_ted_opendata,file_ted_0068,lot_result:RES-0001/organisation:ORG-0003
asu_00170,awd_00173,sup_0215,winner,,,src_ted_opendata,file_ted_0069,lot_result:RES-0001/organisation:ORG-0004
asu_00171,awd_00174,sup_0216,winner,3934999,EUR,src_ted_opendata,file_ted_0070,lot_result:RES-0001/organisation:ORG-0003
asu_00172,awd_00175,sup_0217,winner,507221,EUR,src_ted_opendata,file_ted_0071,lot_result:RES-0001/organisation:ORG-0003
asu_00173,awd_00176,sup_0218,winner,89649,EUR,src_ted_opendata,file_ted_0072,lot_result:RES-0001/organisation:ORG-0005
asu_00174,awd_00177,sup_0219,winner,116797.5,EUR,src_ted_opendata,file_ted_0072,lot_result:RES-0002/organisation:ORG-0004
asu_00175,awd_00178,sup_0218,winner,57985,EUR,src_ted_opendata,file_ted_0072,lot_result:RES-0003/organisation:ORG-0005
asu_00176,awd_00179,sup_0219,winner,50768,EUR,src_ted_opendata,file_ted_0072,lot_result:RES-0004/organisation:ORG-0004
asu_00177,awd_00180,sup_0218,winner,26216,EUR,src_ted_opendata,file_ted_0072,lot_result:RES-0005/organisation:ORG-0005
asu_00178,awd_00181,sup_0220,winner,339747.72,EUR,src_ted_opendata,file_ted_0073,lot_result:RES-0001/organisation:ORG-0005
asu_00179,awd_00182,sup_0221,winner,100000,EUR,src_ted_opendata,file_ted_0074,lot_result:RES-0001/organisation:ORG-0004
asu_00180,awd_00183,sup_0222,winner,400000,EUR,src_ted_opendata,file_ted_0074,lot_result:RES-0002/organisation:ORG-0005
asu_00181,awd_00184,sup_0223,winner,25000,EUR,src_ted_opendata,file_ted_0074,lot_result:RES-0003/organisation:ORG-0006
asu_00182,awd_00185,sup_0222,winner,20000,EUR,src_ted_opendata,file_ted_0074,lot_result:RES-0004/organisation:ORG-0005
asu_00183,awd_00186,sup_0222,winner,10000,EUR,src_ted_opendata,file_ted_0074,lot_result:RES-0005/organisation:ORG-0005
asu_00184,awd_00187,sup_0222,winner,20000,EUR,src_ted_opendata,file_ted_0074,lot_result:RES-0006/organisation:ORG-0005
asu_00185,awd_00188,sup_0222,winner,10000,EUR,src_ted_opendata,file_ted_0074,lot_result:RES-0007/organisation:ORG-0005
asu_00186,awd_00189,sup_0224,winner,10000,EUR,src_ted_opendata,file_ted_0074,lot_result:RES-0008/organisation:ORG-0007
asu_00187,awd_00190,sup_0222,winner,10000,EUR,src_ted_opendata,file_ted_0074,lot_result:RES-0009/organisation:ORG-0005
asu_00188,awd_00191,sup_0222,winner,30000,EUR,src_ted_opendata,file_ted_0074,lot_result:RES-0010/organisation:ORG-0005
asu_00189,awd_00192,sup_0222,winner,10000,EUR,src_ted_opendata,file_ted_0074,lot_result:RES-0011/organisation:ORG-0005
asu_00190,awd_00193,sup_0222,winner,30000,EUR,src_ted_opendata,file_ted_0074,lot_result:RES-0012/organisation:ORG-0005
asu_00191,awd_00194,sup_0222,winner,70000,EUR,src_ted_opendata,file_ted_0074,lot_result:RES-0013/organisation:ORG-0005
asu_00192,awd_00197,sup_0225,winner,241650.72,PLN,src_ted_opendata,file_ted_0076,lot_result:RES-0001/organisation:ORG-0003
asu_00193,awd_00198,sup_0122,winner,525000,PLN,src_ted_opendata,file_ted_0077,lot_result:RES-0001/organisation:ORG-0003
asu_00194,awd_00199,sup_0122,winner,380000,PLN,src_ted_opendata,file_ted_0077,lot_result:RES-0002/organisation:ORG-0003
asu_00195,awd_00200,sup_0122,winner,75000,PLN,src_ted_opendata,file_ted_0077,lot_result:RES-0003/organisation:ORG-0003
asu_00196,awd_00201,sup_0122,winner,333000,PLN,src_ted_opendata,file_ted_0077,lot_result:RES-0004/organisation:ORG-0003
asu_00197,awd_00202,sup_0122,winner,123000,PLN,src_ted_opendata,file_ted_0077,lot_result:RES-0005/organisation:ORG-0003
asu_00198,awd_00203,sup_0122,winner,58000,PLN,src_ted_opendata,file_ted_0077,lot_result:RES-0006/organisation:ORG-0003
asu_00199,awd_00204,sup_0122,winner,316000,PLN,src_ted_opendata,file_ted_0077,lot_result:RES-0007/organisation:ORG-0003
asu_00200,awd_00205,sup_0122,winner,325000,PLN,src_ted_opendata,file_ted_0077,lot_result:RES-0008/organisation:ORG-0003
asu_00201,awd_00206,sup_0122,winner,12900,PLN,src_ted_opendata,file_ted_0077,lot_result:RES-0009/organisation:ORG-0003
asu_00202,awd_00207,sup_0122,winner,115600,PLN,src_ted_opendata,file_ted_0077,lot_result:RES-0010/organisation:ORG-0003
asu_00203,awd_00208,sup_0122,winner,249600,PLN,src_ted_opendata,file_ted_0077,lot_result:RES-0011/organisation:ORG-0003
asu_00204,awd_00209,sup_0122,winner,149600,PLN,src_ted_opendata,file_ted_0077,lot_result:RES-0012/organisation:ORG-0003
asu_00205,awd_00210,sup_0122,winner,672000,PLN,src_ted_opendata,file_ted_0077,lot_result:RES-0013/organisation:ORG-0003
asu_00206,awd_00211,sup_0226,winner,,,src_ted_opendata,file_ted_0078,lot_result:RES-0001/organisation:ORG-0003
asu_00207,awd_00212,sup_0227,winner,,,src_ted_opendata,file_ted_0078,lot_result:RES-0002/organisation:ORG-0004
asu_00208,awd_00213,sup_0228,winner,2.07,EUR,src_ted_opendata,file_ted_0079,lot_result:RES-0000/organisation:ORG-0004
asu_00209,awd_00214,sup_0229,winner,,,src_ted_opendata,file_ted_0080,lot_result:RES-0000/organisation:ORG-0002
asu_00210,awd_00216,sup_0230,winner,224675,EUR,src_ted_opendata,file_ted_0082,lot_result:RES-0001/organisation:ORG-0003
asu_00211,awd_00216,sup_0231,winner,224675,EUR,src_ted_opendata,file_ted_0082,lot_result:RES-0001/organisation:ORG-0006
asu_00212,awd_00217,sup_0230,winner,224675,EUR,src_ted_opendata,file_ted_0082,lot_result:RES-0003/organisation:ORG-0003
asu_00213,awd_00217,sup_0231,winner,224675,EUR,src_ted_opendata,file_ted_0082,lot_result:RES-0003/organisation:ORG-0006
asu_00214,awd_00218,sup_0232,winner,4883411.7,EUR,src_ted_opendata,file_ted_0083,lot_result:RES-0001/organisation:ORG-0004
asu_00215,awd_00221,sup_0233,winner,96432.52,EUR,src_ted_opendata,file_ted_0084,lot_result:RES-0003/organisation:ORG-0004
asu_00216,awd_00223,sup_0234,winner,459126,EUR,src_ted_opendata,file_ted_0085,lot_result:RES-0001/organisation:ORG-0003
asu_00217,awd_00223,sup_0235,winner,459126,EUR,src_ted_opendata,file_ted_0085,lot_result:RES-0001/organisation:ORG-0004
asu_00218,awd_00224,sup_0236,winner,3236069080,PLN,src_ted_opendata,file_ted_0086,lot_result:RES-0001/organisation:ORG-0003
asu_00219,awd_00225,sup_0237,winner,22998.75,BGN,src_ted_opendata,file_ted_0087,lot_result:RES-0001/organisation:ORG-0003
asu_00220,awd_00227,sup_0238,winner,1289684.00,BGN,src_ted_opendata,file_ted_0089,lot_result:RES-0001/organisation:ORG-0003
asu_00221,awd_00228,sup_0239,winner,,,src_ted_opendata,file_ted_0090,lot_result:RES-0000/organisation:ORG-0002
asu_00222,awd_00229,sup_0240,winner,22425555,PLN,src_ted_opendata,file_ted_0091,lot_result:RES-0001/organisation:ORG-0003
asu_00223,awd_00230,sup_0241,winner,218725.98,PLN,src_ted_opendata,file_ted_0092,lot_result:RES-0001/organisation:ORG-0006
asu_00224,awd_00231,sup_0242,winner,,,src_ted_opendata,file_ted_0093,lot_result:RES-0001/organisation:ORG-0005
asu_00225,awd_00232,sup_0243,winner,866910.0,CHF,src_ted_opendata,file_ted_0094,lot_result:RES-0003/organisation:ORG-0010
asu_00226,awd_00234,sup_0244,winner,748832.84,PLN,src_ted_opendata,file_ted_0096,lot_result:RES-0001/organisation:ORG-0003
asu_00227,awd_00237,sup_0245,winner,194771.80,EUR,src_ted_opendata,file_ted_0099,lot_result:RES-0001/organisation:ORG-0003
asu_00228,awd_00239,sup_0246,winner,,,src_ted_opendata,file_ted_0101,lot_result:RES-0000/organisation:ORG-0004
asu_00229,awd_00251,sup_0247,winner,300000,EUR,src_ted_opendata,file_ted_0104,lot_result:RES-0001/organisation:ORG-0005
asu_00230,awd_00253,sup_0248,winner,57437000,CZK,src_ted_opendata,file_ted_0106,lot_result:RES-0001/organisation:ORG-0003
asu_00231,awd_00254,sup_0249,winner,899970,PLN,src_ted_opendata,file_ted_0107,lot_result:RES-0001/organisation:ORG-0003
asu_00232,awd_00255,sup_0250,winner,,,src_ted_opendata,file_ted_0108,lot_result:RES-0001/organisation:ORG-0005
asu_00233,awd_00256,sup_0251,winner,27634304.36,PLN,src_ted_opendata,file_ted_0109,lot_result:RES-0001/organisation:ORG-0004
asu_00234,awd_00258,sup_0252,winner,360000,EUR,src_ted_opendata,file_ted_0111,lot_result:RES-0001/organisation:ORG-0006
asu_00235,awd_00259,sup_0253,winner,108491.5,RON,src_ted_opendata,file_ted_0112,lot_result:RES-0000/organisation:ORG-9000
asu_00236,awd_00261,sup_0254,winner,501124.14,PLN,src_ted_opendata,file_ted_0114,lot_result:RES-0001/organisation:ORG-0003
asu_00237,awd_00261,sup_0255,winner,501124.14,PLN,src_ted_opendata,file_ted_0114,lot_result:RES-0001/organisation:ORG-0004
asu_00238,awd_00261,sup_0256,winner,501124.14,PLN,src_ted_opendata,file_ted_0114,lot_result:RES-0001/organisation:ORG-0005
asu_00239,awd_00261,sup_0257,winner,501124.14,PLN,src_ted_opendata,file_ted_0114,lot_result:RES-0001/organisation:ORG-0006
asu_00240,awd_00261,sup_0258,winner,501124.14,PLN,src_ted_opendata,file_ted_0114,lot_result:RES-0001/organisation:ORG-0007
asu_00241,awd_00262,sup_0254,winner,1078604.5,PLN,src_ted_opendata,file_ted_0114,lot_result:RES-0002/organisation:ORG-0003
asu_00242,awd_00262,sup_0255,winner,1078604.5,PLN,src_ted_opendata,file_ted_0114,lot_result:RES-0002/organisation:ORG-0004
asu_00243,awd_00262,sup_0256,winner,1078604.5,PLN,src_ted_opendata,file_ted_0114,lot_result:RES-0002/organisation:ORG-0005
asu_00244,awd_00262,sup_0257,winner,1078604.5,PLN,src_ted_opendata,file_ted_0114,lot_result:RES-0002/organisation:ORG-0006
asu_00245,awd_00262,sup_0258,winner,1078604.5,PLN,src_ted_opendata,file_ted_0114,lot_result:RES-0002/organisation:ORG-0007
asu_00246,awd_00263,sup_0254,winner,101104,PLN,src_ted_opendata,file_ted_0114,lot_result:RES-0003/organisation:ORG-0003
asu_00247,awd_00263,sup_0255,winner,101104,PLN,src_ted_opendata,file_ted_0114,lot_result:RES-0003/organisation:ORG-0004
asu_00248,awd_00263,sup_0256,winner,101104,PLN,src_ted_opendata,file_ted_0114,lot_result:RES-0003/organisation:ORG-0005
asu_00249,awd_00263,sup_0257,winner,101104,PLN,src_ted_opendata,file_ted_0114,lot_result:RES-0003/organisation:ORG-0006
asu_00250,awd_00263,sup_0258,winner,101104,PLN,src_ted_opendata,file_ted_0114,lot_result:RES-0003/organisation:ORG-0007
asu_00251,awd_00264,sup_0254,winner,71504,PLN,src_ted_opendata,file_ted_0114,lot_result:RES-0004/organisation:ORG-0003
asu_00252,awd_00264,sup_0255,winner,71504,PLN,src_ted_opendata,file_ted_0114,lot_result:RES-0004/organisation:ORG-0004
asu_00253,awd_00264,sup_0256,winner,71504,PLN,src_ted_opendata,file_ted_0114,lot_result:RES-0004/organisation:ORG-0005
asu_00254,awd_00264,sup_0257,winner,71504,PLN,src_ted_opendata,file_ted_0114,lot_result:RES-0004/organisation:ORG-0006
asu_00255,awd_00264,sup_0258,winner,71504,PLN,src_ted_opendata,file_ted_0114,lot_result:RES-0004/organisation:ORG-0007
asu_00256,awd_00265,sup_0254,winner,35900,PLN,src_ted_opendata,file_ted_0114,lot_result:RES-0005/organisation:ORG-0003
asu_00257,awd_00265,sup_0255,winner,35900,PLN,src_ted_opendata,file_ted_0114,lot_result:RES-0005/organisation:ORG-0004
asu_00258,awd_00265,sup_0256,winner,35900,PLN,src_ted_opendata,file_ted_0114,lot_result:RES-0005/organisation:ORG-0005
asu_00259,awd_00265,sup_0257,winner,35900,PLN,src_ted_opendata,file_ted_0114,lot_result:RES-0005/organisation:ORG-0006
asu_00260,awd_00265,sup_0258,winner,35900,PLN,src_ted_opendata,file_ted_0114,lot_result:RES-0005/organisation:ORG-0007
asu_00261,awd_00266,sup_0179,winner,348911.6,PLN,src_ted_opendata,file_ted_0115,lot_result:RES-0001/organisation:ORG-0003
asu_00262,awd_00267,sup_0179,winner,1492.8,PLN,src_ted_opendata,file_ted_0115,lot_result:RES-0002/organisation:ORG-0003
asu_00263,awd_00268,sup_0179,winner,278256,PLN,src_ted_opendata,file_ted_0115,lot_result:RES-0003/organisation:ORG-0003
asu_00264,awd_00269,sup_0179,winner,156519.2,PLN,src_ted_opendata,file_ted_0115,lot_result:RES-0004/organisation:ORG-0003
asu_00265,awd_00270,sup_0179,winner,2014.5,PLN,src_ted_opendata,file_ted_0115,lot_result:RES-0005/organisation:ORG-0003
asu_00266,awd_00271,sup_0179,winner,773692,PLN,src_ted_opendata,file_ted_0115,lot_result:RES-0006/organisation:ORG-0003
asu_00267,awd_00272,sup_0179,winner,153769.9,PLN,src_ted_opendata,file_ted_0115,lot_result:RES-0007/organisation:ORG-0003
asu_00268,awd_00273,sup_0179,winner,218749.95,PLN,src_ted_opendata,file_ted_0115,lot_result:RES-0008/organisation:ORG-0003
asu_00269,awd_00274,sup_0179,winner,103920,PLN,src_ted_opendata,file_ted_0115,lot_result:RES-0009/organisation:ORG-0003
asu_00270,awd_00275,sup_0179,winner,80754,PLN,src_ted_opendata,file_ted_0115,lot_result:RES-0010/organisation:ORG-0003
asu_00271,awd_00276,sup_0179,winner,1825000.5,PLN,src_ted_opendata,file_ted_0115,lot_result:RES-0011/organisation:ORG-0003
asu_00272,awd_00277,sup_0179,winner,181308.8,PLN,src_ted_opendata,file_ted_0115,lot_result:RES-0012/organisation:ORG-0003
asu_00273,awd_00278,sup_0179,winner,11957,PLN,src_ted_opendata,file_ted_0115,lot_result:RES-0013/organisation:ORG-0003
asu_00274,awd_00279,sup_0179,winner,49716,PLN,src_ted_opendata,file_ted_0115,lot_result:RES-0014/organisation:ORG-0003
asu_00275,awd_00280,sup_0259,winner,,,src_ted_opendata,file_ted_0116,lot_result:RES-0001/organisation:ORG-0004
asu_00276,awd_00281,sup_0260,winner,2328350.3,PLN,src_ted_opendata,file_ted_0117,lot_result:RES-0001/organisation:ORG-0003
asu_00277,awd_00282,sup_0260,winner,22827007,PLN,src_ted_opendata,file_ted_0117,lot_result:RES-0002/organisation:ORG-0003
asu_00278,awd_00283,sup_0261,winner,2362892,PLN,src_ted_opendata,file_ted_0117,lot_result:RES-0003/organisation:ORG-0005
asu_00279,awd_00284,sup_0262,winner,731026,PLN,src_ted_opendata,file_ted_0117,lot_result:RES-0004/organisation:ORG-0006
asu_00280,awd_00285,sup_0263,winner,311920,PLN,src_ted_opendata,file_ted_0117,lot_result:RES-0005/organisation:ORG-0007
asu_00281,awd_00286,sup_0260,winner,786421,PLN,src_ted_opendata,file_ted_0117,lot_result:RES-0006/organisation:ORG-0003
asu_00282,awd_00287,sup_0263,winner,481249.5,PLN,src_ted_opendata,file_ted_0117,lot_result:RES-0007/organisation:ORG-0007
asu_00283,awd_00288,sup_0263,winner,1546296,PLN,src_ted_opendata,file_ted_0117,lot_result:RES-0008/organisation:ORG-0007
asu_00284,awd_00289,sup_0178,winner,6242,PLN,src_ted_opendata,file_ted_0117,lot_result:RES-0009/organisation:ORG-0004
asu_00285,awd_00291,sup_0264,winner,190500,EUR,src_ted_opendata,file_ted_0119,lot_result:RES-0000/organisation:ORG-0004
asu_00286,awd_00292,sup_0265,winner,459342,PLN,src_ted_opendata,file_ted_0120,lot_result:RES-0001/organisation:ORG-0008
asu_00287,awd_00293,sup_0266,winner,28736.46,PLN,src_ted_opendata,file_ted_0120,lot_result:RES-0002/organisation:ORG-0006
asu_00288,awd_00294,sup_0266,winner,1548372,PLN,src_ted_opendata,file_ted_0120,lot_result:RES-0003/organisation:ORG-0006
asu_00289,awd_00295,sup_0267,winner,79473,PLN,src_ted_opendata,file_ted_0120,lot_result:RES-0004/organisation:ORG-0007
asu_00290,awd_00296,sup_0268,winner,345624.34,PLN,src_ted_opendata,file_ted_0121,lot_result:RES-0001/organisation:ORG-0017
asu_00291,awd_00297,sup_0268,winner,777562,PLN,src_ted_opendata,file_ted_0121,lot_result:RES-0002/organisation:ORG-0017
asu_00292,awd_00298,sup_0269,winner,8436309,PLN,src_ted_opendata,file_ted_0121,lot_result:RES-0003/organisation:ORG-0005
asu_00293,awd_00299,sup_0268,winner,53600.4,PLN,src_ted_opendata,file_ted_0121,lot_result:RES-0004/organisation:ORG-0017
asu_00294,awd_00300,sup_0270,winner,5839970,PLN,src_ted_opendata,file_ted_0121,lot_result:RES-0005/organisation:ORG-0006
asu_00295,awd_00301,sup_0271,winner,603656,PLN,src_ted_opendata,file_ted_0121,lot_result:RES-0006/organisation:ORG-0007
asu_00296,awd_00302,sup_0272,winner,24007070,PLN,src_ted_opendata,file_ted_0121,lot_result:RES-0007/organisation:ORG-0014
asu_00297,awd_00303,sup_0269,winner,9521047,PLN,src_ted_opendata,file_ted_0121,lot_result:RES-0008/organisation:ORG-0005
asu_00298,awd_00304,sup_0273,winner,102500,PLN,src_ted_opendata,file_ted_0121,lot_result:RES-0009/organisation:ORG-0009
asu_00299,awd_00305,sup_0268,winner,354600,PLN,src_ted_opendata,file_ted_0121,lot_result:RES-0010/organisation:ORG-0017
asu_00300,awd_00309,sup_0274,winner,16780.00,BGN,src_ted_opendata,file_ted_0122,lot_result:RES-0001/organisation:ORG-0003
asu_00301,awd_00310,sup_0275,winner,66900,EUR,src_ted_opendata,file_ted_0123,lot_result:RES-0001/organisation:ORG-0003
asu_00302,awd_00311,sup_0276,winner,33000,PLN,src_ted_opendata,file_ted_0124,lot_result:RES-0001/organisation:ORG-0003
asu_00303,awd_00312,sup_0277,winner,63660,PLN,src_ted_opendata,file_ted_0124,lot_result:RES-0002/organisation:ORG-0004
asu_00304,awd_00313,sup_0278,winner,65750,PLN,src_ted_opendata,file_ted_0124,lot_result:RES-0003/organisation:ORG-0005
asu_00305,awd_00314,sup_0279,winner,89500,PLN,src_ted_opendata,file_ted_0124,lot_result:RES-0004/organisation:ORG-0006
asu_00306,awd_00317,sup_0280,winner,85930,PLN,src_ted_opendata,file_ted_0124,lot_result:RES-0007/organisation:ORG-0007
asu_00307,awd_00318,sup_0281,winner,9207,PLN,src_ted_opendata,file_ted_0124,lot_result:RES-0008/organisation:ORG-0008
asu_00308,awd_00319,sup_0282,winner,64500,PLN,src_ted_opendata,file_ted_0124,lot_result:RES-0009/organisation:ORG-0009
asu_00309,awd_00320,sup_0282,winner,2350,PLN,src_ted_opendata,file_ted_0124,lot_result:RES-0010/organisation:ORG-0009
asu_00310,awd_00321,sup_0283,winner,65250,PLN,src_ted_opendata,file_ted_0124,lot_result:RES-0011/organisation:ORG-0010
asu_00311,awd_00322,sup_0282,winner,41940,PLN,src_ted_opendata,file_ted_0124,lot_result:RES-0012/organisation:ORG-0009
asu_00312,awd_00323,sup_0277,winner,1097.5,PLN,src_ted_opendata,file_ted_0124,lot_result:RES-0013/organisation:ORG-0004
asu_00313,awd_00324,sup_0284,winner,140000,PLN,src_ted_opendata,file_ted_0124,lot_result:RES-0014/organisation:ORG-0015
asu_00314,awd_00327,sup_0285,winner,98500,PLN,src_ted_opendata,file_ted_0124,lot_result:RES-0017/organisation:ORG-0011
asu_00315,awd_00328,sup_0286,winner,134850,PLN,src_ted_opendata,file_ted_0124,lot_result:RES-0018/organisation:ORG-0012
asu_00316,awd_00329,sup_0287,winner,166500,PLN,src_ted_opendata,file_ted_0124,lot_result:RES-0019/organisation:ORG-0013
asu_00317,awd_00330,sup_0288,winner,1860,PLN,src_ted_opendata,file_ted_0124,lot_result:RES-0020/organisation:ORG-0014
asu_00318,awd_00331,sup_0289,winner,3769500.00,HUF,src_ted_opendata,file_ted_0125,lot_result:RES-0001/organisation:ORG-0003
asu_00319,awd_00332,sup_0290,winner,11838000.00,HUF,src_ted_opendata,file_ted_0125,lot_result:RES-0002/organisation:ORG-0005
asu_00320,awd_00333,sup_0291,winner,1248000.00,HUF,src_ted_opendata,file_ted_0125,lot_result:RES-0003/organisation:ORG-0007
asu_00321,awd_00334,sup_0291,winner,2479200.00,HUF,src_ted_opendata,file_ted_0125,lot_result:RES-0004/organisation:ORG-0007
asu_00322,awd_00335,sup_0294,winner,358351.15,EUR,src_ted_opendata,file_ted_0126,lot_result:RES-0001/organisation:ORG-0002
asu_00323,awd_00337,sup_0295,winner,292471,EUR,src_ted_opendata,file_ted_0127,lot_result:RES-0002/organisation:ORG-0004
asu_00324,awd_00338,sup_0296,winner,393879,EUR,src_ted_opendata,file_ted_0127,lot_result:RES-0003/organisation:ORG-0005
asu_00325,awd_00339,sup_0296,winner,19173,EUR,src_ted_opendata,file_ted_0127,lot_result:RES-0004/organisation:ORG-0005
asu_00326,awd_00340,sup_0297,winner,179748,EUR,src_ted_opendata,file_ted_0127,lot_result:RES-0005/organisation:ORG-0006
asu_00327,awd_00341,sup_0298,winner,1872,EUR,src_ted_opendata,file_ted_0127,lot_result:RES-0006/organisation:ORG-0007
asu_00328,awd_00343,sup_0299,winner,20000,EUR,src_ted_opendata,file_ted_0128,lot_result:RES-0001/organisation:ORG-0004
asu_00329,awd_00344,sup_0300,winner,20000,EUR,src_ted_opendata,file_ted_0128,lot_result:RES-0002/organisation:ORG-0005
asu_00330,awd_00346,sup_0301,winner,60000,EUR,src_ted_opendata,file_ted_0128,lot_result:RES-0004/organisation:ORG-0006
asu_00331,awd_00347,sup_0302,winner,80000,EUR,src_ted_opendata,file_ted_0128,lot_result:RES-0005/organisation:ORG-0007
asu_00332,awd_00348,sup_0303,winner,80000,EUR,src_ted_opendata,file_ted_0128,lot_result:RES-0006/organisation:ORG-0008
asu_00333,awd_00349,sup_0304,winner,280000,EUR,src_ted_opendata,file_ted_0128,lot_result:RES-0007/organisation:ORG-0009
asu_00334,awd_00350,sup_0305,winner,100000,EUR,src_ted_opendata,file_ted_0128,lot_result:RES-0008/organisation:ORG-0010
asu_00335,awd_00351,sup_0306,winner,8079231.6,PLN,src_ted_opendata,file_ted_0129,lot_result:RES-0001/organisation:ORG-0003
asu_00336,awd_00352,sup_0307,winner,64605.26,EUR,src_ted_opendata,file_ted_0130,lot_result:RES-0001/organisation:ORG-0005
asu_00337,awd_00353,sup_0308,winner,28395.9,EUR,src_ted_opendata,file_ted_0130,lot_result:RES-0002/organisation:ORG-0006
asu_00338,awd_00354,sup_0309,winner,80236.16,EUR,src_ted_opendata,file_ted_0130,lot_result:RES-0003/organisation:ORG-0007
asu_00339,awd_00357,sup_0310,winner,270804.44,PLN,src_ted_opendata,file_ted_0131,lot_result:RES-0002/organisation:ORG-0003
asu_00340,awd_00358,sup_0311,winner,4624,PLN,src_ted_opendata,file_ted_0131,lot_result:RES-0003/organisation:ORG-0004
asu_00341,awd_00359,sup_0312,winner,,,src_ted_opendata,file_ted_0132,lot_result:RES-0001/organisation:ORG-0003
asu_00342,awd_00360,sup_0313,winner,,,src_ted_opendata,file_ted_0133,lot_result:RES-0001/organisation:ORG-0003
asu_00343,awd_00361,sup_0315,winner,12572,RON,src_ted_opendata,file_ted_0134,lot_result:RES-0000/organisation:ORG-9000
asu_00344,awd_00363,sup_0316,winner,6396,EUR,src_ted_opendata,file_ted_0135,lot_result:RES-0002/organisation:ORG-0006
asu_00345,awd_00364,sup_0317,winner,25597.8,EUR,src_ted_opendata,file_ted_0135,lot_result:RES-0003/organisation:ORG-0004
asu_00346,awd_00366,sup_0318,winner,17144.67,EUR,src_ted_opendata,file_ted_0135,lot_result:RES-0005/organisation:ORG-0005
asu_00347,awd_00370,sup_0319,winner,279859.80,EUR,src_ted_opendata,file_ted_0137,lot_result:RES-0001/organisation:ORG-0005
asu_00348,awd_00374,sup_0320,winner,800000,EUR,src_ted_opendata,file_ted_0138,lot_result:RES-0003/organisation:ORG-0005
asu_00349,awd_00375,sup_0321,winner,120686.18,PLN,src_ted_opendata,file_ted_0139,lot_result:RES-0001/organisation:ORG-0002
asu_00350,awd_00376,sup_0321,winner,124119.26,PLN,src_ted_opendata,file_ted_0139,lot_result:RES-0011/organisation:ORG-0002
asu_00351,awd_00377,sup_0321,winner,136133.33,PLN,src_ted_opendata,file_ted_0139,lot_result:RES-0012/organisation:ORG-0002
asu_00352,awd_00378,sup_0321,winner,200000,PLN,src_ted_opendata,file_ted_0139,lot_result:RES-0013/organisation:ORG-0002
asu_00353,awd_00379,sup_0321,winner,58897,PLN,src_ted_opendata,file_ted_0139,lot_result:RES-0014/organisation:ORG-0002
asu_00354,awd_00380,sup_0321,winner,132249,PLN,src_ted_opendata,file_ted_0139,lot_result:RES-0015/organisation:ORG-0002
asu_00355,awd_00381,sup_0321,winner,124119.26,PLN,src_ted_opendata,file_ted_0139,lot_result:RES-0016/organisation:ORG-0002
asu_00356,awd_00382,sup_0321,winner,63676,PLN,src_ted_opendata,file_ted_0139,lot_result:RES-0017/organisation:ORG-0002
asu_00357,awd_00383,sup_0322,winner,5563728,PLN,src_ted_opendata,file_ted_0140,lot_result:RES-0001/organisation:ORG-0003
asu_00358,awd_00384,sup_0323,winner,,,src_ted_opendata,file_ted_0141,lot_result:RES-0001/organisation:ORG-0005
asu_00359,awd_00385,sup_0275,winner,33600,EUR,src_ted_opendata,file_ted_0142,lot_result:RES-0001/organisation:ORG-0003
asu_00360,awd_00387,sup_0324,winner,100000,EUR,src_ted_opendata,file_ted_0144,lot_result:RES-0001/organisation:ORG-0003
asu_00361,awd_00388,sup_0184,winner,10115,RON,src_ted_opendata,file_ted_0145,lot_result:RES-0014/organisation:ORG-9002
asu_00362,awd_00389,sup_0184,winner,313704,RON,src_ted_opendata,file_ted_0145,lot_result:RES-0001/organisation:ORG-9002
asu_00363,awd_00390,sup_0184,winner,133571.5,RON,src_ted_opendata,file_ted_0145,lot_result:RES-0003/organisation:ORG-9002
asu_00364,awd_00391,sup_0184,winner,36909,RON,src_ted_opendata,file_ted_0145,lot_result:RES-0017/organisation:ORG-9002
asu_00365,awd_00392,sup_0184,winner,247310,RON,src_ted_opendata,file_ted_0145,lot_result:RES-0002/organisation:ORG-9002
asu_00366,awd_00393,sup_0184,winner,189698.35,RON,src_ted_opendata,file_ted_0145,lot_result:RES-0015/organisation:ORG-9002
asu_00367,awd_00394,sup_0184,winner,348431.66,RON,src_ted_opendata,file_ted_0145,lot_result:RES-0006/organisation:ORG-9002
asu_00368,awd_00395,sup_0184,winner,30498,RON,src_ted_opendata,file_ted_0145,lot_result:RES-0011/organisation:ORG-9002
asu_00369,awd_00396,sup_0325,winner,230162.2,RON,src_ted_opendata,file_ted_0145,lot_result:RES-0016/organisation:ORG-9004
asu_00370,awd_00397,sup_0326,winner,32470,RON,src_ted_opendata,file_ted_0145,lot_result:RES-0009/organisation:ORG-9001
asu_00371,awd_00398,sup_0326,winner,58382.8,RON,src_ted_opendata,file_ted_0145,lot_result:RES-0012/organisation:ORG-9001
asu_00372,awd_00399,sup_0326,winner,117798,RON,src_ted_opendata,file_ted_0145,lot_result:RES-0010/organisation:ORG-9001
asu_00373,awd_00400,sup_0189,winner,262887.5,RON,src_ted_opendata,file_ted_0145,lot_result:RES-0008/organisation:ORG-9003
asu_00374,awd_00401,sup_0327,winner,508811.8,RON,src_ted_opendata,file_ted_0145,lot_result:RES-0004/organisation:ORG-9000
asu_00375,awd_00406,sup_0275,winner,68388,EUR,src_ted_opendata,file_ted_0146,lot_result:RES-0001/organisation:ORG-0003
asu_00376,awd_00407,sup_0328,winner,153259.69,EUR,src_ted_opendata,file_ted_0147,lot_result:RES-0001/organisation:ORG-0003
asu_00377,awd_00409,sup_0329,winner,1003622.4,PLN,src_ted_opendata,file_ted_0148,lot_result:RES-0002/organisation:ORG-0003
asu_00378,awd_00410,sup_0330,winner,1542636.06,PLN,src_ted_opendata,file_ted_0149,lot_result:RES-0001/organisation:ORG-0003
asu_00379,awd_00411,sup_0331,winner,754126.5,PLN,src_ted_opendata,file_ted_0150,lot_result:RES-0001/organisation:ORG-0003
asu_00380,awd_00412,sup_0332,winner,135000,PLN,src_ted_opendata,file_ted_0150,lot_result:RES-0002/organisation:ORG-0004
asu_00381,awd_00414,sup_0333,winner,1390000,PLN,src_ted_opendata,file_ted_0151,lot_result:RES-0001/organisation:ORG-0003
asu_00382,awd_00415,sup_0334,winner,62999.96,EUR,src_ted_opendata,file_ted_0152,lot_result:RES-0001/organisation:ORG-0002
asu_00383,awd_00416,sup_0335,winner,414700,EUR,src_ted_opendata,file_ted_0152,lot_result:RES-0002/organisation:ORG-0003
asu_00384,awd_00417,sup_0336,winner,63248,EUR,src_ted_opendata,file_ted_0152,lot_result:RES-0003/organisation:ORG-0004
asu_00385,awd_00419,sup_0337,winner,1840000,EUR,src_ted_opendata,file_ted_0154,lot_result:RES-0001/organisation:ORG-0006
asu_00386,awd_00420,sup_0338,winner,1840000,EUR,src_ted_opendata,file_ted_0154,lot_result:RES-0002/organisation:ORG-0007
asu_00387,awd_00421,sup_0339,winner,353760,EUR,src_ted_opendata,file_ted_0155,lot_result:RES-0001/organisation:ORG-0004
asu_00388,awd_00423,sup_0340,winner,705336.00,PLN,src_ted_opendata,file_ted_0157,lot_result:RES-0001/organisation:ORG-0004
asu_00389,awd_00423,sup_0341,winner,705336.00,PLN,src_ted_opendata,file_ted_0157,lot_result:RES-0001/organisation:ORG-0005
asu_00390,awd_00423,sup_0342,winner,705336.00,PLN,src_ted_opendata,file_ted_0157,lot_result:RES-0001/organisation:ORG-0006
asu_00391,awd_00424,sup_0343,winner,356273.62,EUR,src_ted_opendata,file_ted_0158,lot_result:RES-0001/organisation:ORG-0002
asu_00392,awd_00425,sup_0344,winner,2151360,RON,src_ted_opendata,file_ted_0159,lot_result:RES-0000/organisation:ORG-9000
asu_00393,awd_00426,sup_0346,winner,5000.0000,EUR,src_ted_opendata,file_ted_0160,lot_result:RES-0000/organisation:ORG-0003
asu_00394,awd_00427,sup_0347,winner,319900,CZK,src_ted_opendata,file_ted_0161,lot_result:RES-0001/organisation:ORG-0003
asu_00395,awd_00428,sup_0348,winner,941707.79,EUR,src_ted_opendata,file_ted_0162,lot_result:RES-0001/organisation:ORG-0002
asu_00396,awd_00429,sup_0349,winner,1750.000000,BGN,src_ted_opendata,file_ted_0163,lot_result:RES-0001/organisation:ORG-0003
asu_00397,awd_00430,sup_0349,winner,2100.000000,BGN,src_ted_opendata,file_ted_0163,lot_result:RES-0002/organisation:ORG-0003
asu_00398,awd_00431,sup_0350,winner,12500.000000,BGN,src_ted_opendata,file_ted_0163,lot_result:RES-0003/organisation:ORG-0004
asu_00399,awd_00432,sup_0350,winner,515.000000,BGN,src_ted_opendata,file_ted_0163,lot_result:RES-0004/organisation:ORG-0004
asu_00400,awd_00433,sup_0351,winner,291600,PLN,src_ted_opendata,file_ted_0164,lot_result:RES-0001/organisation:ORG-0003
asu_00401,awd_00434,sup_0351,winner,226800,PLN,src_ted_opendata,file_ted_0164,lot_result:RES-0002/organisation:ORG-0003
asu_00402,awd_00435,sup_0352,winner,104976,PLN,src_ted_opendata,file_ted_0164,lot_result:RES-0003/organisation:ORG-0004
asu_00403,awd_00436,sup_0353,winner,239567.01,PLN,src_ted_opendata,file_ted_0164,lot_result:RES-0004/organisation:ORG-0005
asu_00404,awd_00437,sup_0354,winner,53028,PLN,src_ted_opendata,file_ted_0164,lot_result:RES-0005/organisation:ORG-0006
asu_00405,awd_00438,sup_0355,winner,2295,PLN,src_ted_opendata,file_ted_0164,lot_result:RES-0006/organisation:ORG-0007
asu_00406,awd_00440,sup_0356,winner,9899.99,PLN,src_ted_opendata,file_ted_0164,lot_result:RES-0008/organisation:ORG-0008
asu_00407,awd_00441,sup_0354,winner,16092,PLN,src_ted_opendata,file_ted_0164,lot_result:RES-0009/organisation:ORG-0006
asu_00408,awd_00442,sup_0357,winner,3799.66,PLN,src_ted_opendata,file_ted_0164,lot_result:RES-0010/organisation:ORG-0009
asu_00409,awd_00443,sup_0358,winner,39599.99,PLN,src_ted_opendata,file_ted_0164,lot_result:RES-0011/organisation:ORG-0010
asu_00410,awd_00444,sup_0359,winner,27748.8,PLN,src_ted_opendata,file_ted_0164,lot_result:RES-0012/organisation:ORG-0011
asu_00411,awd_00445,sup_0357,winner,104976,PLN,src_ted_opendata,file_ted_0164,lot_result:RES-0013/organisation:ORG-0009
asu_00412,awd_00446,sup_0358,winner,104976,PLN,src_ted_opendata,file_ted_0164,lot_result:RES-0014/organisation:ORG-0010
asu_00413,awd_00448,sup_0360,winner,3648365.00,EUR,src_ted_opendata,file_ted_0166,lot_result:RES-0001/organisation:ORG-0003
asu_00414,awd_00449,sup_0361,winner,2201766.00,EUR,src_ted_opendata,file_ted_0167,lot_result:RES-0001/organisation:ORG-0005
asu_00415,awd_00450,sup_0331,winner,25789.25,PLN,src_ted_opendata,file_ted_0168,lot_result:RES-0001/organisation:ORG-0015
asu_00416,awd_00451,sup_0362,winner,248793.2,PLN,src_ted_opendata,file_ted_0168,lot_result:RES-0002/organisation:ORG-0007
asu_00417,awd_00452,sup_0332,winner,461640.84,PLN,src_ted_opendata,file_ted_0168,lot_result:RES-0003/organisation:ORG-0003
asu_00418,awd_00453,sup_0332,winner,924880,PLN,src_ted_opendata,file_ted_0168,lot_result:RES-0004/organisation:ORG-0003
asu_00419,awd_00454,sup_0332,winner,231000,PLN,src_ted_opendata,file_ted_0168,lot_result:RES-0005/organisation:ORG-0003
asu_00420,awd_00455,sup_0331,winner,2298,PLN,src_ted_opendata,file_ted_0168,lot_result:RES-0006/organisation:ORG-0015
asu_00421,awd_00456,sup_0179,winner,600,PLN,src_ted_opendata,file_ted_0168,lot_result:RES-0007/organisation:ORG-0014
asu_00422,awd_00457,sup_0363,winner,260870.4,PLN,src_ted_opendata,file_ted_0168,lot_result:RES-0008/organisation:ORG-0012
asu_00423,awd_00458,sup_0332,winner,194400,PLN,src_ted_opendata,file_ted_0168,lot_result:RES-0009/organisation:ORG-0003
asu_00424,awd_00459,sup_0364,winner,32800,PLN,src_ted_opendata,file_ted_0168,lot_result:RES-0010/organisation:ORG-0008
asu_00425,awd_00460,sup_0124,winner,123365,PLN,src_ted_opendata,file_ted_0168,lot_result:RES-0011/organisation:ORG-0009
asu_00426,awd_00461,sup_0365,winner,100000,PLN,src_ted_opendata,file_ted_0168,lot_result:RES-0012/organisation:ORG-0004
asu_00427,awd_00462,sup_0179,winner,30000,PLN,src_ted_opendata,file_ted_0168,lot_result:RES-0013/organisation:ORG-0014
asu_00428,awd_00463,sup_0332,winner,62000,PLN,src_ted_opendata,file_ted_0168,lot_result:RES-0014/organisation:ORG-0003
asu_00429,awd_00464,sup_0332,winner,1651.2,PLN,src_ted_opendata,file_ted_0168,lot_result:RES-0015/organisation:ORG-0003
asu_00430,awd_00465,sup_0179,winner,35390,PLN,src_ted_opendata,file_ted_0168,lot_result:RES-0016/organisation:ORG-0014
asu_00431,awd_00466,sup_0364,winner,220740,PLN,src_ted_opendata,file_ted_0168,lot_result:RES-0017/organisation:ORG-0008
asu_00432,awd_00467,sup_0331,winner,38536.5,PLN,src_ted_opendata,file_ted_0168,lot_result:RES-0018/organisation:ORG-0015
asu_00433,awd_00469,sup_0332,winner,40,PLN,src_ted_opendata,file_ted_0168,lot_result:RES-0020/organisation:ORG-0003
asu_00434,awd_00470,sup_0331,winner,45969.6,PLN,src_ted_opendata,file_ted_0168,lot_result:RES-0021/organisation:ORG-0015
asu_00435,awd_00471,sup_0124,winner,117600,PLN,src_ted_opendata,file_ted_0168,lot_result:RES-0022/organisation:ORG-0009
asu_00436,awd_00472,sup_0331,winner,85050,PLN,src_ted_opendata,file_ted_0168,lot_result:RES-0023/organisation:ORG-0015
asu_00437,awd_00473,sup_0366,winner,56392,PLN,src_ted_opendata,file_ted_0168,lot_result:RES-0024/organisation:ORG-0011
asu_00438,awd_00474,sup_0332,winner,129466.68,PLN,src_ted_opendata,file_ted_0168,lot_result:RES-0025/organisation:ORG-0003
asu_00439,awd_00475,sup_0178,winner,1534001.3,PLN,src_ted_opendata,file_ted_0168,lot_result:RES-0026/organisation:ORG-0010
asu_00440,awd_00476,sup_0367,winner,77175,PLN,src_ted_opendata,file_ted_0168,lot_result:RES-0027/organisation:ORG-0013
asu_00441,awd_00477,sup_0179,winner,48282778,PLN,src_ted_opendata,file_ted_0168,lot_result:RES-0028/organisation:ORG-0014
asu_00442,awd_00478,sup_0332,winner,9029574,PLN,src_ted_opendata,file_ted_0168,lot_result:RES-0029/organisation:ORG-0003
asu_00443,awd_00479,sup_0332,winner,1814253.6,PLN,src_ted_opendata,file_ted_0168,lot_result:RES-0030/organisation:ORG-0003
asu_00444,awd_00480,sup_0368,winner,5581112,PLN,src_ted_opendata,file_ted_0168,lot_result:RES-0031/organisation:ORG-0006
asu_00445,awd_00481,sup_0369,winner,2919251.2,PLN,src_ted_opendata,file_ted_0168,lot_result:RES-0032/organisation:ORG-0005
asu_00446,awd_00482,sup_0370,winner,43124.4,EUR,src_ted_opendata,file_ted_0169,lot_result:RES-0001/organisation:ORG-0002
asu_00447,awd_00483,sup_0371,winner,33323.4,EUR,src_ted_opendata,file_ted_0169,lot_result:RES-0002/organisation:ORG-0003
asu_00448,awd_00484,sup_0371,winner,32670,EUR,src_ted_opendata,file_ted_0169,lot_result:RES-0003/organisation:ORG-0004
asu_00449,awd_00485,sup_0372,winner,10140,RON,src_ted_opendata,file_ted_0170,lot_result:RES-0001/organisation:ORG-9008
asu_00450,awd_00486,sup_0373,winner,20990.5,RON,src_ted_opendata,file_ted_0170,lot_result:RES-0005/organisation:ORG-9000
asu_00451,awd_00487,sup_0374,winner,69381,RON,src_ted_opendata,file_ted_0170,lot_result:RES-0006/organisation:ORG-9007
asu_00452,awd_00488,sup_0375,winner,77850,RON,src_ted_opendata,file_ted_0170,lot_result:RES-0003/organisation:ORG-9005
asu_00453,awd_00489,sup_0376,winner,14040,RON,src_ted_opendata,file_ted_0170,lot_result:RES-0002/organisation:ORG-9004
asu_00454,awd_00490,sup_0377,winner,3400,RON,src_ted_opendata,file_ted_0170,lot_result:RES-0004/organisation:ORG-9009
asu_00455,awd_00491,sup_0373,winner,11565,RON,src_ted_opendata,file_ted_0170,lot_result:RES-0008/organisation:ORG-9000
asu_00456,awd_00492,sup_0373,winner,45000,RON,src_ted_opendata,file_ted_0170,lot_result:RES-0007/organisation:ORG-9000
asu_00457,awd_00493,sup_0143,winner,1197,EUR,src_ted_opendata,file_ted_0171,lot_result:RES-0001/organisation:ORG-0004
asu_00458,awd_00495,sup_0383,winner,273500.0000,EUR,src_ted_opendata,file_ted_0173,lot_result:RES-0000/organisation:ORG-0003
asu_00459,awd_00496,sup_0384,winner,114160,EUR,src_ted_opendata,file_ted_0174,lot_result:RES-0001/organisation:ORG-0003
asu_00460,awd_00497,sup_0385,winner,558375.31,EUR,src_ted_opendata,file_ted_0174,lot_result:RES-0002/organisation:ORG-0004
asu_00461,awd_00499,sup_0386,winner,3817303,CZK,src_ted_opendata,file_ted_0176,lot_result:RES-0001/organisation:ORG-0004
asu_00462,awd_00500,sup_0387,winner,20520,EUR,src_ted_opendata,file_ted_0177,lot_result:RES-0001/organisation:ORG-0003
asu_00463,awd_00501,sup_0388,winner,,,src_ted_opendata,file_ted_0178,lot_result:RES-0001/organisation:ORG-0003
asu_00464,awd_00502,sup_0389,winner,,,src_ted_opendata,file_ted_0179,lot_result:RES-0001/organisation:ORG-0003
asu_00465,awd_00503,sup_0390,winner,1348495.2,EUR,src_ted_opendata,file_ted_0180,lot_result:RES-0000/organisation:ORG-0004
asu_00466,awd_00504,sup_0296,winner,108338,EUR,src_ted_opendata,file_ted_0181,lot_result:RES-0001/organisation:ORG-0002
asu_00467,awd_00505,sup_0391,winner,641946.04,EUR,src_ted_opendata,file_ted_0182,lot_result:RES-0001/organisation:ORG-0006
asu_00468,awd_00506,sup_0392,winner,334713.36,RON,src_ted_opendata,file_ted_0183,lot_result:RES-0002/organisation:ORG-9001
asu_00469,awd_00507,sup_0393,winner,192005.04,RON,src_ted_opendata,file_ted_0183,lot_result:RES-0001/organisation:ORG-9002
asu_00470,awd_00508,sup_0392,winner,227787.84,RON,src_ted_opendata,file_ted_0183,lot_result:RES-0003/organisation:ORG-9001
asu_00471,awd_00509,sup_0392,winner,233987.04,RON,src_ted_opendata,file_ted_0183,lot_result:RES-0004/organisation:ORG-9001
asu_00472,awd_00510,sup_0394,winner,245852.88,RON,src_ted_opendata,file_ted_0183,lot_result:RES-0005/organisation:ORG-9000
asu_00473,awd_00511,sup_0395,winner,37800,PLN,src_ted_opendata,file_ted_0184,lot_result:RES-0001/organisation:ORG-0003
asu_00474,awd_00512,sup_0395,winner,40000,PLN,src_ted_opendata,file_ted_0184,lot_result:RES-0002/organisation:ORG-0003
asu_00475,awd_00513,sup_0395,winner,2500,PLN,src_ted_opendata,file_ted_0184,lot_result:RES-0003/organisation:ORG-0003
asu_00476,awd_00514,sup_0395,winner,7200,PLN,src_ted_opendata,file_ted_0184,lot_result:RES-0004/organisation:ORG-0003
asu_00477,awd_00515,sup_0395,winner,6000,PLN,src_ted_opendata,file_ted_0184,lot_result:RES-0005/organisation:ORG-0003
asu_00478,awd_00516,sup_0396,winner,78000,PLN,src_ted_opendata,file_ted_0184,lot_result:RES-0006/organisation:ORG-0004
asu_00479,awd_00517,sup_0396,winner,20000,PLN,src_ted_opendata,file_ted_0184,lot_result:RES-0007/organisation:ORG-0004
asu_00480,awd_00518,sup_0396,winner,124500,PLN,src_ted_opendata,file_ted_0184,lot_result:RES-0008/organisation:ORG-0004
asu_00481,awd_00519,sup_0396,winner,2640,PLN,src_ted_opendata,file_ted_0184,lot_result:RES-0009/organisation:ORG-0004
asu_00482,awd_00520,sup_0396,winner,10900,PLN,src_ted_opendata,file_ted_0184,lot_result:RES-0010/organisation:ORG-0004
asu_00483,awd_00521,sup_0397,winner,321499.96,PLN,src_ted_opendata,file_ted_0184,lot_result:RES-0011/organisation:ORG-0005
asu_00484,awd_00522,sup_0398,winner,24000,PLN,src_ted_opendata,file_ted_0184,lot_result:RES-0012/organisation:ORG-0006
asu_00485,awd_00523,sup_0398,winner,440000,PLN,src_ted_opendata,file_ted_0184,lot_result:RES-0013/organisation:ORG-0006
asu_00486,awd_00524,sup_0398,winner,134000,PLN,src_ted_opendata,file_ted_0184,lot_result:RES-0014/organisation:ORG-0006
asu_00487,awd_00525,sup_0398,winner,29500,PLN,src_ted_opendata,file_ted_0184,lot_result:RES-0015/organisation:ORG-0006
asu_00488,awd_00526,sup_0398,winner,2500,PLN,src_ted_opendata,file_ted_0184,lot_result:RES-0016/organisation:ORG-0006
asu_00489,awd_00527,sup_0398,winner,102300,PLN,src_ted_opendata,file_ted_0184,lot_result:RES-0017/organisation:ORG-0006
asu_00490,awd_00528,sup_0399,winner,58995,PLN,src_ted_opendata,file_ted_0184,lot_result:RES-0018/organisation:ORG-0007
asu_00491,awd_00529,sup_0399,winner,91800,PLN,src_ted_opendata,file_ted_0184,lot_result:RES-0019/organisation:ORG-0007
asu_00492,awd_00530,sup_0399,winner,186000,PLN,src_ted_opendata,file_ted_0184,lot_result:RES-0020/organisation:ORG-0007
asu_00493,awd_00531,sup_0399,winner,91800,PLN,src_ted_opendata,file_ted_0184,lot_result:RES-0021/organisation:ORG-0007
asu_00494,awd_00532,sup_0400,winner,1170780.51,EUR,src_ted_opendata,file_ted_0185,lot_result:RES-0001/organisation:ORG-0002
asu_00495,awd_00533,sup_0401,winner,366630,EUR,src_ted_opendata,file_ted_0186,lot_result:RES-0001/organisation:ORG-0002
asu_00496,awd_00534,sup_0402,winner,1075140,PLN,src_ted_opendata,file_ted_0187,lot_result:RES-0001/organisation:ORG-0004
asu_00497,awd_00535,sup_0403,winner,,,src_ted_opendata,file_ted_0188,lot_result:RES-0001/organisation:ORG-0003
asu_00498,awd_00536,sup_0404,winner,13565.00,EUR,src_ted_opendata,file_ted_0189,lot_result:RES-0000/organisation:ORG-0004
asu_00499,awd_00538,sup_0405,winner,377925,EUR,src_ted_opendata,file_ted_0190,lot_result:RES-0001/organisation:ORG-0005
asu_00500,awd_00539,sup_0404,winner,23185.00,EUR,src_ted_opendata,file_ted_0191,lot_result:RES-0000/organisation:ORG-0004
asu_00501,awd_00540,sup_0199,winner,,,src_ted_opendata,file_ted_0192,lot_result:RES-0001/organisation:ORG-1001
asu_00502,awd_00541,sup_0406,winner,456801.60,EUR,src_ted_opendata,file_ted_0193,lot_result:RES-0001/organisation:ORG-0011
asu_00503,awd_00543,sup_0407,winner,34422.80,EUR,src_ted_opendata,file_ted_0193,lot_result:RES-0003/organisation:ORG-0012
asu_00504,awd_00543,sup_0408,winner,34422.80,EUR,src_ted_opendata,file_ted_0193,lot_result:RES-0003/organisation:ORG-0013
asu_00505,awd_00544,sup_0406,winner,167105,EUR,src_ted_opendata,file_ted_0193,lot_result:RES-0004/organisation:ORG-0011
asu_00506,awd_00545,sup_0298,winner,34878.25,EUR,src_ted_opendata,file_ted_0193,lot_result:RES-0005/organisation:ORG-0014
asu_00507,awd_00545,sup_0409,winner,34878.25,EUR,src_ted_opendata,file_ted_0193,lot_result:RES-0005/organisation:ORG-0015
asu_00508,awd_00546,sup_0410,winner,71250000.00,HUF,src_ted_opendata,file_ted_0194,lot_result:RES-0001/organisation:ORG-0005
asu_00509,awd_00547,sup_0410,winner,36750000.00,HUF,src_ted_opendata,file_ted_0194,lot_result:RES-0002/organisation:ORG-0005
asu_00510,awd_00548,sup_0410,winner,64589250.00,HUF,src_ted_opendata,file_ted_0194,lot_result:RES-0003/organisation:ORG-0005
asu_00511,awd_00549,sup_0411,winner,2630000,EUR,src_ted_opendata,file_ted_0195,lot_result:RES-0001/organisation:ORG-0005
asu_00512,awd_00550,sup_0412,winner,2610000,EUR,src_ted_opendata,file_ted_0195,lot_result:RES-0002/organisation:ORG-0006
asu_00513,awd_00551,sup_0413,winner,3450000,EUR,src_ted_opendata,file_ted_0195,lot_result:RES-0003/organisation:ORG-0007
asu_00514,awd_00552,sup_0414,winner,2715000,EUR,src_ted_opendata,file_ted_0195,lot_result:RES-0004/organisation:ORG-0008
asu_00515,awd_00553,sup_0415,winner,3020000,EUR,src_ted_opendata,file_ted_0195,lot_result:RES-0005/organisation:ORG-0009
asu_00516,awd_00554,sup_0416,winner,145000,EUR,src_ted_opendata,file_ted_0195,lot_result:RES-0006/organisation:ORG-0010
asu_00517,awd_00555,sup_0417,winner,330000,EUR,src_ted_opendata,file_ted_0195,lot_result:RES-0007/organisation:ORG-0011
asu_00518,awd_00557,sup_0418,winner,156094.44,PLN,src_ted_opendata,file_ted_0196,lot_result:RES-0002/organisation:ORG-0003
asu_00519,awd_00559,sup_0419,winner,58364680,CZK,src_ted_opendata,file_ted_0197,lot_result:RES-0001/organisation:ORG-0003
asu_00520,awd_00560,sup_0420,winner,,,src_ted_opendata,file_ted_0198,lot_result:RES-0001/organisation:ORG-0003
asu_00521,awd_00561,sup_0421,winner,,,src_ted_opendata,file_ted_0198,lot_result:RES-0002/organisation:ORG-0004
asu_00522,awd_00562,sup_0422,winner,,,src_ted_opendata,file_ted_0198,lot_result:RES-0003/organisation:ORG-0005
asu_00523,awd_00563,sup_0420,winner,,,src_ted_opendata,file_ted_0198,lot_result:RES-0004/organisation:ORG-0003
asu_00524,awd_00564,sup_0423,winner,,,src_ted_opendata,file_ted_0198,lot_result:RES-0005/organisation:ORG-0006
asu_00525,awd_00565,sup_0424,winner,0,EUR,src_ted_opendata,file_ted_0199,lot_result:RES-0001/organisation:ORG-0002
asu_00526,awd_00566,sup_0425,winner,2538259.2,PLN,src_ted_opendata,file_ted_0200,lot_result:RES-0001/organisation:ORG-0003
asu_00527,awd_00567,sup_0425,winner,2698099.2,PLN,src_ted_opendata,file_ted_0200,lot_result:RES-0002/organisation:ORG-0003
asu_00528,awd_00568,sup_0426,winner,1382520,PLN,src_ted_opendata,file_ted_0200,lot_result:RES-0003/organisation:ORG-0004
asu_00529,awd_00569,sup_0427,winner,290158,EUR,src_ted_opendata,file_ted_0201,lot_result:RES-0001/organisation:ORG-0002
asu_00530,awd_00570,sup_0428,winner,543500,PLN,src_ted_opendata,file_ted_0202,lot_result:RES-0001/organisation:ORG-0004
asu_00531,awd_00571,sup_0429,winner,126000,PLN,src_ted_opendata,file_ted_0202,lot_result:RES-0002/organisation:ORG-0008
asu_00532,awd_00572,sup_0430,winner,68961.2,PLN,src_ted_opendata,file_ted_0202,lot_result:RES-0003/organisation:ORG-0007
asu_00533,awd_00573,sup_0431,winner,101720,PLN,src_ted_opendata,file_ted_0202,lot_result:RES-0004/organisation:ORG-0006
asu_00534,awd_00574,sup_0432,winner,168330,PLN,src_ted_opendata,file_ted_0202,lot_result:RES-0005/organisation:ORG-0009
asu_00535,awd_00577,sup_0429,winner,85610,PLN,src_ted_opendata,file_ted_0202,lot_result:RES-0008/organisation:ORG-0008
asu_00536,awd_00578,sup_0433,winner,19190,PLN,src_ted_opendata,file_ted_0202,lot_result:RES-0009/organisation:ORG-0005
asu_00537,awd_00581,sup_0434,winner,545646.03,PLN,src_ted_opendata,file_ted_0203,lot_result:RES-0001/organisation:ORG-0003
asu_00538,awd_00582,sup_0435,winner,,,src_ted_opendata,file_ted_0204,lot_result:RES-0001/organisation:ORG-0005
asu_00539,awd_00583,sup_0436,winner,1965981.0,CHF,src_ted_opendata,file_ted_0205,lot_result:RES-0002/organisation:ORG-0010
asu_00540,awd_00584,sup_0437,winner,,,src_ted_opendata,file_ted_0206,lot_result:RES-0001/organisation:ORG-0003
asu_00541,awd_00585,sup_0438,winner,2363376.96,PLN,src_ted_opendata,file_ted_0207,lot_result:RES-0001/organisation:ORG-0005
asu_00542,awd_00586,sup_0439,winner,219496.00,EUR,src_ted_opendata,file_ted_0208,lot_result:RES-0001/organisation:ORG-0005
asu_00543,awd_00587,sup_0440,winner,430000,EUR,src_ted_opendata,file_ted_0209,lot_result:RES-0001/organisation:ORG-0005
asu_00544,awd_00588,sup_0441,winner,,,src_ted_opendata,file_ted_0210,lot_result:RES-0002/organisation:ORG-0004
asu_00545,awd_00589,sup_0441,winner,,,src_ted_opendata,file_ted_0210,lot_result:RES-0005/organisation:ORG-0004
asu_00546,awd_00590,sup_0442,winner,399320.00,EUR,src_ted_opendata,file_ted_0211,lot_result:RES-5862/organisation:ORG-4337
asu_00547,awd_00591,sup_0443,winner,0.01,EUR,src_ted_opendata,file_ted_0212,lot_result:RES-0000/organisation:ORG-0003
asu_00548,awd_00593,sup_0445,winner,3173650.00,BGN,src_ted_opendata,file_ted_0214,lot_result:RES-0001/organisation:ORG-0003
asu_00549,awd_00594,sup_0446,winner,8330617.65,RON,src_ted_opendata,file_ted_0215,lot_result:RES-0000/organisation:ORG-9000
asu_00550,awd_00595,sup_0447,winner,172368,EUR,src_ted_opendata,file_ted_0216,lot_result:RES-0001/organisation:ORG-0003
asu_00551,awd_00596,sup_0448,winner,935700,EUR,src_ted_opendata,file_ted_0216,lot_result:RES-0002/organisation:ORG-0004
asu_00552,awd_00597,sup_0449,winner,960216,PLN,src_ted_opendata,file_ted_0217,lot_result:RES-0001/organisation:ORG-0003
asu_00553,awd_00598,sup_0450,winner,38477.55,EUR,src_ted_opendata,file_ted_0218,lot_result:RES-0001/organisation:ORG-0006
asu_00554,awd_00599,sup_0451,winner,220000.00,EUR,src_ted_opendata,file_ted_0218,lot_result:RES-0002/organisation:ORG-0007
asu_00555,awd_00603,sup_0452,winner,158500,PLN,src_ted_opendata,file_ted_0220,lot_result:RES-0001/organisation:ORG-0003
asu_00556,awd_00603,sup_0453,winner,158500,PLN,src_ted_opendata,file_ted_0220,lot_result:RES-0001/organisation:ORG-0004
asu_00557,awd_00604,sup_0454,winner,220000,PLN,src_ted_opendata,file_ted_0220,lot_result:RES-0002/organisation:ORG-0005
asu_00558,awd_00605,sup_0454,winner,220000,PLN,src_ted_opendata,file_ted_0220,lot_result:RES-0003/organisation:ORG-0005
asu_00559,awd_00606,sup_0454,winner,330000,PLN,src_ted_opendata,file_ted_0220,lot_result:RES-0004/organisation:ORG-0005
asu_00560,awd_00608,sup_0454,winner,440000,PLN,src_ted_opendata,file_ted_0220,lot_result:RES-0006/organisation:ORG-0005
asu_00561,awd_00609,sup_0455,winner,500000,PLN,src_ted_opendata,file_ted_0220,lot_result:RES-0007/organisation:ORG-0006
asu_00562,awd_00610,sup_0455,winner,538000,PLN,src_ted_opendata,file_ted_0220,lot_result:RES-0008/organisation:ORG-0006
asu_00563,awd_00611,sup_0456,winner,65600,RON,src_ted_opendata,file_ted_0221,lot_result:RES-0003/organisation:ORG-9002
asu_00564,awd_00612,sup_0457,winner,877700,RON,src_ted_opendata,file_ted_0221,lot_result:RES-0001/organisation:ORG-9003
asu_00565,awd_00613,sup_0458,winner,187280,RON,src_ted_opendata,file_ted_0221,lot_result:RES-0005/organisation:ORG-9000
asu_00566,awd_00614,sup_0118,winner,777500,RON,src_ted_opendata,file_ted_0221,lot_result:RES-0004/organisation:ORG-9004
asu_00567,awd_00615,sup_0459,winner,746200,RON,src_ted_opendata,file_ted_0221,lot_result:RES-0002/organisation:ORG-9001
asu_00568,awd_00616,sup_0459,winner,139800,RON,src_ted_opendata,file_ted_0221,lot_result:RES-0006/organisation:ORG-9001
asu_00569,awd_00617,sup_0118,winner,93600,RON,src_ted_opendata,file_ted_0221,lot_result:RES-0007/organisation:ORG-9004
asu_00570,awd_00621,sup_0460,winner,,,src_ted_opendata,file_ted_0223,lot_result:RES-0001/organisation:ORG-0003
asu_00571,awd_00622,sup_0461,winner,1162800,PLN,src_ted_opendata,file_ted_0224,lot_result:RES-0001/organisation:ORG-0002
asu_00572,awd_00623,sup_0462,winner,,,src_ted_opendata,file_ted_0225,lot_result:RES-0001/organisation:ORG-0001
asu_00573,awd_00624,sup_0463,winner,58850.00,BGN,src_ted_opendata,file_ted_0226,lot_result:RES-0001/organisation:ORG-0003
asu_00574,awd_00625,sup_0464,winner,120000,EUR,src_ted_opendata,file_ted_0227,lot_result:RES-0001/organisation:ORG-0005
asu_00575,awd_00626,sup_0465,winner,150000,EUR,src_ted_opendata,file_ted_0227,lot_result:RES-0002/organisation:ORG-0006
asu_00576,awd_00627,sup_0466,winner,250000,EUR,src_ted_opendata,file_ted_0227,lot_result:RES-0003/organisation:ORG-0007
asu_00577,awd_00628,sup_0467,winner,100000,EUR,src_ted_opendata,file_ted_0227,lot_result:RES-0004/organisation:ORG-0008
asu_00578,awd_00630,sup_0136,winner,4123959.67,PLN,src_ted_opendata,file_ted_0229,lot_result:RES-0001/organisation:ORG-0003
asu_00579,awd_00631,sup_0469,winner,899200,PLN,src_ted_opendata,file_ted_0230,lot_result:RES-0001/organisation:ORG-0002
asu_00580,awd_00632,sup_0470,winner,473469,EUR,src_ted_opendata,file_ted_0231,lot_result:RES-0001/organisation:ORG-0004
asu_00581,awd_00633,sup_0471,winner,961625.72,RON,src_ted_opendata,file_ted_0232,lot_result:RES-0002/organisation:ORG-9000
asu_00582,awd_00634,sup_0472,winner,1137588.91,RON,src_ted_opendata,file_ted_0232,lot_result:RES-0001/organisation:ORG-9001
asu_00583,awd_00635,sup_0473,winner,2672683.3,PLN,src_ted_opendata,file_ted_0233,lot_result:RES-0001/organisation:ORG-0003
asu_00584,awd_00637,sup_0474,winner,,,src_ted_opendata,file_ted_0235,lot_result:RES-0001/organisation:ORG-0101
asu_00585,awd_00638,sup_0474,winner,,,src_ted_opendata,file_ted_0235,lot_result:RES-0002/organisation:ORG-0101
asu_00586,awd_00639,sup_0474,winner,,,src_ted_opendata,file_ted_0235,lot_result:RES-0003/organisation:ORG-0101
asu_00587,awd_00640,sup_0474,winner,,,src_ted_opendata,file_ted_0235,lot_result:RES-0004/organisation:ORG-0101
asu_00588,awd_00641,sup_0474,winner,,,src_ted_opendata,file_ted_0235,lot_result:RES-0005/organisation:ORG-0101
asu_00589,awd_00642,sup_0474,winner,,,src_ted_opendata,file_ted_0235,lot_result:RES-0006/organisation:ORG-0101
asu_00590,awd_00643,sup_0474,winner,,,src_ted_opendata,file_ted_0235,lot_result:RES-0007/organisation:ORG-0101
asu_00591,awd_00645,sup_0475,winner,2649993.5,EUR,src_ted_opendata,file_ted_0237,lot_result:RES-0001/organisation:ORG-0003
asu_00592,awd_00645,sup_0476,winner,2649993.5,EUR,src_ted_opendata,file_ted_0237,lot_result:RES-0001/organisation:ORG-0004
asu_00593,awd_00645,sup_0477,winner,2649993.5,EUR,src_ted_opendata,file_ted_0237,lot_result:RES-0001/organisation:ORG-0005
asu_00594,awd_00646,sup_0478,winner,320000,EUR,src_ted_opendata,file_ted_0238,lot_result:RES-0001/organisation:ORG-0007
asu_00595,awd_00647,sup_0479,winner,224539.1,EUR,src_ted_opendata,file_ted_0239,lot_result:RES-0000/organisation:ORG-0004
asu_00596,awd_00648,sup_0480,winner,1759623.24,PLN,src_ted_opendata,file_ted_0240,lot_result:RES-0001/organisation:ORG-0003
asu_00597,awd_00649,sup_0481,winner,1997473.36,PLN,src_ted_opendata,file_ted_0241,lot_result:RES-0001/organisation:ORG-0003
asu_00598,awd_00650,sup_0482,winner,334213.8,PLN,src_ted_opendata,file_ted_0242,lot_result:RES-0001/organisation:ORG-0005
asu_00599,awd_00651,sup_0482,winner,125511.75,PLN,src_ted_opendata,file_ted_0242,lot_result:RES-0002/organisation:ORG-0005
asu_00600,awd_00653,sup_0141,winner,165088.98,RON,src_ted_opendata,file_ted_0244,lot_result:RES-0016/organisation:ORG-9005
asu_00601,awd_00654,sup_0483,winner,651770,RON,src_ted_opendata,file_ted_0244,lot_result:RES-0019/organisation:ORG-9006
asu_00602,awd_00655,sup_0140,winner,280917.6,RON,src_ted_opendata,file_ted_0244,lot_result:RES-0008/organisation:ORG-9001
asu_00603,awd_00656,sup_0484,winner,530464,RON,src_ted_opendata,file_ted_0244,lot_result:RES-0012/organisation:ORG-9004
asu_00604,awd_00657,sup_0484,winner,606181.2,RON,src_ted_opendata,file_ted_0244,lot_result:RES-0015/organisation:ORG-9004
asu_00605,awd_00658,sup_0484,winner,789771.2,RON,src_ted_opendata,file_ted_0244,lot_result:RES-0011/organisation:ORG-9004
asu_00606,awd_00659,sup_0140,winner,8738.88,RON,src_ted_opendata,file_ted_0244,lot_result:RES-0001/organisation:ORG-9001
asu_00607,awd_00660,sup_0485,winner,79600,RON,src_ted_opendata,file_ted_0244,lot_result:RES-0010/organisation:ORG-9002
asu_00608,awd_00661,sup_0141,winner,49866.31,RON,src_ted_opendata,file_ted_0244,lot_result:RES-0007/organisation:ORG-9005
asu_00609,awd_00662,sup_0140,winner,42158.4,RON,src_ted_opendata,file_ted_0244,lot_result:RES-0018/organisation:ORG-9001
asu_00610,awd_00663,sup_0140,winner,1170424.8,RON,src_ted_opendata,file_ted_0244,lot_result:RES-0009/organisation:ORG-9001
asu_00611,awd_00664,sup_0140,winner,1672877.44,RON,src_ted_opendata,file_ted_0244,lot_result:RES-0003/organisation:ORG-9001
asu_00612,awd_00665,sup_0141,winner,78019.2,RON,src_ted_opendata,file_ted_0244,lot_result:RES-0006/organisation:ORG-9005
asu_00613,awd_00666,sup_0484,winner,151566,RON,src_ted_opendata,file_ted_0244,lot_result:RES-0014/organisation:ORG-9004
asu_00614,awd_00667,sup_0484,winner,50400,RON,src_ted_opendata,file_ted_0244,lot_result:RES-0021/organisation:ORG-9004
asu_00615,awd_00668,sup_0486,winner,32605.48,RON,src_ted_opendata,file_ted_0244,lot_result:RES-0002/organisation:ORG-9000
asu_00616,awd_00669,sup_0486,winner,831680,RON,src_ted_opendata,file_ted_0244,lot_result:RES-0020/organisation:ORG-9000
asu_00617,awd_00670,sup_0484,winner,407022,RON,src_ted_opendata,file_ted_0244,lot_result:RES-0005/organisation:ORG-9004
asu_00618,awd_00671,sup_0140,winner,1731689.6,RON,src_ted_opendata,file_ted_0244,lot_result:RES-0004/organisation:ORG-9001
asu_00619,awd_00674,sup_0488,winner,5265000,EUR,src_ted_opendata,file_ted_0245,lot_result:RES-0001/organisation:ORG-0004
asu_00620,awd_00675,sup_0489,winner,13026550.18,PLN,src_ted_opendata,file_ted_0246,lot_result:RES-0001/organisation:ORG-0004
asu_00621,awd_00676,sup_0490,winner,5368320.61,PLN,src_ted_opendata,file_ted_0247,lot_result:RES-0001/organisation:ORG-0003
asu_00622,awd_00676,sup_0491,winner,5368320.61,PLN,src_ted_opendata,file_ted_0247,lot_result:RES-0001/organisation:ORG-0004
asu_00623,awd_00677,sup_0492,winner,2078700,PLN,src_ted_opendata,file_ted_0248,lot_result:RES-0001/organisation:ORG-0004
asu_00624,awd_00678,sup_0129,winner,548550,PLN,src_ted_opendata,file_ted_0249,lot_result:RES-0001/organisation:ORG-0003
asu_00625,awd_00679,sup_0367,winner,92680.56,PLN,src_ted_opendata,file_ted_0249,lot_result:RES-0002/organisation:ORG-0004
asu_00626,awd_00681,sup_0124,winner,55980,PLN,src_ted_opendata,file_ted_0249,lot_result:RES-0004/organisation:ORG-0005
asu_00627,awd_00682,sup_0493,winner,77491.67,PLN,src_ted_opendata,file_ted_0249,lot_result:RES-0005/organisation:ORG-0006
asu_00628,awd_00684,sup_0494,winner,791017.43,EUR,src_ted_opendata,file_ted_0251,lot_result:RES-0001/organisation:ORG-0002
asu_00629,awd_00685,sup_0495,winner,1535717.71,CHF,src_ted_opendata,file_ted_0252,lot_result:RES-0002/organisation:ORG-0010
asu_00630,awd_00686,sup_0496,winner,115475.1,CHF,src_ted_opendata,file_ted_0253,lot_result:RES-0000/organisation:ORG-0010
asu_00631,awd_00688,sup_0497,winner,1191166,EUR,src_ted_opendata,file_ted_0255,lot_result:RES-0001/organisation:ORG-0004
asu_00632,awd_00689,sup_0498,winner,55416,PLN,src_ted_opendata,file_ted_0256,lot_result:RES-0001/organisation:ORG-0004
asu_00633,awd_00690,sup_0499,winner,39018,PLN,src_ted_opendata,file_ted_0256,lot_result:RES-0002/organisation:ORG-0005
asu_00634,awd_00691,sup_0500,winner,137045,PLN,src_ted_opendata,file_ted_0256,lot_result:RES-0003/organisation:ORG-0006
asu_00635,awd_00692,sup_0501,winner,133730,PLN,src_ted_opendata,file_ted_0256,lot_result:RES-0004/organisation:ORG-0007
asu_00636,awd_00693,sup_0502,winner,51950,PLN,src_ted_opendata,file_ted_0256,lot_result:RES-0005/organisation:ORG-0008
asu_00637,awd_00694,sup_0503,winner,38835,PLN,src_ted_opendata,file_ted_0256,lot_result:RES-0006/organisation:ORG-0009
asu_00638,awd_00695,sup_0504,winner,54513,PLN,src_ted_opendata,file_ted_0256,lot_result:RES-0007/organisation:ORG-0013
asu_00639,awd_00696,sup_0503,winner,29702,PLN,src_ted_opendata,file_ted_0256,lot_result:RES-0008/organisation:ORG-0009
asu_00640,awd_00697,sup_0505,winner,21304.53,PLN,src_ted_opendata,file_ted_0256,lot_result:RES-0009/organisation:ORG-0011
asu_00641,awd_00698,sup_0506,winner,9171.18,PLN,src_ted_opendata,file_ted_0256,lot_result:RES-0010/organisation:ORG-0012
asu_00642,awd_00699,sup_0501,winner,7300,PLN,src_ted_opendata,file_ted_0256,lot_result:RES-0011/organisation:ORG-0007
asu_00643,awd_00700,sup_0241,winner,3271,PLN,src_ted_opendata,file_ted_0256,lot_result:RES-0012/organisation:ORG-0010
asu_00644,awd_00701,sup_0500,winner,4640,PLN,src_ted_opendata,file_ted_0256,lot_result:RES-0013/organisation:ORG-0006
asu_00645,awd_00703,sup_0501,winner,15025,PLN,src_ted_opendata,file_ted_0256,lot_result:RES-0015/organisation:ORG-0007
asu_00646,awd_00705,sup_0493,winner,29680,PLN,src_ted_opendata,file_ted_0258,lot_result:RES-0001/organisation:ORG-0003
asu_00647,awd_00706,sup_0493,winner,41809.25,PLN,src_ted_opendata,file_ted_0258,lot_result:RES-0011/organisation:ORG-0003
asu_00648,awd_00712,sup_0507,winner,41500,PLN,src_ted_opendata,file_ted_0258,lot_result:RES-0017/organisation:ORG-0020
asu_00649,awd_00713,sup_0508,winner,36000,PLN,src_ted_opendata,file_ted_0258,lot_result:RES-0018/organisation:ORG-0012
asu_00650,awd_00714,sup_0509,winner,6627,PLN,src_ted_opendata,file_ted_0258,lot_result:RES-0019/organisation:ORG-0014
asu_00651,awd_00715,sup_0510,winner,58172,PLN,src_ted_opendata,file_ted_0258,lot_result:RES-0020/organisation:ORG-0005
asu_00652,awd_00716,sup_0511,winner,5995.6,PLN,src_ted_opendata,file_ted_0258,lot_result:RES-0021/organisation:ORG-0015
asu_00653,awd_00717,sup_0512,winner,192754.4,PLN,src_ted_opendata,file_ted_0258,lot_result:RES-0022/organisation:ORG-0006
asu_00654,awd_00718,sup_0513,winner,27250,PLN,src_ted_opendata,file_ted_0258,lot_result:RES-0023/organisation:ORG-0007
asu_00655,awd_00719,sup_0512,winner,1698,PLN,src_ted_opendata,file_ted_0258,lot_result:RES-0024/organisation:ORG-0006
asu_00656,awd_00720,sup_0508,winner,92550,PLN,src_ted_opendata,file_ted_0258,lot_result:RES-0025/organisation:ORG-0012
asu_00657,awd_00721,sup_0433,winner,25062,PLN,src_ted_opendata,file_ted_0258,lot_result:RES-0026/organisation:ORG-0016
asu_00658,awd_00722,sup_0514,winner,22460,PLN,src_ted_opendata,file_ted_0258,lot_result:RES-0027/organisation:ORG-0018
asu_00659,awd_00723,sup_0515,winner,3575,PLN,src_ted_opendata,file_ted_0258,lot_result:RES-0028/organisation:ORG-0019
asu_00660,awd_00724,sup_0519,winner,4557192,PLN,src_ted_opendata,file_ted_0259,lot_result:RES-0001/organisation:ORG-0003
asu_00661,awd_00725,sup_0520,winner,5079642.19,PLN,src_ted_opendata,file_ted_0260,lot_result:RES-0001/organisation:ORG-0003
asu_00662,awd_00726,sup_0520,winner,1011778.24,PLN,src_ted_opendata,file_ted_0260,lot_result:RES-0002/organisation:ORG-0003
asu_00663,awd_00727,sup_0520,winner,429523.56,PLN,src_ted_opendata,file_ted_0260,lot_result:RES-0003/organisation:ORG-0003
asu_00664,awd_00728,sup_0521,winner,466619.4,PLN,src_ted_opendata,file_ted_0261,lot_result:RES-0001/organisation:ORG-0008
asu_00665,awd_00729,sup_0522,winner,506731.68,PLN,src_ted_opendata,file_ted_0261,lot_result:RES-0002/organisation:ORG-0003
asu_00666,awd_00730,sup_0522,winner,392572.44,PLN,src_ted_opendata,file_ted_0261,lot_result:RES-0003/organisation:ORG-0003
asu_00667,awd_00731,sup_0523,winner,24261.12,PLN,src_ted_opendata,file_ted_0261,lot_result:RES-0004/organisation:ORG-0004
asu_00668,awd_00732,sup_0524,winner,71198.48,PLN,src_ted_opendata,file_ted_0261,lot_result:RES-0005/organisation:ORG-0005
asu_00669,awd_00733,sup_0525,winner,2300.4,PLN,src_ted_opendata,file_ted_0261,lot_result:RES-0006/organisation:ORG-0009
asu_00670,awd_00734,sup_0526,winner,27648,PLN,src_ted_opendata,file_ted_0261,lot_result:RES-0007/organisation:ORG-0006
asu_00671,awd_00735,sup_0527,winner,24261.12,PLN,src_ted_opendata,file_ted_0261,lot_result:RES-0008/organisation:ORG-0007
asu_00672,awd_00738,sup_0528,winner,,,src_ted_opendata,file_ted_0263,lot_result:RES-0001/organisation:ORG-0003
asu_00673,awd_00739,sup_0529,winner,106388,RON,src_ted_opendata,file_ted_0264,lot_result:RES-0003/organisation:ORG-9000
asu_00674,awd_00740,sup_0529,winner,168392,RON,src_ted_opendata,file_ted_0264,lot_result:RES-0001/organisation:ORG-9000
asu_00675,awd_00741,sup_0529,winner,1828346,RON,src_ted_opendata,file_ted_0264,lot_result:RES-0004/organisation:ORG-9000
asu_00676,awd_00742,sup_0529,winner,480862,RON,src_ted_opendata,file_ted_0264,lot_result:RES-0002/organisation:ORG-9000
asu_00677,awd_00743,sup_0513,winner,8110545,PLN,src_ted_opendata,file_ted_0265,lot_result:RES-0001/organisation:ORG-0003
asu_00678,awd_00744,sup_0530,winner,638870.0,EUR,src_ted_opendata,file_ted_0266,lot_result:RES-0000/organisation:ORG-0002
asu_00679,awd_00745,sup_0531,winner,150000,EUR,src_ted_opendata,file_ted_0267,lot_result:RES-0001/organisation:ORG-0003
asu_00680,awd_00746,sup_0532,winner,85000,EUR,src_ted_opendata,file_ted_0267,lot_result:RES-0002/organisation:ORG-0004
asu_00681,awd_00747,sup_0533,winner,230000,EUR,src_ted_opendata,file_ted_0267,lot_result:RES-0003/organisation:ORG-0005
asu_00682,awd_00748,sup_0531,winner,130000,EUR,src_ted_opendata,file_ted_0267,lot_result:RES-0004/organisation:ORG-0003
asu_00683,awd_00749,sup_0532,winner,,,src_ted_opendata,file_ted_0267,lot_result:RES-0005/organisation:ORG-0004
asu_00684,awd_00750,sup_0534,winner,260000,EUR,src_ted_opendata,file_ted_0267,lot_result:RES-0006/organisation:ORG-0006
asu_00685,awd_00751,sup_0535,winner,2168976.85,PLN,src_ted_opendata,file_ted_0268,lot_result:RES-0001/organisation:ORG-0003
asu_00686,awd_00752,sup_0536,winner,,,src_ted_opendata,file_ted_0269,lot_result:RES-0001/organisation:ORG-0004
asu_00687,awd_00753,sup_0537,winner,,,src_ted_opendata,file_ted_0270,lot_result:RES-0001/organisation:ORG-0003
asu_00688,awd_00754,sup_0537,winner,,,src_ted_opendata,file_ted_0270,lot_result:RES-0002/organisation:ORG-0003
asu_00689,awd_00755,sup_0538,winner,1248900,EUR,src_ted_opendata,file_ted_0271,lot_result:RES-0000/organisation:ORG-0004
asu_00690,awd_00756,sup_0539,winner,4424372,EUR,src_ted_opendata,file_ted_0272,lot_result:RES-0001/organisation:ORG-0003
asu_00691,awd_00756,sup_0540,winner,4424372,EUR,src_ted_opendata,file_ted_0272,lot_result:RES-0001/organisation:ORG-0004
asu_00692,awd_00757,sup_0431,winner,897150,PLN,src_ted_opendata,file_ted_0273,lot_result:RES-0001/organisation:ORG-0003
asu_00693,awd_00758,sup_0541,winner,79500,PLN,src_ted_opendata,file_ted_0273,lot_result:RES-0002/organisation:ORG-0009
asu_00694,awd_00759,sup_0542,winner,689730,PLN,src_ted_opendata,file_ted_0273,lot_result:RES-0003/organisation:ORG-0004
asu_00695,awd_00760,sup_0542,winner,182515,PLN,src_ted_opendata,file_ted_0273,lot_result:RES-0004/organisation:ORG-0004
asu_00696,awd_00761,sup_0542,winner,202000,PLN,src_ted_opendata,file_ted_0273,lot_result:RES-0005/organisation:ORG-0004
asu_00697,awd_00762,sup_0542,winner,371410,PLN,src_ted_opendata,file_ted_0273,lot_result:RES-0006/organisation:ORG-0004
asu_00698,awd_00763,sup_0543,winner,201460,PLN,src_ted_opendata,file_ted_0273,lot_result:RES-0007/organisation:ORG-0008
asu_00699,awd_00764,sup_0544,winner,58650,PLN,src_ted_opendata,file_ted_0273,lot_result:RES-0008/organisation:ORG-0005
asu_00700,awd_00765,sup_0514,winner,567210,PLN,src_ted_opendata,file_ted_0273,lot_result:RES-0009/organisation:ORG-0013
asu_00701,awd_00766,sup_0545,winner,282500,PLN,src_ted_opendata,file_ted_0273,lot_result:RES-0010/organisation:ORG-0006
asu_00702,awd_00767,sup_0514,winner,452600,PLN,src_ted_opendata,file_ted_0273,lot_result:RES-0011/organisation:ORG-0013
asu_00703,awd_00768,sup_0431,winner,160800,PLN,src_ted_opendata,file_ted_0273,lot_result:RES-0012/organisation:ORG-0003
asu_00704,awd_00769,sup_0546,winner,268600,PLN,src_ted_opendata,file_ted_0273,lot_result:RES-0013/organisation:ORG-0012
asu_00705,awd_00770,sup_0547,winner,4790,PLN,src_ted_opendata,file_ted_0273,lot_result:RES-0014/organisation:ORG-0011
asu_00706,awd_00771,sup_0548,winner,28900,PLN,src_ted_opendata,file_ted_0273,lot_result:RES-0015/organisation:ORG-0007
asu_00707,awd_00772,sup_0549,winner,17640,PLN,src_ted_opendata,file_ted_0273,lot_result:RES-0016/organisation:ORG-0010
asu_00708,awd_00780,sup_0550,winner,,,src_ted_opendata,file_ted_0274,lot_result:RES-0001/organisation:ORG-0003
asu_00709,awd_00781,sup_0551,winner,340000,EUR,src_ted_opendata,file_ted_0275,lot_result:RES-0001/organisation:ORG-0006
asu_00710,awd_00782,sup_0552,winner,276000,EUR,src_ted_opendata,file_ted_0275,lot_result:RES-0002/organisation:ORG-0007
asu_00711,awd_00783,sup_0553,winner,320000,EUR,src_ted_opendata,file_ted_0275,lot_result:RES-0003/organisation:ORG-0008
asu_00712,awd_00784,sup_0554,winner,584000,EUR,src_ted_opendata,file_ted_0275,lot_result:RES-0004/organisation:ORG-0009
asu_00713,awd_00786,sup_0555,winner,72000,EUR,src_ted_opendata,file_ted_0275,lot_result:RES-0006/organisation:ORG-0010
asu_00714,awd_00787,sup_0556,winner,550000,PLN,src_ted_opendata,file_ted_0276,lot_result:RES-0001/organisation:ORG-0003
asu_00715,awd_00788,sup_0557,winner,74428000.00,HUF,src_ted_opendata,file_ted_0277,lot_result:RES-0001/organisation:ORG-0016
asu_00716,awd_00789,sup_0557,winner,27808736.00,HUF,src_ted_opendata,file_ted_0277,lot_result:RES-0002/organisation:ORG-0016
asu_00717,awd_00790,sup_0558,winner,151767,EUR,src_ted_opendata,file_ted_0278,lot_result:RES-0001/organisation:ORG-0004
asu_00718,awd_00791,sup_0559,winner,188314,EUR,src_ted_opendata,file_ted_0278,lot_result:RES-0002/organisation:ORG-0005
asu_00719,awd_00792,sup_0558,winner,192074,EUR,src_ted_opendata,file_ted_0278,lot_result:RES-0003/organisation:ORG-0004
asu_00720,awd_00793,sup_0558,winner,168917,EUR,src_ted_opendata,file_ted_0278,lot_result:RES-0004/organisation:ORG-0004
asu_00721,awd_00794,sup_0558,winner,277100,EUR,src_ted_opendata,file_ted_0278,lot_result:RES-0005/organisation:ORG-0004
asu_00722,awd_00795,sup_0560,winner,1464854.12,PLN,src_ted_opendata,file_ted_0279,lot_result:RES-0001/organisation:ORG-0003
asu_00723,awd_00795,sup_0561,winner,1464854.12,PLN,src_ted_opendata,file_ted_0279,lot_result:RES-0001/organisation:ORG-0004
asu_00724,awd_00797,sup_0143,winner,332,EUR,src_ted_opendata,file_ted_0281,lot_result:RES-0001/organisation:ORG-0004
asu_00725,awd_00798,sup_0562,winner,33000.0000,EUR,src_ted_opendata,file_ted_0282,lot_result:RES-0000/organisation:ORG-0003
asu_00726,awd_00799,sup_0563,winner,,,src_ted_opendata,file_ted_0283,lot_result:RES-0001/organisation:ORG-0004
asu_00727,awd_00800,sup_0564,winner,2211521.01,PLN,src_ted_opendata,file_ted_0284,lot_result:RES-0001/organisation:ORG-0003
asu_00728,awd_00800,sup_0565,winner,2211521.01,PLN,src_ted_opendata,file_ted_0284,lot_result:RES-0001/organisation:ORG-0004
asu_00729,awd_00801,sup_0566,winner,1078350,PLN,src_ted_opendata,file_ted_0285,lot_result:RES-0001/organisation:ORG-0003
asu_00730,awd_00802,sup_0566,winner,13567.5,PLN,src_ted_opendata,file_ted_0285,lot_result:RES-0002/organisation:ORG-0003
asu_00731,awd_00803,sup_0566,winner,19250,PLN,src_ted_opendata,file_ted_0285,lot_result:RES-0003/organisation:ORG-0003
asu_00732,awd_00805,sup_0567,winner,1634371,EUR,src_ted_opendata,file_ted_0286,lot_result:RES-0001/organisation:ORG-0017
asu_00733,awd_00805,sup_0296,winner,1634371,EUR,src_ted_opendata,file_ted_0286,lot_result:RES-0001/organisation:ORG-0012
asu_00734,awd_00806,sup_0567,winner,519094,EUR,src_ted_opendata,file_ted_0286,lot_result:RES-0002/organisation:ORG-0017
asu_00735,awd_00806,sup_0296,winner,519094,EUR,src_ted_opendata,file_ted_0286,lot_result:RES-0002/organisation:ORG-0012
asu_00736,awd_00807,sup_0568,winner,112167,EUR,src_ted_opendata,file_ted_0286,lot_result:RES-0003/organisation:ORG-0013
asu_00737,awd_00807,sup_0569,winner,112167,EUR,src_ted_opendata,file_ted_0286,lot_result:RES-0003/organisation:ORG-0018
asu_00738,awd_00807,sup_0570,winner,112167,EUR,src_ted_opendata,file_ted_0286,lot_result:RES-0003/organisation:ORG-0019
asu_00739,awd_00808,sup_0568,winner,140203,EUR,src_ted_opendata,file_ted_0286,lot_result:RES-0004/organisation:ORG-0013
asu_00740,awd_00808,sup_0569,winner,140203,EUR,src_ted_opendata,file_ted_0286,lot_result:RES-0004/organisation:ORG-0018
asu_00741,awd_00808,sup_0570,winner,140203,EUR,src_ted_opendata,file_ted_0286,lot_result:RES-0004/organisation:ORG-0019
asu_00742,awd_00809,sup_0567,winner,561339,EUR,src_ted_opendata,file_ted_0286,lot_result:RES-0005/organisation:ORG-0017
asu_00743,awd_00809,sup_0296,winner,561339,EUR,src_ted_opendata,file_ted_0286,lot_result:RES-0005/organisation:ORG-0012
asu_00744,awd_00810,sup_0567,winner,481756,EUR,src_ted_opendata,file_ted_0286,lot_result:RES-0006/organisation:ORG-0017
asu_00745,awd_00810,sup_0296,winner,481756,EUR,src_ted_opendata,file_ted_0286,lot_result:RES-0006/organisation:ORG-0012
asu_00746,awd_00811,sup_0571,winner,40383,EUR,src_ted_opendata,file_ted_0286,lot_result:RES-0007/organisation:ORG-0014
asu_00747,awd_00811,sup_0572,winner,40383,EUR,src_ted_opendata,file_ted_0286,lot_result:RES-0007/organisation:ORG-0020
asu_00748,awd_00812,sup_0571,winner,624186,EUR,src_ted_opendata,file_ted_0286,lot_result:RES-0008/organisation:ORG-0014
asu_00749,awd_00812,sup_0573,winner,624186,EUR,src_ted_opendata,file_ted_0286,lot_result:RES-0008/organisation:ORG-0021
asu_00750,awd_00813,sup_0574,winner,20633,EUR,src_ted_opendata,file_ted_0286,lot_result:RES-0009/organisation:ORG-0015
asu_00751,awd_00815,sup_0575,winner,81750,EUR,src_ted_opendata,file_ted_0286,lot_result:RES-0011/organisation:ORG-0016
asu_00752,awd_00815,sup_0576,winner,81750,EUR,src_ted_opendata,file_ted_0286,lot_result:RES-0011/organisation:ORG-0022
asu_00753,awd_00816,sup_0577,winner,17195913.34,EUR,src_ted_opendata,file_ted_0287,lot_result:RES-0001/organisation:ORG-0005
asu_00754,awd_00817,sup_0578,winner,,,src_ted_opendata,file_ted_0288,lot_result:RES-0001/organisation:ORG-0004
asu_00755,awd_00818,sup_0579,winner,2792616.75,PLN,src_ted_opendata,file_ted_0289,lot_result:RES-0001/organisation:ORG-0003
asu_00756,awd_00819,sup_0333,winner,219430.89,PLN,src_ted_opendata,file_ted_0290,lot_result:RES-0001/organisation:ORG-0003
asu_00757,awd_00820,sup_0580,winner,,,src_ted_opendata,file_ted_0291,lot_result:RES-0001/organisation:ORG-0002
asu_00758,awd_00821,sup_0581,winner,1003200,PLN,src_ted_opendata,file_ted_0292,lot_result:RES-0001/organisation:ORG-0007
asu_00759,awd_00822,sup_0582,winner,114000,PLN,src_ted_opendata,file_ted_0292,lot_result:RES-0002/organisation:ORG-0005
asu_00760,awd_00823,sup_0583,winner,537960,PLN,src_ted_opendata,file_ted_0292,lot_result:RES-0003/organisation:ORG-0003
asu_00761,awd_00824,sup_0584,winner,342899.04,PLN,src_ted_opendata,file_ted_0292,lot_result:RES-0004/organisation:ORG-0006
asu_00762,awd_00825,sup_0582,winner,318720,PLN,src_ted_opendata,file_ted_0292,lot_result:RES-0005/organisation:ORG-0005
asu_00763,awd_00826,sup_0585,winner,39708,PLN,src_ted_opendata,file_ted_0292,lot_result:RES-0006/organisation:ORG-0004
asu_00764,awd_00829,sup_0586,winner,387898.7,PLN,src_ted_opendata,file_ted_0295,lot_result:RES-0001/organisation:ORG-0003
asu_00765,awd_00830,sup_0587,winner,323066.9,PLN,src_ted_opendata,file_ted_0296,lot_result:RES-0001/organisation:ORG-0003
asu_00766,awd_00831,sup_0587,winner,735982,PLN,src_ted_opendata,file_ted_0296,lot_result:RES-0002/organisation:ORG-0003
asu_00767,awd_00832,sup_0587,winner,179697.7,PLN,src_ted_opendata,file_ted_0296,lot_result:RES-0003/organisation:ORG-0003
asu_00768,awd_00833,sup_0587,winner,645499.4,PLN,src_ted_opendata,file_ted_0296,lot_result:RES-0004/organisation:ORG-0003
asu_00769,awd_00834,sup_0588,winner,617313.00,EUR,src_ted_opendata,file_ted_0297,lot_result:RES-0000/organisation:ORG-0004
asu_00770,awd_00835,sup_0589,winner,2476596.87,EUR,src_ted_opendata,file_ted_0298,lot_result:RES-0001/organisation:ORG-0006
asu_00771,awd_00836,sup_0590,winner,219966.58,EUR,src_ted_opendata,file_ted_0298,lot_result:RES-0002/organisation:ORG-0003
asu_00772,awd_00837,sup_0591,winner,92132.46,EUR,src_ted_opendata,file_ted_0298,lot_result:RES-0003/organisation:ORG-0004
asu_00773,awd_00838,sup_0591,winner,1162379.68,EUR,src_ted_opendata,file_ted_0298,lot_result:RES-0004/organisation:ORG-0004
asu_00774,awd_00839,sup_0592,winner,294004.56,EUR,src_ted_opendata,file_ted_0298,lot_result:RES-0005/organisation:ORG-0005
asu_00775,awd_00840,sup_0590,winner,126918.96,EUR,src_ted_opendata,file_ted_0298,lot_result:RES-0006/organisation:ORG-0003
asu_00776,awd_00841,sup_0593,winner,228809.5,PLN,src_ted_opendata,file_ted_0299,lot_result:RES-0001/organisation:ORG-0006
asu_00777,awd_00842,sup_0593,winner,32000,PLN,src_ted_opendata,file_ted_0299,lot_result:RES-0002/organisation:ORG-0006
asu_00778,awd_00843,sup_0594,winner,2003800,PLN,src_ted_opendata,file_ted_0299,lot_result:RES-0003/organisation:ORG-0007
asu_00779,awd_00844,sup_0594,winner,140575.35,PLN,src_ted_opendata,file_ted_0299,lot_result:RES-0004/organisation:ORG-0007
asu_00780,awd_00845,sup_0594,winner,10000,PLN,src_ted_opendata,file_ted_0299,lot_result:RES-0005/organisation:ORG-0007
asu_00781,awd_00846,sup_0594,winner,11133,PLN,src_ted_opendata,file_ted_0299,lot_result:RES-0006/organisation:ORG-0007
asu_00782,awd_00847,sup_0594,winner,7701.66,PLN,src_ted_opendata,file_ted_0299,lot_result:RES-0007/organisation:ORG-0007
asu_00783,awd_00848,sup_0594,winner,157869.8,PLN,src_ted_opendata,file_ted_0299,lot_result:RES-0008/organisation:ORG-0007
as_wb_77715,awd_wb_1785647,sup_wb_808065,awardee,4394441.73,USD,src_worldbank_finances1,file_worldbank_ds00005_001,77715
as_wb_77714,awd_wb_1785658,sup_wb_775428,awardee,304819.40,USD,src_worldbank_finances1,file_worldbank_ds00005_001,77714
as_wb_77713,awd_wb_1785749,sup_wb_104460,awardee,84946.43,USD,src_worldbank_finances1,file_worldbank_ds00005_001,77713
as_wb_77712,awd_wb_1785770,sup_wb_870229,awardee,1403664.71,USD,src_worldbank_finances1,file_worldbank_ds00005_001,77712
as_wb_77320,awd_wb_1785794,sup_wb_4a7288a5294a8a42,awardee,41236.91,USD,src_worldbank_finances1,file_worldbank_ds00005_001,77320
as_wb_76736,awd_wb_1785859,sup_wb_860193,awardee,21.36,USD,src_worldbank_finances1,file_worldbank_ds00005_001,76736
as_wb_77319,awd_wb_1785870,sup_wb_597c6820544f90eb,awardee,15471.70,USD,src_worldbank_finances1,file_worldbank_ds00005_001,77319
as_wb_76735,awd_wb_1785879,sup_wb_859159,awardee,6472.96,USD,src_worldbank_finances1,file_worldbank_ds00005_001,76735
as_wb_76734,awd_wb_1785883,sup_wb_850841,awardee,1853.55,USD,src_worldbank_finances1,file_worldbank_ds00005_001,76734
as_wb_76733,awd_wb_1785885,sup_wb_859159,awardee,5602.83,USD,src_worldbank_finances1,file_worldbank_ds00005_001,76733
as_wb_77191,awd_wb_1785952,sup_wb_7bafa91fcfc844d9,awardee,8607.20,USD,src_worldbank_finances1,file_worldbank_ds00005_001,77191
as_wb_76732,awd_wb_1785957,sup_wb_501243,awardee,8045.52,USD,src_worldbank_finances1,file_worldbank_ds00005_001,76732
as_wb_76731,awd_wb_1785992,sup_wb_019d3d38babbd480,awardee,2273.67,USD,src_worldbank_finances1,file_worldbank_ds00005_001,76731
as_wb_77190,awd_wb_1786024,sup_wb_5a003169efcd9cd8,awardee,9332.43,USD,src_worldbank_finances1,file_worldbank_ds00005_001,77190
as_wb_77059,awd_wb_1786026,sup_wb_061be76effb02d19,awardee,11957.00,USD,src_worldbank_finances1,file_worldbank_ds00005_001,77059
as_wb_77318,awd_wb_1786041,sup_wb_032a4463844be728,awardee,9313.01,USD,src_worldbank_finances1,file_worldbank_ds00005_001,77318
as_wb_77189,awd_wb_1786047,sup_wb_866915,awardee,831080.93,USD,src_worldbank_finances1,file_worldbank_ds00005_001,77189
as_wb_77711,awd_wb_1786049,sup_wb_655751,awardee,2691.51,USD,src_worldbank_finances1,file_worldbank_ds00005_001,77711
as_wb_77188,awd_wb_1786062,sup_wb_813131,awardee,628026.41,USD,src_worldbank_finances1,file_worldbank_ds00005_001,77188
as_wb_77710,awd_wb_1786076,sup_wb_704091,awardee,1603149.20,USD,src_worldbank_finances1,file_worldbank_ds00005_001,77710
as_wb_77709,awd_wb_1786088,sup_wb_f31b4993221d0391,awardee,11200.00,USD,src_worldbank_finances1,file_worldbank_ds00005_001,77709
as_wb_77708,awd_wb_1786105,sup_wb_051fd2ff3de0f400,awardee,18208.10,USD,src_worldbank_finances1,file_worldbank_ds00005_001,77708
as_wb_76730,awd_wb_1786156,sup_wb_842933,awardee,3203.15,USD,src_worldbank_finances1,file_worldbank_ds00005_001,76730
as_wb_76729,awd_wb_1786159,sup_wb_021a1c3d43393cbd,awardee,3146.95,USD,src_worldbank_finances1,file_worldbank_ds00005_001,76729
as_wb_77058,awd_wb_1786164,sup_wb_871884,awardee,1728.16,USD,src_worldbank_finances1,file_worldbank_ds00005_001,77058
as_wb_77707,awd_wb_1786169,sup_wb_921143,awardee,10888.56,USD,src_worldbank_finances1,file_worldbank_ds00005_001,77707
as_wb_76479,awd_wb_1786186,sup_wb_870575,awardee,224999.64,USD,src_worldbank_finances1,file_worldbank_ds00005_001,76479
as_wb_77317,awd_wb_1786204,sup_wb_758338,awardee,1619530.59,USD,src_worldbank_finances1,file_worldbank_ds00005_001,77317
as_wb_77187,awd_wb_1786210,sup_wb_821238,awardee,525370.96,USD,src_worldbank_finances1,file_worldbank_ds00005_001,77187
as_wb_77186,awd_wb_1786240,sup_wb_841951,awardee,2613801.87,USD,src_worldbank_finances1,file_worldbank_ds00005_001,77186
as_wb_76478,awd_wb_1786344,sup_wb_847310,awardee,15103.75,USD,src_worldbank_finances1,file_worldbank_ds00005_001,76478
as_wb_76477,awd_wb_1786345,sup_wb_699056,awardee,11567.96,USD,src_worldbank_finances1,file_worldbank_ds00005_001,76477
as_wb_76346,awd_wb_1786353,sup_wb_845733,awardee,36233.60,USD,src_worldbank_finances1,file_worldbank_ds00005_001,76346
as_wb_77706,awd_wb_1786368,sup_wb_04a1b6bdd498c452,awardee,19764.31,USD,src_worldbank_finances1,file_worldbank_ds00005_001,77706
as_wb_77705,awd_wb_1786370,sup_wb_784273,awardee,414827.97,USD,src_worldbank_finances1,file_worldbank_ds00005_001,77705
as_wb_76921,awd_wb_1786396,sup_wb_826356,awardee,207623.68,USD,src_worldbank_finances1,file_worldbank_ds00005_001,76921
as_wb_77704,awd_wb_1786411,sup_wb_05cbf1a880600984,awardee,12084.76,USD,src_worldbank_finances1,file_worldbank_ds00005_001,77704
as_wb_77316,awd_wb_1786412,sup_wb_870955,awardee,10436.36,USD,src_worldbank_finances1,file_worldbank_ds00005_001,77316
as_wb_76345,awd_wb_1786431,sup_wb_0660afdac1fc61b3,awardee,2221.81,USD,src_worldbank_finances1,file_worldbank_ds00005_001,76345
as_wb_76728,awd_wb_1786524,sup_wb_860463,awardee,303199.50,USD,src_worldbank_finances1,file_worldbank_ds00005_001,76728
as_wb_76727,awd_wb_1786537,sup_wb_fa11527198908259,awardee,2500.00,USD,src_worldbank_finances1,file_worldbank_ds00005_001,76727
as_wb_77185,awd_wb_1786541,sup_wb_576359,awardee,2732463.37,USD,src_worldbank_finances1,file_worldbank_ds00005_001,77185
as_wb_77184,awd_wb_1786542,sup_wb_866936,awardee,1602112.75,USD,src_worldbank_finances1,file_worldbank_ds00005_001,77184
as_wb_76344,awd_wb_1786559,sup_wb_2c4563c7d9a3493a,awardee,155100.00,USD,src_worldbank_finances1,file_worldbank_ds00005_001,76344
as_wb_77183,awd_wb_1786575,sup_wb_812670,awardee,142533.29,USD,src_worldbank_finances1,file_worldbank_ds00005_001,77183
as_wb_76343,awd_wb_1786576,sup_wb_0de8284afc183a79,awardee,860038.85,USD,src_worldbank_finances1,file_worldbank_ds00005_001,76343
as_wb_76920,awd_wb_1786606,sup_wb_640839,awardee,123022.08,USD,src_worldbank_finances1,file_worldbank_ds00005_001,76920
as_wb_76476,awd_wb_1786673,sup_wb_364a9c8b2925e5c7,awardee,31250.00,USD,src_worldbank_finances1,file_worldbank_ds00005_001,76476
as_wb_77315,awd_wb_1786698,sup_wb_01ca1dafa07974e1,awardee,39873.20,USD,src_worldbank_finances1,file_worldbank_ds00005_001,77315
as_wb_76474,awd_wb_1786715,sup_wb_637607,awardee,512293.80,USD,src_worldbank_finances1,file_worldbank_ds00005_001,76474
as_wb_76475,awd_wb_1786715,sup_wb_778851,awardee,512293.80,USD,src_worldbank_finances1,file_worldbank_ds00005_001,76475
as_wb_77057,awd_wb_1786718,sup_wb_865732,awardee,1736.85,USD,src_worldbank_finances1,file_worldbank_ds00005_001,77057
as_wb_77703,awd_wb_1786739,sup_wb_2bd794ce03edfe7a,awardee,62943.22,USD,src_worldbank_finances1,file_worldbank_ds00005_001,77703
as_wb_76222,awd_wb_1786761,sup_wb_705113,awardee,116133.60,USD,src_worldbank_finances1,file_worldbank_ds00005_001,76222
as_wb_76570,awd_wb_1786803,sup_wb_031058fc25458ce2,awardee,21613.10,USD,src_worldbank_finances1,file_worldbank_ds00005_001,76570
as_wb_76473,awd_wb_1786816,sup_wb_721979,awardee,274987.80,USD,src_worldbank_finances1,file_worldbank_ds00005_001,76473
as_wb_77702,awd_wb_1786825,sup_wb_325bdb7dc6939151,awardee,9780.95,USD,src_worldbank_finances1,file_worldbank_ds00005_001,77702
as_wb_76726,awd_wb_1786827,sup_wb_319432,awardee,472766.97,USD,src_worldbank_finances1,file_worldbank_ds00005_001,76726
as_wb_76919,awd_wb_1786832,sup_wb_875615,awardee,2228.86,USD,src_worldbank_finances1,file_worldbank_ds00005_001,76919
as_wb_76917,awd_wb_1786838,sup_wb_313707,awardee,2267109.13,USD,src_worldbank_finances1,file_worldbank_ds00005_001,76917
as_wb_76918,awd_wb_1786838,sup_wb_579135,awardee,2267109.13,USD,src_worldbank_finances1,file_worldbank_ds00005_001,76918
as_wb_76472,awd_wb_1786847,sup_wb_07141c3b00f7bd69,awardee,12448.00,USD,src_worldbank_finances1,file_worldbank_ds00005_001,76472
as_wb_76725,awd_wb_1786849,sup_wb_0174b3f0f3aa6f6d,awardee,30854.84,USD,src_worldbank_finances1,file_worldbank_ds00005_001,76725
as_wb_76471,awd_wb_1786850,sup_wb_43fc9a1ee8fb3c75,awardee,15217.00,USD,src_worldbank_finances1,file_worldbank_ds00005_001,76471
as_wb_76470,awd_wb_1786852,sup_wb_20975e91306f07ea,awardee,16055.00,USD,src_worldbank_finances1,file_worldbank_ds00005_001,76470
as_wb_76567,awd_wb_1786872,sup_wb_737531,awardee,733202.09,USD,src_worldbank_finances1,file_worldbank_ds00005_001,76567
as_wb_76568,awd_wb_1786872,sup_wb_787834,awardee,711637.32,USD,src_worldbank_finances1,file_worldbank_ds00005_001,76568
as_wb_76569,awd_wb_1786872,sup_wb_833103,awardee,711637.32,USD,src_worldbank_finances1,file_worldbank_ds00005_001,76569
as_wb_76221,awd_wb_1786874,sup_wb_873704,awardee,220501.33,USD,src_worldbank_finances1,file_worldbank_ds00005_001,76221
as_wb_77314,awd_wb_1786880,sup_wb_392260,awardee,18528.26,USD,src_worldbank_finances1,file_worldbank_ds00005_001,77314
as_wb_77701,awd_wb_1786884,sup_wb_0161b181b30d1b72,awardee,137640.00,USD,src_worldbank_finances1,file_worldbank_ds00005_001,77701
as_wb_77700,awd_wb_1786901,sup_wb_df6ad1d1bd9b40a4,awardee,1078.57,USD,src_worldbank_finances1,file_worldbank_ds00005_001,77700
as_wb_76469,awd_wb_1786919,sup_wb_828071,awardee,30000.00,USD,src_worldbank_finances1,file_worldbank_ds00005_001,76469
as_wb_76468,awd_wb_1786921,sup_wb_06dbc41bb1eb2b04,awardee,59020.00,USD,src_worldbank_finances1,file_worldbank_ds00005_001,76468
as_wb_76341,awd_wb_1786936,sup_wb_328596,awardee,947935.66,USD,src_worldbank_finances1,file_worldbank_ds00005_001,76341
as_wb_76342,awd_wb_1786936,sup_wb_365460,awardee,947935.66,USD,src_worldbank_finances1,file_worldbank_ds00005_001,76342
as_wb_76339,awd_wb_1786937,sup_wb_328596,awardee,159734.66,USD,src_worldbank_finances1,file_worldbank_ds00005_001,76339
as_wb_76340,awd_wb_1786937,sup_wb_365460,awardee,159734.66,USD,src_worldbank_finances1,file_worldbank_ds00005_001,76340
as_wb_76337,awd_wb_1786939,sup_wb_365460,awardee,1230539.82,USD,src_worldbank_finances1,file_worldbank_ds00005_001,76337
as_wb_76338,awd_wb_1786939,sup_wb_749703,awardee,1230539.82,USD,src_worldbank_finances1,file_worldbank_ds00005_001,76338
as_wb_76335,awd_wb_1786940,sup_wb_365460,awardee,276411.75,USD,src_worldbank_finances1,file_worldbank_ds00005_001,76335
as_wb_76336,awd_wb_1786940,sup_wb_749703,awardee,276411.75,USD,src_worldbank_finances1,file_worldbank_ds00005_001,76336
as_wb_76220,awd_wb_1786956,sup_wb_755972,awardee,239305.73,USD,src_worldbank_finances1,file_worldbank_ds00005_001,76220
as_wb_76219,awd_wb_1786957,sup_wb_062d4cc3b53e0609,awardee,12726.56,USD,src_worldbank_finances1,file_worldbank_ds00005_001,76219
as_wb_76743,awd_wb_1786973,sup_wb_851685,awardee,239849.66,USD,src_worldbank_finances1,file_worldbank_ds00005_001,76743
as_wb_76744,awd_wb_1786973,sup_wb_875213,awardee,239849.66,USD,src_worldbank_finances1,file_worldbank_ds00005_001,76744
as_wb_76566,awd_wb_1786990,sup_wb_0355ce485100984c,awardee,1247.66,USD,src_worldbank_finances1,file_worldbank_ds00005_001,76566
as_wb_76565,awd_wb_1786991,sup_wb_875674,awardee,26398.07,USD,src_worldbank_finances1,file_worldbank_ds00005_001,76565
as_wb_76467,awd_wb_1787032,sup_wb_475804,awardee,130625.00,USD,src_worldbank_finances1,file_worldbank_ds00005_001,76467
as_wb_77699,awd_wb_1787033,sup_wb_3ec69e9ead0d8cdd,awardee,201625.00,USD,src_worldbank_finances1,file_worldbank_ds00005_001,77699
as_wb_76218,awd_wb_1787038,sup_wb_042ad06b27fe0abf,awardee,204000.00,USD,src_worldbank_finances1,file_worldbank_ds00005_001,76218
as_wb_76334,awd_wb_1787041,sup_wb_778805,awardee,361180.08,USD,src_worldbank_finances1,file_worldbank_ds00005_001,76334
as_wb_76089,awd_wb_1787072,sup_wb_769141,awardee,347235.46,USD,src_worldbank_finances1,file_worldbank_ds00005_001,76089
as_wb_76216,awd_wb_1787083,sup_wb_850422,awardee,585366.84,USD,src_worldbank_finances1,file_worldbank_ds00005_001,76216
as_wb_76217,awd_wb_1787083,sup_wb_862096,awardee,585366.84,USD,src_worldbank_finances1,file_worldbank_ds00005_001,76217
as_wb_77698,awd_wb_1787094,sup_wb_856397,awardee,255252.25,USD,src_worldbank_finances1,file_worldbank_ds00005_001,77698
as_wb_76916,awd_wb_1787135,sup_wb_462284,awardee,15136.50,USD,src_worldbank_finances1,file_worldbank_ds00005_001,76916
as_wb_76915,awd_wb_1787136,sup_wb_647265,awardee,55000.00,USD,src_worldbank_finances1,file_worldbank_ds00005_001,76915
as_wb_77697,awd_wb_1787159,sup_wb_867721,awardee,59746.11,USD,src_worldbank_finances1,file_worldbank_ds00005_001,77697
as_wb_76088,awd_wb_1787161,sup_wb_01d5dc224f9c0f2e,awardee,56000.00,USD,src_worldbank_finances1,file_worldbank_ds00005_001,76088
as_wb_77696,awd_wb_1787162,sup_wb_985881,awardee,66080.04,USD,src_worldbank_finances1,file_worldbank_ds00005_001,77696
as_wb_76087,awd_wb_1787163,sup_wb_36418aafc8bb1ce7,awardee,17000.00,USD,src_worldbank_finances1,file_worldbank_ds00005_001,76087
as_wb_76724,awd_wb_1787164,sup_wb_859853,awardee,27984.72,USD,src_worldbank_finances1,file_worldbank_ds00005_001,76724
as_wb_76086,awd_wb_1787166,sup_wb_1bc374bc09a2192c,awardee,36985.00,USD,src_worldbank_finances1,file_worldbank_ds00005_001,76086
as_wb_76085,awd_wb_1787168,sup_wb_0383a74bb152c64c,awardee,16550.00,USD,src_worldbank_finances1,file_worldbank_ds00005_001,76085
as_wb_76333,awd_wb_1787191,sup_wb_875182,awardee,76657.45,USD,src_worldbank_finances1,file_worldbank_ds00005_001,76333
as_wb_77182,awd_wb_1787199,sup_wb_812670,awardee,75121.11,USD,src_worldbank_finances1,file_worldbank_ds00005_001,77182
as_wb_77056,awd_wb_1787231,sup_wb_35295,awardee,8204008.00,USD,src_worldbank_finances1,file_worldbank_ds00005_001,77056
as_wb_77313,awd_wb_1787259,sup_wb_869753,awardee,48064.86,USD,src_worldbank_finances1,file_worldbank_ds00005_001,77313
as_wb_76914,awd_wb_1787296,sup_wb_645570,awardee,55415.75,USD,src_worldbank_finances1,file_worldbank_ds00005_001,76914
as_wb_76466,awd_wb_1787305,sup_wb_714259,awardee,2089770.50,USD,src_worldbank_finances1,file_worldbank_ds00005_001,76466
as_wb_76332,awd_wb_1787350,sup_wb_801239,awardee,750.62,USD,src_worldbank_finances1,file_worldbank_ds00005_001,76332
as_wb_76913,awd_wb_1787358,sup_wb_06ccef90b64bb02b,awardee,25559.09,USD,src_worldbank_finances1,file_worldbank_ds00005_001,76913
as_wb_76912,awd_wb_1787371,sup_wb_870445,awardee,11165.00,USD,src_worldbank_finances1,file_worldbank_ds00005_001,76912
as_wb_75878,awd_wb_1787379,sup_wb_0764a3f5c30a9dc2,awardee,2279.98,USD,src_worldbank_finances1,file_worldbank_ds00005_001,75878
as_wb_77695,awd_wb_1787397,sup_wb_037657de9c9ddb40,awardee,21000.00,USD,src_worldbank_finances1,file_worldbank_ds00005_001,77695
as_wb_77694,awd_wb_1787399,sup_wb_3fb28b49dc28cc43,awardee,21000.00,USD,src_worldbank_finances1,file_worldbank_ds00005_001,77694
as_wb_77693,awd_wb_1787400,sup_wb_7d13ce1d1beb570f,awardee,21000.00,USD,src_worldbank_finances1,file_worldbank_ds00005_001,77693
as_wb_76465,awd_wb_1787403,sup_wb_872162,awardee,182286.64,USD,src_worldbank_finances1,file_worldbank_ds00005_001,76465
as_wb_77692,awd_wb_1787410,sup_wb_04d5acf05f956802,awardee,30000.00,USD,src_worldbank_finances1,file_worldbank_ds00005_001,77692
as_wb_77691,awd_wb_1787412,sup_wb_017867021881c649,awardee,18000.00,USD,src_worldbank_finances1,file_worldbank_ds00005_001,77691
as_wb_77690,awd_wb_1787413,sup_wb_1d5d1d3a6e6f4398,awardee,30000.00,USD,src_worldbank_finances1,file_worldbank_ds00005_001,77690
as_wb_77689,awd_wb_1787414,sup_wb_626d8e9df6c21b81,awardee,18000.00,USD,src_worldbank_finances1,file_worldbank_ds00005_001,77689
as_wb_77688,awd_wb_1787415,sup_wb_94905113c7f88ef1,awardee,18000.00,USD,src_worldbank_finances1,file_worldbank_ds00005_001,77688
as_wb_77687,awd_wb_1787416,sup_wb_03c2c683228a4fb9,awardee,18000.00,USD,src_worldbank_finances1,file_worldbank_ds00005_001,77687
as_wb_77686,awd_wb_1787417,sup_wb_39cf5d81b5eafda6,awardee,30000.00,USD,src_worldbank_finances1,file_worldbank_ds00005_001,77686
as_wb_77685,awd_wb_1787420,sup_wb_0419510d1fc8277c,awardee,18000.00,USD,src_worldbank_finances1,file_worldbank_ds00005_001,77685
as_wb_76215,awd_wb_1787421,sup_wb_526168,awardee,38787.58,USD,src_worldbank_finances1,file_worldbank_ds00005_001,76215
as_wb_77684,awd_wb_1787422,sup_wb_077aafdadf6c5258,awardee,18000.00,USD,src_worldbank_finances1,file_worldbank_ds00005_001,77684
as_wb_77683,awd_wb_1787423,sup_wb_4baa49900326cfb6,awardee,18000.00,USD,src_worldbank_finances1,file_worldbank_ds00005_001,77683
as_wb_75877,awd_wb_1787452,sup_wb_843182,awardee,265935.60,USD,src_worldbank_finances1,file_worldbank_ds00005_001,75877
as_wb_76084,awd_wb_1787460,sup_wb_866173,awardee,478532.42,USD,src_worldbank_finances1,file_worldbank_ds00005_001,76084
as_wb_77682,awd_wb_1787462,sup_wb_532752,awardee,51903.51,USD,src_worldbank_finances1,file_worldbank_ds00005_001,77682
as_wb_76331,awd_wb_1787465,sup_wb_749594,awardee,45834.34,USD,src_worldbank_finances1,file_worldbank_ds00005_001,76331
as_wb_77681,awd_wb_1787468,sup_wb_760511,awardee,32581.31,USD,src_worldbank_finances1,file_worldbank_ds00005_001,77681
as_wb_75876,awd_wb_1787471,sup_wb_842138,awardee,10154.13,USD,src_worldbank_finances1,file_worldbank_ds00005_001,75876
as_wb_77680,awd_wb_1787472,sup_wb_351599,awardee,34197.53,USD,src_worldbank_finances1,file_worldbank_ds00005_001,77680
as_wb_77679,awd_wb_1787474,sup_wb_817202,awardee,27282.47,USD,src_worldbank_finances1,file_worldbank_ds00005_001,77679
as_wb_77678,awd_wb_1787479,sup_wb_817202,awardee,23728.36,USD,src_worldbank_finances1,file_worldbank_ds00005_001,77678
as_wb_77677,awd_wb_1787482,sup_wb_789967,awardee,8000.81,USD,src_worldbank_finances1,file_worldbank_ds00005_001,77677
as_wb_77312,awd_wb_1787485,sup_wb_0cfc391cfcc80bf2,awardee,11763.33,USD,src_worldbank_finances1,file_worldbank_ds00005_001,77312
as_wb_76564,awd_wb_1787488,sup_wb_12c65d4c0fed5184,awardee,25457.64,USD,src_worldbank_finances1,file_worldbank_ds00005_001,76564
as_wb_76083,awd_wb_1787502,sup_wb_5649dd06e9ad5471,awardee,21316.80,USD,src_worldbank_finances1,file_worldbank_ds00005_001,76083
as_wb_75875,awd_wb_1787554,sup_wb_04a3504ae4f1411b,awardee,2279.98,USD,src_worldbank_finances1,file_worldbank_ds00005_001,75875
as_wb_76082,awd_wb_1787561,sup_wb_07036cb4037c5df2,awardee,24809.58,USD,src_worldbank_finances1,file_worldbank_ds00005_001,76082
as_wb_77676,awd_wb_1787578,sup_wb_870125,awardee,4362.75,USD,src_worldbank_finances1,file_worldbank_ds00005_001,77676
as_wb_77675,awd_wb_1787581,sup_wb_870124,awardee,4362.75,USD,src_worldbank_finances1,file_worldbank_ds00005_001,77675
as_wb_77674,awd_wb_1787585,sup_wb_870143,awardee,4362.75,USD,src_worldbank_finances1,file_worldbank_ds00005_001,77674
as_wb_77673,awd_wb_1787587,sup_wb_870141,awardee,4362.75,USD,src_worldbank_finances1,file_worldbank_ds00005_001,77673
as_wb_77672,awd_wb_1787589,sup_wb_870135,awardee,4362.75,USD,src_worldbank_finances1,file_worldbank_ds00005_001,77672
as_wb_77671,awd_wb_1787595,sup_wb_870147,awardee,4362.75,USD,src_worldbank_finances1,file_worldbank_ds00005_001,77671
as_wb_77670,awd_wb_1787596,sup_wb_870105,awardee,4362.75,USD,src_worldbank_finances1,file_worldbank_ds00005_001,77670
as_wb_77669,awd_wb_1787599,sup_wb_870144,awardee,4362.75,USD,src_worldbank_finances1,file_worldbank_ds00005_001,77669
as_wb_77668,awd_wb_1787600,sup_wb_870132,awardee,4362.75,USD,src_worldbank_finances1,file_worldbank_ds00005_001,77668
as_wb_76330,awd_wb_1787601,sup_wb_844187,awardee,5408.80,USD,src_worldbank_finances1,file_worldbank_ds00005_001,76330
as_wb_75746,awd_wb_1787604,sup_wb_51ac750b57c9e654,awardee,4021.76,USD,src_worldbank_finances1,file_worldbank_ds00005_001,75746
as_wb_77667,awd_wb_1787605,sup_wb_870104,awardee,4362.75,USD,src_worldbank_finances1,file_worldbank_ds00005_001,77667
as_wb_75874,awd_wb_1787608,sup_wb_753518,awardee,52484.56,USD,src_worldbank_finances1,file_worldbank_ds00005_001,75874
as_wb_77666,awd_wb_1787610,sup_wb_870103,awardee,4362.75,USD,src_worldbank_finances1,file_worldbank_ds00005_001,77666
as_wb_77665,awd_wb_1787613,sup_wb_870145,awardee,4362.75,USD,src_worldbank_finances1,file_worldbank_ds00005_001,77665
as_wb_77664,awd_wb_1787616,sup_wb_870146,awardee,4362.75,USD,src_worldbank_finances1,file_worldbank_ds00005_001,77664
as_wb_77663,awd_wb_1787617,sup_wb_870149,awardee,4362.75,USD,src_worldbank_finances1,file_worldbank_ds00005_001,77663
as_wb_77662,awd_wb_1787620,sup_wb_870150,awardee,4362.75,USD,src_worldbank_finances1,file_worldbank_ds00005_001,77662
as_wb_77661,awd_wb_1787621,sup_wb_870154,awardee,4362.75,USD,src_worldbank_finances1,file_worldbank_ds00005_001,77661
as_wb_77660,awd_wb_1787623,sup_wb_870156,awardee,4362.75,USD,src_worldbank_finances1,file_worldbank_ds00005_001,77660
as_wb_77659,awd_wb_1787625,sup_wb_870157,awardee,4362.75,USD,src_worldbank_finances1,file_worldbank_ds00005_001,77659
as_wb_76081,awd_wb_1787629,sup_wb_589325,awardee,8261.62,USD,src_worldbank_finances1,file_worldbank_ds00005_001,76081
as_wb_77658,awd_wb_1787630,sup_wb_870158,awardee,4362.75,USD,src_worldbank_finances1,file_worldbank_ds00005_001,77658
as_wb_77657,awd_wb_1787631,sup_wb_870161,awardee,4362.75,USD,src_worldbank_finances1,file_worldbank_ds00005_001,77657
as_wb_77656,awd_wb_1787632,sup_wb_870166,awardee,4362.75,USD,src_worldbank_finances1,file_worldbank_ds00005_001,77656
as_wb_77655,awd_wb_1787633,sup_wb_870171,awardee,4362.75,USD,src_worldbank_finances1,file_worldbank_ds00005_001,77655
as_wb_77654,awd_wb_1787634,sup_wb_870172,awardee,4362.75,USD,src_worldbank_finances1,file_worldbank_ds00005_001,77654
as_wb_75745,awd_wb_1787637,sup_wb_07f68ee7c29000c2,awardee,4021.76,USD,src_worldbank_finances1,file_worldbank_ds00005_001,75745
as_wb_76723,awd_wb_1787670,sup_wb_985851,awardee,3488.83,USD,src_worldbank_finances1,file_worldbank_ds00005_001,76723
as_wb_76722,awd_wb_1787674,sup_wb_874445,awardee,22640.40,USD,src_worldbank_finances1,file_worldbank_ds00005_001,76722
as_wb_76721,awd_wb_1787676,sup_wb_876833,awardee,11761.25,USD,src_worldbank_finances1,file_worldbank_ds00005_001,76721
as_wb_76080,awd_wb_1787687,sup_wb_04617d0d4c952a22,awardee,45259.87,USD,src_worldbank_finances1,file_worldbank_ds00005_001,76080
as_wb_76464,awd_wb_1787704,sup_wb_662485,awardee,19789.60,USD,src_worldbank_finances1,file_worldbank_ds00005_001,76464
as_wb_76720,awd_wb_1787711,sup_wb_877296,awardee,46750.96,USD,src_worldbank_finances1,file_worldbank_ds00005_001,76720
as_wb_76719,awd_wb_1787714,sup_wb_877245,awardee,47044.99,USD,src_worldbank_finances1,file_worldbank_ds00005_001,76719
as_wb_75873,awd_wb_1787726,sup_wb_842142,awardee,85346.80,USD,src_worldbank_finances1,file_worldbank_ds00005_001,75873
as_wb_75744,awd_wb_1787734,sup_wb_842142,awardee,7065.09,USD,src_worldbank_finances1,file_worldbank_ds00005_001,75744
as_wb_77055,awd_wb_1787749,sup_wb_796866,awardee,878.19,USD,src_worldbank_finances1,file_worldbank_ds00005_001,77055
as_wb_77054,awd_wb_1787753,sup_wb_763457,awardee,987.96,USD,src_worldbank_finances1,file_worldbank_ds00005_001,77054
as_wb_77053,awd_wb_1787755,sup_wb_796845,awardee,878.19,USD,src_worldbank_finances1,file_worldbank_ds00005_001,77053
as_wb_77181,awd_wb_1787757,sup_wb_798156,awardee,984.12,USD,src_worldbank_finances1,file_worldbank_ds00005_001,77181
as_wb_76214,awd_wb_1787760,sup_wb_06b69f3eaa400054,awardee,7466.34,USD,src_worldbank_finances1,file_worldbank_ds00005_001,76214
as_wb_77180,awd_wb_1787762,sup_wb_746691,awardee,984.12,USD,src_worldbank_finances1,file_worldbank_ds00005_001,77180
as_wb_76911,awd_wb_1787767,sup_wb_853473,awardee,1540.24,USD,src_worldbank_finances1,file_worldbank_ds00005_001,76911
as_wb_77052,awd_wb_1787786,sup_wb_863759,awardee,10377.95,USD,src_worldbank_finances1,file_worldbank_ds00005_001,77052
as_wb_76463,awd_wb_1787796,sup_wb_791f94672760688c,awardee,16783.19,USD,src_worldbank_finances1,file_worldbank_ds00005_001,76463
as_wb_77653,awd_wb_1787828,sup_wb_460616,awardee,127410.08,USD,src_worldbank_finances1,file_worldbank_ds00005_001,77653
as_wb_77051,awd_wb_1787832,sup_wb_869258,awardee,4542503.69,USD,src_worldbank_finances1,file_worldbank_ds00005_001,77051
as_wb_76718,awd_wb_1787834,sup_wb_018fc3b0e0aa293e,awardee,35424.35,USD,src_worldbank_finances1,file_worldbank_ds00005_001,76718
as_wb_75635,awd_wb_1787840,sup_wb_591880,awardee,127504.47,USD,src_worldbank_finances1,file_worldbank_ds00005_001,75635
as_wb_75743,awd_wb_1787855,sup_wb_02e2d65b5a7215b7,awardee,8142.36,USD,src_worldbank_finances1,file_worldbank_ds00005_001,75743
as_wb_75742,awd_wb_1787869,sup_wb_6bc2c51ea49c10c7,awardee,2514.39,USD,src_worldbank_finances1,file_worldbank_ds00005_001,75742
as_wb_76462,awd_wb_1787874,sup_wb_07b59f16db9f53f4,awardee,47891.57,USD,src_worldbank_finances1,file_worldbank_ds00005_001,76462
as_wb_75741,awd_wb_1787876,sup_wb_1cdfda296bb5bad6,awardee,10967.36,USD,src_worldbank_finances1,file_worldbank_ds00005_001,75741
as_wb_75872,awd_wb_1787882,sup_wb_05b10a005dd75d86,awardee,41756.87,USD,src_worldbank_finances1,file_worldbank_ds00005_001,75872
as_wb_76079,awd_wb_1787886,sup_wb_32c6dea4fbc3fbd5,awardee,87265.04,USD,src_worldbank_finances1,file_worldbank_ds00005_001,76079
as_wb_77311,awd_wb_1787901,sup_wb_869546,awardee,133000.00,USD,src_worldbank_finances1,file_worldbank_ds00005_001,77311
as_wb_76078,awd_wb_1787902,sup_wb_14e3b40468b2d7da,awardee,31294.00,USD,src_worldbank_finances1,file_worldbank_ds00005_001,76078
as_wb_76077,awd_wb_1787917,sup_wb_872010,awardee,12496.88,USD,src_worldbank_finances1,file_worldbank_ds00005_001,76077
as_wb_76329,awd_wb_1787919,sup_wb_874865,awardee,52287.88,USD,src_worldbank_finances1,file_worldbank_ds00005_001,76329
as_wb_76328,awd_wb_1787920,sup_wb_874865,awardee,57990.06,USD,src_worldbank_finances1,file_worldbank_ds00005_001,76328
as_wb_76076,awd_wb_1787921,sup_wb_391349,awardee,12184.39,USD,src_worldbank_finances1,file_worldbank_ds00005_001,76076
as_wb_76075,awd_wb_1787923,sup_wb_872033,awardee,3747.72,USD,src_worldbank_finances1,file_worldbank_ds00005_001,76075
as_wb_76213,awd_wb_1787929,sup_wb_854633,awardee,113336.84,USD,src_worldbank_finances1,file_worldbank_ds00005_001,76213
as_wb_77310,awd_wb_1787932,sup_wb_859279,awardee,6208.43,USD,src_worldbank_finances1,file_worldbank_ds00005_001,77310
as_wb_76212,awd_wb_1787945,sup_wb_830263,awardee,1759637.73,USD,src_worldbank_finances1,file_worldbank_ds00005_001,76212
as_wb_75871,awd_wb_1787947,sup_wb_374112,awardee,1677576.61,USD,src_worldbank_finances1,file_worldbank_ds00005_001,75871
as_wb_75494,awd_wb_1787953,sup_wb_0e23d12acfd13d71,awardee,1975.80,USD,src_worldbank_finances1,file_worldbank_ds00005_001,75494
as_wb_76910,awd_wb_1787961,sup_wb_845979,awardee,13178.82,USD,src_worldbank_finances1,file_worldbank_ds00005_001,76910
as_wb_76909,awd_wb_1787970,sup_wb_419703,awardee,460878.91,USD,src_worldbank_finances1,file_worldbank_ds00005_001,76909
as_wb_77309,awd_wb_1787989,sup_wb_877561,awardee,40742.67,USD,src_worldbank_finances1,file_worldbank_ds00005_001,77309
as_wb_77050,awd_wb_1787998,sup_wb_855443,awardee,987.96,USD,src_worldbank_finances1,file_worldbank_ds00005_001,77050
as_wb_76074,awd_wb_1788002,sup_wb_873990,awardee,169655.88,USD,src_worldbank_finances1,file_worldbank_ds00005_001,76074
as_wb_76073,awd_wb_1788009,sup_wb_873957,awardee,171209.16,USD,src_worldbank_finances1,file_worldbank_ds00005_001,76073
as_wb_77179,awd_wb_1788011,sup_wb_05146b0d7b34b280,awardee,134400.00,USD,src_worldbank_finances1,file_worldbank_ds00005_001,77179
as_wb_76072,awd_wb_1788018,sup_wb_936923,awardee,171621.04,USD,src_worldbank_finances1,file_worldbank_ds00005_001,76072
as_wb_76071,awd_wb_1788019,sup_wb_873898,awardee,171249.19,USD,src_worldbank_finances1,file_worldbank_ds00005_001,76071
as_wb_75870,awd_wb_1788020,sup_wb_873930,awardee,171850.50,USD,src_worldbank_finances1,file_worldbank_ds00005_001,75870
as_wb_77178,awd_wb_1788021,sup_wb_30ca979d2f2f8545,awardee,120000.00,USD,src_worldbank_finances1,file_worldbank_ds00005_001,77178
as_wb_75740,awd_wb_1788026,sup_wb_835323,awardee,249054.05,USD,src_worldbank_finances1,file_worldbank_ds00005_001,75740
as_wb_76211,awd_wb_1788037,sup_wb_864076,awardee,1793232.32,USD,src_worldbank_finances1,file_worldbank_ds00005_001,76211
as_wb_76070,awd_wb_1788046,sup_wb_864011,awardee,1592359.81,USD,src_worldbank_finances1,file_worldbank_ds00005_001,76070
as_wb_77652,awd_wb_1788070,sup_wb_03f8e4181bf89a3f,awardee,39218.74,USD,src_worldbank_finances1,file_worldbank_ds00005_001,77652
as_wb_77651,awd_wb_1788071,sup_wb_03207cd484b4c2f1,awardee,39218.74,USD,src_worldbank_finances1,file_worldbank_ds00005_001,77651
as_wb_76563,awd_wb_1788074,sup_wb_476745,awardee,7485.14,USD,src_worldbank_finances1,file_worldbank_ds00005_001,76563
as_wb_76562,awd_wb_1788075,sup_wb_878231,awardee,33911.79,USD,src_worldbank_finances1,file_worldbank_ds00005_001,76562
as_wb_76561,awd_wb_1788076,sup_wb_878234,awardee,33125.38,USD,src_worldbank_finances1,file_worldbank_ds00005_001,76561
as_wb_75634,awd_wb_1788092,sup_wb_d7e49b830661ad20,awardee,20627.17,USD,src_worldbank_finances1,file_worldbank_ds00005_001,75634
as_wb_75493,awd_wb_1788094,sup_wb_327972,awardee,444111.10,USD,src_worldbank_finances1,file_worldbank_ds00005_001,75493
as_wb_75739,awd_wb_1788097,sup_wb_557180,awardee,70552.42,USD,src_worldbank_finances1,file_worldbank_ds00005_001,75739
as_wb_75492,awd_wb_1788106,sup_wb_852511,awardee,9077.48,USD,src_worldbank_finances1,file_worldbank_ds00005_001,75492
as_wb_75491,awd_wb_1788108,sup_wb_858435,awardee,15343.32,USD,src_worldbank_finances1,file_worldbank_ds00005_001,75491
as_wb_75490,awd_wb_1788110,sup_wb_858446,awardee,48346.71,USD,src_worldbank_finances1,file_worldbank_ds00005_001,75490
as_wb_75489,awd_wb_1788111,sup_wb_858435,awardee,9095.73,USD,src_worldbank_finances1,file_worldbank_ds00005_001,75489
as_wb_76069,awd_wb_1788112,sup_wb_40e228eabfb47f6f,awardee,8989.57,USD,src_worldbank_finances1,file_worldbank_ds00005_001,76069
as_wb_77650,awd_wb_1788115,sup_wb_25260ae2069ebf52,awardee,13968.88,USD,src_worldbank_finances1,file_worldbank_ds00005_001,77650
as_wb_75738,awd_wb_1788126,sup_wb_972357,awardee,112627.23,USD,src_worldbank_finances1,file_worldbank_ds00005_001,75738
as_wb_76327,awd_wb_1788133,sup_wb_853496,awardee,9239.06,USD,src_worldbank_finances1,file_worldbank_ds00005_001,76327
as_wb_75633,awd_wb_1788143,sup_wb_39fee67b0dbd9560,awardee,20906.40,USD,src_worldbank_finances1,file_worldbank_ds00005_001,75633
as_wb_76461,awd_wb_1788145,sup_wb_024417bfe16ec796,awardee,12670.49,USD,src_worldbank_finances1,file_worldbank_ds00005_001,76461
as_wb_75632,awd_wb_1788147,sup_wb_769141,awardee,478403.14,USD,src_worldbank_finances1,file_worldbank_ds00005_001,75632
as_wb_76717,awd_wb_1788148,sup_wb_876864,awardee,234768.01,USD,src_worldbank_finances1,file_worldbank_ds00005_001,76717
as_wb_75737,awd_wb_1788151,sup_wb_769141,awardee,190039.99,USD,src_worldbank_finances1,file_worldbank_ds00005_001,75737
as_wb_76068,awd_wb_1788158,sup_wb_878095,awardee,317534.67,USD,src_worldbank_finances1,file_worldbank_ds00005_001,76068
as_wb_77308,awd_wb_1788163,sup_wb_801510,awardee,11383.73,USD,src_worldbank_finances1,file_worldbank_ds00005_001,77308
as_wb_75488,awd_wb_1788172,sup_wb_986806,awardee,116304.00,USD,src_worldbank_finances1,file_worldbank_ds00005_001,75488
as_wb_76716,awd_wb_1788173,sup_wb_d57cd56aa60fd425,awardee,909.17,USD,src_worldbank_finances1,file_worldbank_ds00005_001,76716
as_wb_76067,awd_wb_1788185,sup_wb_1447621bdf3da640,awardee,24417.26,USD,src_worldbank_finances1,file_worldbank_ds00005_001,76067
as_wb_75331,awd_wb_1788226,sup_wb_053ca546a2f2b590,awardee,9908.27,USD,src_worldbank_finances1,file_worldbank_ds00005_001,75331
as_wb_76066,awd_wb_1788227,sup_wb_876445,awardee,309000.00,USD,src_worldbank_finances1,file_worldbank_ds00005_001,76066
as_wb_77049,awd_wb_1788251,sup_wb_901166,awardee,35351.44,USD,src_worldbank_finances1,file_worldbank_ds00005_001,77049
as_wb_75330,awd_wb_1788256,sup_wb_877853,awardee,38358.25,USD,src_worldbank_finances1,file_worldbank_ds00005_001,75330
as_wb_76715,awd_wb_1788272,sup_wb_835488,awardee,75582.70,USD,src_worldbank_finances1,file_worldbank_ds00005_001,76715
as_wb_77307,awd_wb_1788291,sup_wb_01079522b685d8e0,awardee,24084.78,USD,src_worldbank_finances1,file_worldbank_ds00005_001,77307
as_wb_76714,awd_wb_1788295,sup_wb_f7a2d33f57c19363,awardee,23761.75,USD,src_worldbank_finances1,file_worldbank_ds00005_001,76714
as_wb_75869,awd_wb_1788312,sup_wb_866764,awardee,98637.86,USD,src_worldbank_finances1,file_worldbank_ds00005_001,75869
as_wb_75868,awd_wb_1788316,sup_wb_866764,awardee,93940.82,USD,src_worldbank_finances1,file_worldbank_ds00005_001,75868
as_wb_77649,awd_wb_1788321,sup_wb_765781,awardee,43071.38,USD,src_worldbank_finances1,file_worldbank_ds00005_001,77649
as_wb_75867,awd_wb_1788323,sup_wb_866764,awardee,97072.18,USD,src_worldbank_finances1,file_worldbank_ds00005_001,75867
as_wb_75329,awd_wb_1788343,sup_wb_5b606e9b0f88143a,awardee,2584.60,USD,src_worldbank_finances1,file_worldbank_ds00005_001,75329
as_wb_77306,awd_wb_1788345,sup_wb_878798,awardee,40681.52,USD,src_worldbank_finances1,file_worldbank_ds00005_001,77306
as_wb_77177,awd_wb_1788356,sup_wb_016606265eed44fe,awardee,61610.00,USD,src_worldbank_finances1,file_worldbank_ds00005_001,77177
as_wb_76460,awd_wb_1788359,sup_wb_829571,awardee,49295.77,USD,src_worldbank_finances1,file_worldbank_ds00005_001,76460
as_wb_77648,awd_wb_1788360,sup_wb_878430,awardee,126982.64,USD,src_worldbank_finances1,file_worldbank_ds00005_001,77648
as_wb_77176,awd_wb_1788364,sup_wb_613935,awardee,41000.00,USD,src_worldbank_finances1,file_worldbank_ds00005_001,77176
as_wb_76065,awd_wb_1788378,sup_wb_5f845fa322540f3b,awardee,22453.45,USD,src_worldbank_finances1,file_worldbank_ds00005_001,76065
as_wb_77175,awd_wb_1788390,sup_wb_510938,awardee,2652846.91,USD,src_worldbank_finances1,file_worldbank_ds00005_001,77175
as_wb_77174,awd_wb_1788391,sup_wb_580955,awardee,3223301.87,USD,src_worldbank_finances1,file_worldbank_ds00005_001,77174
as_wb_76713,awd_wb_1788392,sup_wb_842635,awardee,3000117.83,USD,src_worldbank_finances1,file_worldbank_ds00005_001,76713
as_wb_75736,awd_wb_1788394,sup_wb_413598,awardee,1038555.61,USD,src_worldbank_finances1,file_worldbank_ds00005_001,75736
as_wb_77173,awd_wb_1788395,sup_wb_02571471e96c29ae,awardee,253729.14,USD,src_worldbank_finances1,file_worldbank_ds00005_001,77173
as_wb_77305,awd_wb_1788398,sup_wb_808974,awardee,212168.00,USD,src_worldbank_finances1,file_worldbank_ds00005_001,77305
as_wb_75328,awd_wb_1788405,sup_wb_03513ca520a0847e,awardee,44339.81,USD,src_worldbank_finances1,file_worldbank_ds00005_001,75328
as_wb_76459,awd_wb_1788410,sup_wb_863361,awardee,11094.19,USD,src_worldbank_finances1,file_worldbank_ds00005_001,76459
as_wb_76712,awd_wb_1788418,sup_wb_0cbed94be5d814e2,awardee,58447.35,USD,src_worldbank_finances1,file_worldbank_ds00005_001,76712
as_wb_76064,awd_wb_1788428,sup_wb_25f780497ec7cd02,awardee,70914.18,USD,src_worldbank_finances1,file_worldbank_ds00005_001,76064
as_wb_75155,awd_wb_1788431,sup_wb_06fb8d2bf9327ba8,awardee,2504.38,USD,src_worldbank_finances1,file_worldbank_ds00005_001,75155
as_wb_76326,awd_wb_1788432,sup_wb_0ab8f048d6ec829e,awardee,106404.01,USD,src_worldbank_finances1,file_worldbank_ds00005_001,76326
as_wb_75866,awd_wb_1788439,sup_wb_0797ba149f68e4c7,awardee,4984.63,USD,src_worldbank_finances1,file_worldbank_ds00005_001,75866
as_wb_75487,awd_wb_1788447,sup_wb_727337,awardee,177935.90,USD,src_worldbank_finances1,file_worldbank_ds00005_001,75487
as_wb_75327,awd_wb_1788448,sup_wb_700937,awardee,81882.64,USD,src_worldbank_finances1,file_worldbank_ds00005_001,75327
as_wb_77647,awd_wb_1788452,sup_wb_784254,awardee,499886.38,USD,src_worldbank_finances1,file_worldbank_ds00005_001,77647
as_wb_76456,awd_wb_1788473,sup_wb_494158,awardee,3804150.86,USD,src_worldbank_finances1,file_worldbank_ds00005_001,76456
as_wb_76457,awd_wb_1788473,sup_wb_617506,awardee,3692264.07,USD,src_worldbank_finances1,file_worldbank_ds00005_001,76457
as_wb_76458,awd_wb_1788473,sup_wb_691279,awardee,3692264.07,USD,src_worldbank_finances1,file_worldbank_ds00005_001,76458
as_wb_75326,awd_wb_1788475,sup_wb_7c4ee51f2ab1a7fa,awardee,1437.30,USD,src_worldbank_finances1,file_worldbank_ds00005_001,75326
as_wb_76063,awd_wb_1788476,sup_wb_861852,awardee,11132.45,USD,src_worldbank_finances1,file_worldbank_ds00005_001,76063
as_wb_76711,awd_wb_1788484,sup_wb_0557fa81f9d50552,awardee,38400.00,USD,src_worldbank_finances1,file_worldbank_ds00005_001,76711
as_wb_76560,awd_wb_1788488,sup_wb_5bb2ed9a2e4a3f5e,awardee,48000.00,USD,src_worldbank_finances1,file_worldbank_ds00005_001,76560
as_wb_75325,awd_wb_1788500,sup_wb_818656,awardee,42527.83,USD,src_worldbank_finances1,file_worldbank_ds00005_001,75325
as_wb_75154,awd_wb_1788542,sup_wb_06c79a1441a492df,awardee,3804.00,USD,src_worldbank_finances1,file_worldbank_ds00005_001,75154
as_wb_75338,awd_wb_1788552,sup_wb_856420,awardee,67299.00,USD,src_worldbank_finances1,file_worldbank_ds00005_001,75338
as_wb_75153,awd_wb_1788579,sup_wb_34990,awardee,7000434.00,USD,src_worldbank_finances1,file_worldbank_ds00005_001,75153
as_wb_76455,awd_wb_1788592,sup_wb_839257,awardee,109646.85,USD,src_worldbank_finances1,file_worldbank_ds00005_001,76455
as_wb_75337,awd_wb_1788595,sup_wb_027de9306ace3e1d,awardee,52678.01,USD,src_worldbank_finances1,file_worldbank_ds00005_001,75337
