contract_supplier_id,contract_id,supplier_id,supplier_role,contract_share_value,currency_code,source_id,source_file_id,source_record_id
csu_00001,con_00001,sup_0107,contractor,,,src_ted_opendata,file_ted_0001,contract:CON-0001/organisation:ORG-0004
csu_00002,con_00002,sup_0107,contractor,,,src_ted_opendata,file_ted_0001,contract:CON-0002/organisation:ORG-0004
csu_00003,con_00003,sup_0108,contractor,,,src_ted_opendata,file_ted_0002,contract:CON-0001/organisation:ORG-0003
csu_00004,con_00004,sup_0109,contractor,,,src_ted_opendata,file_ted_0003,contract:CON-0000/organisation:ORG-0004
csu_00005,con_00005,sup_0110,contractor,,,src_ted_opendata,file_ted_0005,contract:CON-0001/organisation:ORG-0005
csu_00006,con_00006,sup_0111,contractor,,,src_ted_opendata,file_ted_0006,contract:CON-0001/organisation:ORG-0003
csu_00007,con_00007,sup_0112,contractor,,,src_ted_opendata,file_ted_0007,contract:CON-0001/organisation:ORG-0003
csu_00008,con_00007,sup_0113,contractor,,,src_ted_opendata,file_ted_0007,contract:CON-0001/organisation:ORG-0004
csu_00009,con_00008,sup_0114,contractor,,,src_ted_opendata,file_ted_0008,contract:CON-0001/organisation:ORG-0006
csu_00010,con_00009,sup_0115,contractor,,,src_ted_opendata,file_ted_0009,contract:CON-0001/organisation:ORG-9002
csu_00011,con_00010,sup_0116,contractor,,,src_ted_opendata,file_ted_0009,contract:CON-0002/organisation:ORG-9000
csu_00012,con_00011,sup_0117,contractor,,,src_ted_opendata,file_ted_0009,contract:CON-0003/organisation:ORG-9001
csu_00013,con_00012,sup_0118,contractor,,,src_ted_opendata,file_ted_0009,contract:CON-0004/organisation:ORG-9003
csu_00014,con_00013,sup_0119,contractor,,,src_ted_opendata,file_ted_0010,contract:CON-0001/organisation:ORG-0003
csu_00015,con_00014,sup_0120,contractor,,,src_ted_opendata,file_ted_0012,contract:CON-0001/organisation:ORG-0004
csu_00016,con_00015,sup_0121,contractor,,,src_ted_opendata,file_ted_0013,contract:CON-0001/organisation:ORG-0004
csu_00017,con_00016,sup_0121,contractor,,,src_ted_opendata,file_ted_0013,contract:CON-0002/organisation:ORG-0004
csu_00018,con_00017,sup_0122,contractor,,,src_ted_opendata,file_ted_0013,contract:CON-0003/organisation:ORG-0003
csu_00019,con_00018,sup_0122,contractor,,,src_ted_opendata,file_ted_0013,contract:CON-0004/organisation:ORG-0003
csu_00020,con_00019,sup_0122,contractor,,,src_ted_opendata,file_ted_0013,contract:CON-0005/organisation:ORG-0003
csu_00021,con_00020,sup_0122,contractor,,,src_ted_opendata,file_ted_0013,contract:CON-0006/organisation:ORG-0003
csu_00022,con_00021,sup_0122,contractor,,,src_ted_opendata,file_ted_0013,contract:CON-0007/organisation:ORG-0003
csu_00023,con_00022,sup_0122,contractor,,,src_ted_opendata,file_ted_0013,contract:CON-0008/organisation:ORG-0003
csu_00024,con_00023,sup_0122,contractor,,,src_ted_opendata,file_ted_0013,contract:CON-0009/organisation:ORG-0003
csu_00025,con_00024,sup_0122,contractor,,,src_ted_opendata,file_ted_0013,contract:CON-0010/organisation:ORG-0003
csu_00026,con_00025,sup_0121,contractor,,,src_ted_opendata,file_ted_0013,contract:CON-0011/organisation:ORG-0004
csu_00027,con_00026,sup_0121,contractor,,,src_ted_opendata,file_ted_0013,contract:CON-0012/organisation:ORG-0004
csu_00028,con_00027,sup_0122,contractor,,,src_ted_opendata,file_ted_0013,contract:CON-0013/organisation:ORG-0003
csu_00029,con_00028,sup_0122,contractor,,,src_ted_opendata,file_ted_0013,contract:CON-0014/organisation:ORG-0003
csu_00030,con_00029,sup_0121,contractor,,,src_ted_opendata,file_ted_0013,contract:CON-0015/organisation:ORG-0004
csu_00031,con_00030,sup_0121,contractor,,,src_ted_opendata,file_ted_0013,contract:CON-0016/organisation:ORG-0004
csu_00032,con_00031,sup_0121,contractor,,,src_ted_opendata,file_ted_0013,contract:CON-0017/organisation:ORG-0004
csu_00033,con_00032,sup_0121,contractor,,,src_ted_opendata,file_ted_0013,contract:CON-0018/organisation:ORG-0004
csu_00034,con_00033,sup_0121,contractor,,,src_ted_opendata,file_ted_0013,contract:CON-0019/organisation:ORG-0004
csu_00035,con_00034,sup_0121,contractor,,,src_ted_opendata,file_ted_0013,contract:CON-0020/organisation:ORG-0004
csu_00036,con_00035,sup_0121,contractor,,,src_ted_opendata,file_ted_0013,contract:CON-0021/organisation:ORG-0004
csu_00037,con_00036,sup_0122,contractor,,,src_ted_opendata,file_ted_0013,contract:CON-0023/organisation:ORG-0003
csu_00038,con_00037,sup_0122,contractor,,,src_ted_opendata,file_ted_0013,contract:CON-0024/organisation:ORG-0003
csu_00039,con_00038,sup_0122,contractor,,,src_ted_opendata,file_ted_0013,contract:CON-0025/organisation:ORG-0003
csu_00040,con_00039,sup_0122,contractor,,,src_ted_opendata,file_ted_0013,contract:CON-0026/organisation:ORG-0003
csu_00041,con_00040,sup_0122,contractor,,,src_ted_opendata,file_ted_0013,contract:CON-0027/organisation:ORG-0003
csu_00042,con_00041,sup_0122,contractor,,,src_ted_opendata,file_ted_0013,contract:CON-0028/organisation:ORG-0003
csu_00043,con_00042,sup_0123,contractor,,,src_ted_opendata,file_ted_0014,contract:CON-0001/organisation:ORG-0004
csu_00044,con_00043,sup_0124,contractor,,,src_ted_opendata,file_ted_0015,contract:CON-0001/organisation:ORG-0003
csu_00045,con_00044,sup_0125,contractor,,,src_ted_opendata,file_ted_0015,contract:CON-0002/organisation:ORG-0004
csu_00046,con_00045,sup_0126,contractor,,,src_ted_opendata,file_ted_0015,contract:CON-0003/organisation:ORG-0005
csu_00047,con_00046,sup_0127,contractor,,,src_ted_opendata,file_ted_0015,contract:CON-0004/organisation:ORG-0006
csu_00048,con_00047,sup_0128,contractor,,,src_ted_opendata,file_ted_0015,contract:CON-0005/organisation:ORG-0007
csu_00049,con_00048,sup_0126,contractor,,,src_ted_opendata,file_ted_0015,contract:CON-0006/organisation:ORG-0005
csu_00050,con_00049,sup_0129,contractor,,,src_ted_opendata,file_ted_0015,contract:CON-0007/organisation:ORG-0008
csu_00051,con_00050,sup_0130,contractor,,,src_ted_opendata,file_ted_0015,contract:CON-0008/organisation:ORG-0009
csu_00052,con_00051,sup_0124,contractor,,,src_ted_opendata,file_ted_0015,contract:CON-0009/organisation:ORG-0003
csu_00053,con_00052,sup_0129,contractor,,,src_ted_opendata,file_ted_0015,contract:CON-0010/organisation:ORG-0008
csu_00054,con_00053,sup_0131,contractor,,,src_ted_opendata,file_ted_0016,contract:CON-0001/organisation:ORG-0003
csu_00055,con_00053,sup_0132,contractor,,,src_ted_opendata,file_ted_0016,contract:CON-0001/organisation:ORG-0004
csu_00056,con_00054,sup_0133,contractor,,,src_ted_opendata,file_ted_0017,contract:CON-0000/organisation:ORG-0004
csu_00057,con_00055,sup_0134,contractor,,,src_ted_opendata,file_ted_0018,contract:CON-0001/organisation:ORG-0003
csu_00058,con_00056,sup_0135,contractor,,,src_ted_opendata,file_ted_0019,contract:CON-0001/organisation:ORG-0003
csu_00059,con_00057,sup_0136,contractor,,,src_ted_opendata,file_ted_0020,contract:CON-0001/organisation:ORG-0003
csu_00060,con_00058,sup_0137,contractor,,,src_ted_opendata,file_ted_0023,contract:CON-0001/organisation:ORG-0007
csu_00061,con_00059,sup_0138,contractor,,,src_ted_opendata,file_ted_0024,contract:CON-0001/organisation:ORG-9003
csu_00062,con_00060,sup_0139,contractor,,,src_ted_opendata,file_ted_0024,contract:CON-0002/organisation:ORG-9000
csu_00063,con_00061,sup_0140,contractor,,,src_ted_opendata,file_ted_0024,contract:CON-0003/organisation:ORG-9001
csu_00064,con_00062,sup_0141,contractor,,,src_ted_opendata,file_ted_0024,contract:CON-0004/organisation:ORG-9002
csu_00065,con_00063,sup_0140,contractor,,,src_ted_opendata,file_ted_0024,contract:CON-0005/organisation:ORG-9001
csu_00066,con_00063,sup_0138,contractor,,,src_ted_opendata,file_ted_0024,contract:CON-0005/organisation:ORG-9003
csu_00067,con_00064,sup_0142,contractor,,,src_ted_opendata,file_ted_0025,contract:CON-0001/organisation:ORG-0003
csu_00068,con_00065,sup_0143,contractor,,,src_ted_opendata,file_ted_0026,contract:CON-0001/organisation:ORG-0004
csu_00069,con_00066,sup_0144,contractor,,,src_ted_opendata,file_ted_0028,contract:CON-0001/organisation:ORG-0006
csu_00070,con_00067,sup_0145,contractor,,,src_ted_opendata,file_ted_0029,contract:CON-0001/organisation:ORG-0005
csu_00071,con_00068,sup_0146,contractor,,,src_ted_opendata,file_ted_0030,contract:CON-0001/organisation:ORG-0004
csu_00072,con_00069,sup_0147,contractor,,,src_ted_opendata,file_ted_0031,contract:CON-0001/organisation:ORG-0002
csu_00073,con_00070,sup_0148,contractor,,,src_ted_opendata,file_ted_0032,contract:CON-0001/organisation:ORG-0005
csu_00074,con_00071,sup_0149,contractor,,,src_ted_opendata,file_ted_0033,contract:CON-0001/organisation:ORG-0003
csu_00075,con_00072,sup_0150,contractor,,,src_ted_opendata,file_ted_0033,contract:CON-0002/organisation:ORG-0004
csu_00076,con_00073,sup_0151,contractor,,,src_ted_opendata,file_ted_0033,contract:CON-0003/organisation:ORG-0005
csu_00077,con_00074,sup_0152,contractor,,,src_ted_opendata,file_ted_0034,contract:CON-0000/organisation:ORG-0004
csu_00078,con_00074,sup_0153,contractor,,,src_ted_opendata,file_ted_0034,contract:CON-0000/organisation:ORG-0005
csu_00079,con_00074,sup_0154,contractor,,,src_ted_opendata,file_ted_0034,contract:CON-0000/organisation:ORG-0006
csu_00080,con_00075,sup_0155,contractor,,,src_ted_opendata,file_ted_0035,contract:CON-0001/organisation:ORG-0003
csu_00081,con_00076,sup_0156,contractor,,,src_ted_opendata,file_ted_0036,contract:CON-0001/organisation:ORG-0005
csu_00082,con_00076,sup_0159,contractor,,,src_ted_opendata,file_ted_0036,contract:CON-0001/organisation:ORG-0008
csu_00083,con_00076,sup_0160,contractor,,,src_ted_opendata,file_ted_0036,contract:CON-0001/organisation:ORG-0010
csu_00084,con_00076,sup_0161,contractor,,,src_ted_opendata,file_ted_0036,contract:CON-0001/organisation:ORG-0012
csu_00085,con_00076,sup_0162,contractor,,,src_ted_opendata,file_ted_0036,contract:CON-0001/organisation:ORG-0014
csu_00086,con_00076,sup_0163,contractor,,,src_ted_opendata,file_ted_0036,contract:CON-0001/organisation:ORG-0015
csu_00087,con_00077,sup_0157,contractor,,,src_ted_opendata,file_ted_0036,contract:CON-0002/organisation:ORG-0006
csu_00088,con_00078,sup_0158,contractor,,,src_ted_opendata,file_ted_0036,contract:CON-0003/organisation:ORG-0007
csu_00089,con_00078,sup_0164,contractor,,,src_ted_opendata,file_ted_0036,contract:CON-0003/organisation:ORG-0009
csu_00090,con_00078,sup_0165,contractor,,,src_ted_opendata,file_ted_0036,contract:CON-0003/organisation:ORG-0011
csu_00091,con_00078,sup_0166,contractor,,,src_ted_opendata,file_ted_0036,contract:CON-0003/organisation:ORG-0013
csu_00092,con_00079,sup_0167,contractor,,,src_ted_opendata,file_ted_0037,contract:CON-0003/organisation:ORG-0010
csu_00093,con_00079,sup_0168,contractor,,,src_ted_opendata,file_ted_0037,contract:CON-0003/organisation:ORG-0004
csu_00094,con_00079,sup_0169,contractor,,,src_ted_opendata,file_ted_0037,contract:CON-0003/organisation:ORG-0005
csu_00095,con_00079,sup_0170,contractor,,,src_ted_opendata,file_ted_0037,contract:CON-0003/organisation:ORG-0006
csu_00096,con_00079,sup_0171,contractor,,,src_ted_opendata,file_ted_0037,contract:CON-0003/organisation:ORG-0007
csu_00097,con_00079,sup_0172,contractor,,,src_ted_opendata,file_ted_0037,contract:CON-0003/organisation:ORG-0008
csu_00098,con_00079,sup_0173,contractor,,,src_ted_opendata,file_ted_0037,contract:CON-0003/organisation:ORG-0009
csu_00099,con_00079,sup_0174,contractor,,,src_ted_opendata,file_ted_0037,contract:CON-0003/organisation:ORG-0011
csu_00100,con_00079,sup_0175,contractor,,,src_ted_opendata,file_ted_0037,contract:CON-0003/organisation:ORG-0012
csu_00101,con_00079,sup_0176,contractor,,,src_ted_opendata,file_ted_0037,contract:CON-0003/organisation:ORG-0013
csu_00102,con_00080,sup_0177,contractor,,,src_ted_opendata,file_ted_0039,contract:CON-0001/organisation:ORG-0003
csu_00103,con_00081,sup_0177,contractor,,,src_ted_opendata,file_ted_0039,contract:CON-0002/organisation:ORG-0003
csu_00104,con_00082,sup_0178,contractor,,,src_ted_opendata,file_ted_0040,contract:CON-0001/organisation:ORG-0003
csu_00105,con_00083,sup_0178,contractor,,,src_ted_opendata,file_ted_0040,contract:CON-0002/organisation:ORG-0003
csu_00106,con_00084,sup_0178,contractor,,,src_ted_opendata,file_ted_0040,contract:CON-0003/organisation:ORG-0003
csu_00107,con_00085,sup_0178,contractor,,,src_ted_opendata,file_ted_0040,contract:CON-0004/organisation:ORG-0003
csu_00108,con_00086,sup_0179,contractor,,,src_ted_opendata,file_ted_0040,contract:CON-0005/organisation:ORG-0004
csu_00109,con_00087,sup_0178,contractor,,,src_ted_opendata,file_ted_0040,contract:CON-0006/organisation:ORG-0003
csu_00110,con_00088,sup_0178,contractor,,,src_ted_opendata,file_ted_0040,contract:CON-0007/organisation:ORG-0003
csu_00111,con_00089,sup_0180,contractor,,,src_ted_opendata,file_ted_0041,contract:CON-0001/organisation:ORG-0002
csu_00112,con_00089,sup_0181,contractor,,,src_ted_opendata,file_ted_0041,contract:CON-0001/organisation:ORG-0003
csu_00113,con_00090,sup_0182,contractor,,,src_ted_opendata,file_ted_0042,contract:CON-0001/organisation:ORG-0003
csu_00114,con_00091,sup_0183,contractor,,,src_ted_opendata,file_ted_0042,contract:CON-0004/organisation:ORG-0004
csu_00115,con_00092,sup_0183,contractor,,,src_ted_opendata,file_ted_0042,contract:CON-0003/organisation:ORG-0004
csu_00116,con_00093,sup_0183,contractor,,,src_ted_opendata,file_ted_0042,contract:CON-0002/organisation:ORG-0004
csu_00117,con_00094,sup_0184,contractor,,,src_ted_opendata,file_ted_0043,contract:CON-0015/organisation:ORG-9000
csu_00118,con_00095,sup_0184,contractor,,,src_ted_opendata,file_ted_0043,contract:CON-0016/organisation:ORG-9000
csu_00119,con_00096,sup_0185,contractor,,,src_ted_opendata,file_ted_0043,contract:CON-0017/organisation:ORG-9005
csu_00120,con_00097,sup_0186,contractor,,,src_ted_opendata,file_ted_0043,contract:CON-0018/organisation:ORG-9001
csu_00121,con_00098,sup_0186,contractor,,,src_ted_opendata,file_ted_0043,contract:CON-0019/organisation:ORG-9001
csu_00122,con_00099,sup_0184,contractor,,,src_ted_opendata,file_ted_0043,contract:CON-0020/organisation:ORG-9000
csu_00123,con_00100,sup_0186,contractor,,,src_ted_opendata,file_ted_0043,contract:CON-0021/organisation:ORG-9001
csu_00124,con_00101,sup_0187,contractor,,,src_ted_opendata,file_ted_0043,contract:CON-0022/organisation:ORG-9004
csu_00125,con_00102,sup_0184,contractor,,,src_ted_opendata,file_ted_0043,contract:CON-0023/organisation:ORG-9000
csu_00126,con_00103,sup_0186,contractor,,,src_ted_opendata,file_ted_0043,contract:CON-0024/organisation:ORG-9001
csu_00127,con_00104,sup_0186,contractor,,,src_ted_opendata,file_ted_0043,contract:CON-0001/organisation:ORG-9001
csu_00128,con_00105,sup_0184,contractor,,,src_ted_opendata,file_ted_0043,contract:CON-0002/organisation:ORG-9000
csu_00129,con_00105,sup_0188,contractor,,,src_ted_opendata,file_ted_0043,contract:CON-0002/organisation:ORG-9003
csu_00130,con_00105,sup_0186,contractor,,,src_ted_opendata,file_ted_0043,contract:CON-0002/organisation:ORG-9001
csu_00131,con_00106,sup_0188,contractor,,,src_ted_opendata,file_ted_0043,contract:CON-0007/organisation:ORG-9003
csu_00132,con_00106,sup_0185,contractor,,,src_ted_opendata,file_ted_0043,contract:CON-0007/organisation:ORG-9005
csu_00133,con_00107,sup_0186,contractor,,,src_ted_opendata,file_ted_0043,contract:CON-0008/organisation:ORG-9001
csu_00134,con_00108,sup_0184,contractor,,,src_ted_opendata,file_ted_0043,contract:CON-0009/organisation:ORG-9000
csu_00135,con_00108,sup_0186,contractor,,,src_ted_opendata,file_ted_0043,contract:CON-0009/organisation:ORG-9001
csu_00136,con_00109,sup_0186,contractor,,,src_ted_opendata,file_ted_0043,contract:CON-0003/organisation:ORG-9001
csu_00137,con_00110,sup_0188,contractor,,,src_ted_opendata,file_ted_0043,contract:CON-0010/organisation:ORG-9003
csu_00138,con_00110,sup_0186,contractor,,,src_ted_opendata,file_ted_0043,contract:CON-0010/organisation:ORG-9001
csu_00139,con_00111,sup_0184,contractor,,,src_ted_opendata,file_ted_0043,contract:CON-0004/organisation:ORG-9000
csu_00140,con_00111,sup_0186,contractor,,,src_ted_opendata,file_ted_0043,contract:CON-0004/organisation:ORG-9001
csu_00141,con_00112,sup_0187,contractor,,,src_ted_opendata,file_ted_0043,contract:CON-0011/organisation:ORG-9004
csu_00142,con_00113,sup_0184,contractor,,,src_ted_opendata,file_ted_0043,contract:CON-0005/organisation:ORG-9000
csu_00143,con_00114,sup_0184,contractor,,,src_ted_opendata,file_ted_0043,contract:CON-0012/organisation:ORG-9000
csu_00144,con_00115,sup_0184,contractor,,,src_ted_opendata,file_ted_0043,contract:CON-0013/organisation:ORG-9000
csu_00145,con_00116,sup_0184,contractor,,,src_ted_opendata,file_ted_0043,contract:CON-0014/organisation:ORG-9000
csu_00146,con_00116,sup_0186,contractor,,,src_ted_opendata,file_ted_0043,contract:CON-0014/organisation:ORG-9001
csu_00147,con_00116,sup_0189,contractor,,,src_ted_opendata,file_ted_0043,contract:CON-0014/organisation:ORG-9002
csu_00148,con_00117,sup_0184,contractor,,,src_ted_opendata,file_ted_0043,contract:CON-0006/organisation:ORG-9000
csu_00149,con_00117,sup_0188,contractor,,,src_ted_opendata,file_ted_0043,contract:CON-0006/organisation:ORG-9003
csu_00150,con_00117,sup_0186,contractor,,,src_ted_opendata,file_ted_0043,contract:CON-0006/organisation:ORG-9001
csu_00151,con_00118,sup_0186,contractor,,,src_ted_opendata,file_ted_0043,contract:CON-0025/organisation:ORG-9001
csu_00152,con_00119,sup_0184,contractor,,,src_ted_opendata,file_ted_0043,contract:CON-0026/organisation:ORG-9000
csu_00153,con_00120,sup_0188,contractor,,,src_ted_opendata,file_ted_0043,contract:CON-0027/organisation:ORG-9003
csu_00154,con_00121,sup_0184,contractor,,,src_ted_opendata,file_ted_0043,contract:CON-0028/organisation:ORG-9000
csu_00155,con_00122,sup_0186,contractor,,,src_ted_opendata,file_ted_0043,contract:CON-0029/organisation:ORG-9001
csu_00156,con_00123,sup_0186,contractor,,,src_ted_opendata,file_ted_0043,contract:CON-0030/organisation:ORG-9001
csu_00157,con_00124,sup_0190,contractor,,,src_ted_opendata,file_ted_0044,contract:CON-0001/organisation:ORG-0004
csu_00158,con_00125,sup_0191,contractor,,,src_ted_opendata,file_ted_0045,contract:CON-0001/organisation:ORG-0002
csu_00159,con_00126,sup_0192,contractor,,,src_ted_opendata,file_ted_0046,contract:CON-0001/organisation:ORG-0006
csu_00160,con_00127,sup_0193,contractor,,,src_ted_opendata,file_ted_0047,contract:CON-0001/organisation:ORG-0004
csu_00161,con_00128,sup_0194,contractor,,,src_ted_opendata,file_ted_0047,contract:CON-0002/organisation:ORG-0005
csu_00162,con_00129,sup_0193,contractor,,,src_ted_opendata,file_ted_0047,contract:CON-0003/organisation:ORG-0004
csu_00163,con_00130,sup_0195,contractor,,,src_ted_opendata,file_ted_0048,contract:CON-0001/organisation:ORG-0004
csu_00164,con_00131,sup_0196,contractor,,,src_ted_opendata,file_ted_0051,contract:CON-0001/organisation:ORG-0004
csu_00165,con_00132,sup_0197,contractor,,,src_ted_opendata,file_ted_0052,contract:CON-0001/organisation:ORG-0005
csu_00166,con_00133,sup_0198,contractor,,,src_ted_opendata,file_ted_0052,contract:CON-0002/organisation:ORG-0006
csu_00167,con_00134,sup_0199,contractor,,,src_ted_opendata,file_ted_0053,contract:CON-0001/organisation:ORG-1001
csu_00168,con_00135,sup_0200,contractor,,,src_ted_opendata,file_ted_0054,contract:CON-0001/organisation:ORG-0006
csu_00169,con_00136,sup_0193,contractor,,,src_ted_opendata,file_ted_0055,contract:CON-0001/organisation:ORG-0003
csu_00170,con_00137,sup_0201,contractor,,,src_ted_opendata,file_ted_0056,contract:CON-0001/organisation:ORG-0003
csu_00171,con_00138,sup_0202,contractor,,,src_ted_opendata,file_ted_0057,contract:CON-0001/organisation:ORG-0005
csu_00172,con_00139,sup_0202,contractor,,,src_ted_opendata,file_ted_0057,contract:CON-0002/organisation:ORG-0005
csu_00173,con_00140,sup_0203,contractor,,,src_ted_opendata,file_ted_0057,contract:CON-0003/organisation:ORG-0006
csu_00174,con_00141,sup_0204,contractor,,,src_ted_opendata,file_ted_0058,contract:CON-0001/organisation:ORG-0005
csu_00175,con_00142,sup_0205,contractor,,,src_ted_opendata,file_ted_0059,contract:CON-0001/organisation:ORG-0002
csu_00176,con_00143,sup_0206,contractor,,,src_ted_opendata,file_ted_0060,contract:CON-0001/organisation:ORG-0003
csu_00177,con_00144,sup_0207,contractor,,,src_ted_opendata,file_ted_0061,contract:CON-0001/organisation:ORG-0005
csu_00178,con_00145,sup_0209,contractor,,,src_ted_opendata,file_ted_0062,contract:CON-0016/organisation:ORG-0005
csu_00179,con_00146,sup_0208,contractor,,,src_ted_opendata,file_ted_0062,contract:CON-0015/organisation:ORG-0004
csu_00180,con_00147,sup_0210,contractor,,,src_ted_opendata,file_ted_0064,contract:CON-0001/organisation:ORG-0003
csu_00181,con_00148,sup_0211,contractor,,,src_ted_opendata,file_ted_0065,contract:CON-0001/organisation:ORG-0002
csu_00182,con_00149,sup_0212,contractor,,,src_ted_opendata,file_ted_0066,contract:CON-0001/organisation:ORG-0006
csu_00183,con_00150,sup_0213,contractor,,,src_ted_opendata,file_ted_0067,contract:CON-0001/organisation:ORG-0003
csu_00184,con_00151,sup_0214,contractor,,,src_ted_opendata,file_ted_0068,contract:CON-0001/organisation:ORG-0003
csu_00185,con_00152,sup_0215,contractor,,,src_ted_opendata,file_ted_0069,contract:CON-0001/organisation:ORG-0004
csu_00186,con_00153,sup_0216,contractor,,,src_ted_opendata,file_ted_0070,contract:CON-0001/organisation:ORG-0003
csu_00187,con_00154,sup_0217,contractor,,,src_ted_opendata,file_ted_0071,contract:CON-0001/organisation:ORG-0003
csu_00188,con_00155,sup_0218,contractor,,,src_ted_opendata,file_ted_0072,contract:CON-0001/organisation:ORG-0005
csu_00189,con_00156,sup_0219,contractor,,,src_ted_opendata,file_ted_0072,contract:CON-0002/organisation:ORG-0004
csu_00190,con_00157,sup_0218,contractor,,,src_ted_opendata,file_ted_0072,contract:CON-0003/organisation:ORG-0005
csu_00191,con_00158,sup_0219,contractor,,,src_ted_opendata,file_ted_0072,contract:CON-0004/organisation:ORG-0004
csu_00192,con_00159,sup_0218,contractor,,,src_ted_opendata,file_ted_0072,contract:CON-0005/organisation:ORG-0005
csu_00193,con_00160,sup_0220,contractor,,,src_ted_opendata,file_ted_0073,contract:CON-0001/organisation:ORG-0005
csu_00194,con_00161,sup_0221,contractor,,,src_ted_opendata,file_ted_0074,contract:CON-0001/organisation:ORG-0004
csu_00195,con_00162,sup_0222,contractor,,,src_ted_opendata,file_ted_0074,contract:CON-0002/organisation:ORG-0005
csu_00196,con_00163,sup_0223,contractor,,,src_ted_opendata,file_ted_0074,contract:CON-0003/organisation:ORG-0006
csu_00197,con_00164,sup_0224,contractor,,,src_ted_opendata,file_ted_0074,contract:CON-0004/organisation:ORG-0007
csu_00198,con_00165,sup_0225,contractor,,,src_ted_opendata,file_ted_0076,contract:CON-0001/organisation:ORG-0003
csu_00199,con_00166,sup_0122,contractor,,,src_ted_opendata,file_ted_0077,contract:CON-0001/organisation:ORG-0003
csu_00200,con_00167,sup_0122,contractor,,,src_ted_opendata,file_ted_0077,contract:CON-0002/organisation:ORG-0003
csu_00201,con_00168,sup_0122,contractor,,,src_ted_opendata,file_ted_0077,contract:CON-0003/organisation:ORG-0003
csu_00202,con_00169,sup_0122,contractor,,,src_ted_opendata,file_ted_0077,contract:CON-0004/organisation:ORG-0003
csu_00203,con_00170,sup_0122,contractor,,,src_ted_opendata,file_ted_0077,contract:CON-0005/organisation:ORG-0003
csu_00204,con_00171,sup_0122,contractor,,,src_ted_opendata,file_ted_0077,contract:CON-0006/organisation:ORG-0003
csu_00205,con_00172,sup_0122,contractor,,,src_ted_opendata,file_ted_0077,contract:CON-0007/organisation:ORG-0003
csu_00206,con_00173,sup_0122,contractor,,,src_ted_opendata,file_ted_0077,contract:CON-0008/organisation:ORG-0003
csu_00207,con_00174,sup_0122,contractor,,,src_ted_opendata,file_ted_0077,contract:CON-0009/organisation:ORG-0003
csu_00208,con_00175,sup_0122,contractor,,,src_ted_opendata,file_ted_0077,contract:CON-0010/organisation:ORG-0003
csu_00209,con_00176,sup_0122,contractor,,,src_ted_opendata,file_ted_0077,contract:CON-0011/organisation:ORG-0003
csu_00210,con_00177,sup_0122,contractor,,,src_ted_opendata,file_ted_0077,contract:CON-0012/organisation:ORG-0003
csu_00211,con_00178,sup_0122,contractor,,,src_ted_opendata,file_ted_0077,contract:CON-0013/organisation:ORG-0003
csu_00212,con_00179,sup_0226,contractor,,,src_ted_opendata,file_ted_0078,contract:CON-0001/organisation:ORG-0003
csu_00213,con_00180,sup_0227,contractor,,,src_ted_opendata,file_ted_0078,contract:CON-0002/organisation:ORG-0004
csu_00214,con_00181,sup_0228,contractor,,,src_ted_opendata,file_ted_0079,contract:CON-0001/organisation:ORG-0004
csu_00215,con_00182,sup_0229,contractor,,,src_ted_opendata,file_ted_0080,contract:CON-0000/organisation:ORG-0002
csu_00216,con_00184,sup_0230,contractor,,,src_ted_opendata,file_ted_0082,contract:CON-0001/organisation:ORG-0003
csu_00217,con_00184,sup_0231,contractor,,,src_ted_opendata,file_ted_0082,contract:CON-0001/organisation:ORG-0006
csu_00218,con_00185,sup_0230,contractor,,,src_ted_opendata,file_ted_0082,contract:CON-0003/organisation:ORG-0003
csu_00219,con_00185,sup_0231,contractor,,,src_ted_opendata,file_ted_0082,contract:CON-0003/organisation:ORG-0006
csu_00220,con_00186,sup_0232,contractor,,,src_ted_opendata,file_ted_0083,contract:CON-0001/organisation:ORG-0004
csu_00221,con_00187,sup_0233,contractor,,,src_ted_opendata,file_ted_0084,contract:CON-0001/organisation:ORG-0004
csu_00222,con_00188,sup_0234,contractor,,,src_ted_opendata,file_ted_0085,contract:CON-0001/organisation:ORG-0003
csu_00223,con_00188,sup_0235,contractor,,,src_ted_opendata,file_ted_0085,contract:CON-0001/organisation:ORG-0004
csu_00224,con_00189,sup_0236,contractor,,,src_ted_opendata,file_ted_0086,contract:CON-0001/organisation:ORG-0003
csu_00225,con_00190,sup_0237,contractor,,,src_ted_opendata,file_ted_0087,contract:CON-0001/organisation:ORG-0003
csu_00226,con_00191,sup_0238,contractor,,,src_ted_opendata,file_ted_0089,contract:CON-0001/organisation:ORG-0003
csu_00227,con_00192,sup_0239,contractor,,,src_ted_opendata,file_ted_0090,contract:CON-0000/organisation:ORG-0002
csu_00228,con_00193,sup_0240,contractor,,,src_ted_opendata,file_ted_0091,contract:CON-0001/organisation:ORG-0003
csu_00229,con_00194,sup_0241,contractor,,,src_ted_opendata,file_ted_0092,contract:CON-0001/organisation:ORG-0006
csu_00230,con_00195,sup_0242,contractor,,,src_ted_opendata,file_ted_0093,contract:CON-0001/organisation:ORG-0005
csu_00231,con_00196,sup_0243,contractor,,,src_ted_opendata,file_ted_0094,contract:CON-0300/organisation:ORG-0010
csu_00232,con_00197,sup_0244,contractor,,,src_ted_opendata,file_ted_0096,contract:CON-0001/organisation:ORG-0003
csu_00233,con_00198,sup_0245,contractor,,,src_ted_opendata,file_ted_0099,contract:CON-0001/organisation:ORG-0003
csu_00234,con_00199,sup_0246,contractor,,,src_ted_opendata,file_ted_0101,contract:CON-0001/organisation:ORG-0004
csu_00235,con_00200,sup_0247,contractor,,,src_ted_opendata,file_ted_0104,contract:CON-0001/organisation:ORG-0005
csu_00236,con_00201,sup_0248,contractor,,,src_ted_opendata,file_ted_0106,contract:CON-0001/organisation:ORG-0003
csu_00237,con_00202,sup_0249,contractor,,,src_ted_opendata,file_ted_0107,contract:CON-0001/organisation:ORG-0003
csu_00238,con_00203,sup_0250,contractor,,,src_ted_opendata,file_ted_0108,contract:CON-0001/organisation:ORG-0005
csu_00239,con_00204,sup_0251,contractor,,,src_ted_opendata,file_ted_0109,contract:CON-0001/organisation:ORG-0004
csu_00240,con_00205,sup_0252,contractor,,,src_ted_opendata,file_ted_0111,contract:CON-0001/organisation:ORG-0006
csu_00241,con_00206,sup_0253,contractor,,,src_ted_opendata,file_ted_0112,contract:CON-0002/organisation:ORG-9000
csu_00242,con_00207,sup_0253,contractor,,,src_ted_opendata,file_ted_0112,contract:CON-0001/organisation:ORG-9000
csu_00243,con_00208,sup_0253,contractor,,,src_ted_opendata,file_ted_0112,contract:CON-0003/organisation:ORG-9000
csu_00244,con_00209,sup_0253,contractor,,,src_ted_opendata,file_ted_0112,contract:CON-0004/organisation:ORG-9000
csu_00245,con_00210,sup_0253,contractor,,,src_ted_opendata,file_ted_0112,contract:CON-0005/organisation:ORG-9000
csu_00246,con_00211,sup_0254,contractor,,,src_ted_opendata,file_ted_0114,contract:CON-0001/organisation:ORG-0003
csu_00247,con_00211,sup_0255,contractor,,,src_ted_opendata,file_ted_0114,contract:CON-0001/organisation:ORG-0004
csu_00248,con_00211,sup_0256,contractor,,,src_ted_opendata,file_ted_0114,contract:CON-0001/organisation:ORG-0005
csu_00249,con_00211,sup_0257,contractor,,,src_ted_opendata,file_ted_0114,contract:CON-0001/organisation:ORG-0006
csu_00250,con_00211,sup_0258,contractor,,,src_ted_opendata,file_ted_0114,contract:CON-0001/organisation:ORG-0007
csu_00251,con_00212,sup_0254,contractor,,,src_ted_opendata,file_ted_0114,contract:CON-0002/organisation:ORG-0003
csu_00252,con_00212,sup_0255,contractor,,,src_ted_opendata,file_ted_0114,contract:CON-0002/organisation:ORG-0004
csu_00253,con_00212,sup_0256,contractor,,,src_ted_opendata,file_ted_0114,contract:CON-0002/organisation:ORG-0005
csu_00254,con_00212,sup_0257,contractor,,,src_ted_opendata,file_ted_0114,contract:CON-0002/organisation:ORG-0006
csu_00255,con_00212,sup_0258,contractor,,,src_ted_opendata,file_ted_0114,contract:CON-0002/organisation:ORG-0007
csu_00256,con_00213,sup_0254,contractor,,,src_ted_opendata,file_ted_0114,contract:CON-0003/organisation:ORG-0003
csu_00257,con_00213,sup_0255,contractor,,,src_ted_opendata,file_ted_0114,contract:CON-0003/organisation:ORG-0004
csu_00258,con_00213,sup_0256,contractor,,,src_ted_opendata,file_ted_0114,contract:CON-0003/organisation:ORG-0005
csu_00259,con_00213,sup_0257,contractor,,,src_ted_opendata,file_ted_0114,contract:CON-0003/organisation:ORG-0006
csu_00260,con_00213,sup_0258,contractor,,,src_ted_opendata,file_ted_0114,contract:CON-0003/organisation:ORG-0007
csu_00261,con_00214,sup_0254,contractor,,,src_ted_opendata,file_ted_0114,contract:CON-0004/organisation:ORG-0003
csu_00262,con_00214,sup_0255,contractor,,,src_ted_opendata,file_ted_0114,contract:CON-0004/organisation:ORG-0004
csu_00263,con_00214,sup_0256,contractor,,,src_ted_opendata,file_ted_0114,contract:CON-0004/organisation:ORG-0005
csu_00264,con_00214,sup_0257,contractor,,,src_ted_opendata,file_ted_0114,contract:CON-0004/organisation:ORG-0006
csu_00265,con_00214,sup_0258,contractor,,,src_ted_opendata,file_ted_0114,contract:CON-0004/organisation:ORG-0007
csu_00266,con_00215,sup_0254,contractor,,,src_ted_opendata,file_ted_0114,contract:CON-0005/organisation:ORG-0003
csu_00267,con_00215,sup_0255,contractor,,,src_ted_opendata,file_ted_0114,contract:CON-0005/organisation:ORG-0004
csu_00268,con_00215,sup_0256,contractor,,,src_ted_opendata,file_ted_0114,contract:CON-0005/organisation:ORG-0005
csu_00269,con_00215,sup_0257,contractor,,,src_ted_opendata,file_ted_0114,contract:CON-0005/organisation:ORG-0006
csu_00270,con_00215,sup_0258,contractor,,,src_ted_opendata,file_ted_0114,contract:CON-0005/organisation:ORG-0007
csu_00271,con_00216,sup_0179,contractor,,,src_ted_opendata,file_ted_0115,contract:CON-0001/organisation:ORG-0003
csu_00272,con_00217,sup_0179,contractor,,,src_ted_opendata,file_ted_0115,contract:CON-0002/organisation:ORG-0003
csu_00273,con_00218,sup_0179,contractor,,,src_ted_opendata,file_ted_0115,contract:CON-0003/organisation:ORG-0003
csu_00274,con_00219,sup_0179,contractor,,,src_ted_opendata,file_ted_0115,contract:CON-0004/organisation:ORG-0003
csu_00275,con_00220,sup_0179,contractor,,,src_ted_opendata,file_ted_0115,contract:CON-0005/organisation:ORG-0003
csu_00276,con_00221,sup_0179,contractor,,,src_ted_opendata,file_ted_0115,contract:CON-0006/organisation:ORG-0003
csu_00277,con_00222,sup_0179,contractor,,,src_ted_opendata,file_ted_0115,contract:CON-0007/organisation:ORG-0003
csu_00278,con_00223,sup_0179,contractor,,,src_ted_opendata,file_ted_0115,contract:CON-0008/organisation:ORG-0003
csu_00279,con_00224,sup_0179,contractor,,,src_ted_opendata,file_ted_0115,contract:CON-0009/organisation:ORG-0003
csu_00280,con_00225,sup_0179,contractor,,,src_ted_opendata,file_ted_0115,contract:CON-0010/organisation:ORG-0003
csu_00281,con_00226,sup_0179,contractor,,,src_ted_opendata,file_ted_0115,contract:CON-0011/organisation:ORG-0003
csu_00282,con_00227,sup_0179,contractor,,,src_ted_opendata,file_ted_0115,contract:CON-0012/organisation:ORG-0003
csu_00283,con_00228,sup_0179,contractor,,,src_ted_opendata,file_ted_0115,contract:CON-0013/organisation:ORG-0003
csu_00284,con_00229,sup_0179,contractor,,,src_ted_opendata,file_ted_0115,contract:CON-0014/organisation:ORG-0003
csu_00285,con_00230,sup_0259,contractor,,,src_ted_opendata,file_ted_0116,contract:CON-0001/organisation:ORG-0004
csu_00286,con_00231,sup_0260,contractor,,,src_ted_opendata,file_ted_0117,contract:CON-0001/organisation:ORG-0003
csu_00287,con_00232,sup_0260,contractor,,,src_ted_opendata,file_ted_0117,contract:CON-0002/organisation:ORG-0003
csu_00288,con_00233,sup_0261,contractor,,,src_ted_opendata,file_ted_0117,contract:CON-0003/organisation:ORG-0005
csu_00289,con_00234,sup_0262,contractor,,,src_ted_opendata,file_ted_0117,contract:CON-0004/organisation:ORG-0006
csu_00290,con_00235,sup_0263,contractor,,,src_ted_opendata,file_ted_0117,contract:CON-0005/organisation:ORG-0007
csu_00291,con_00236,sup_0260,contractor,,,src_ted_opendata,file_ted_0117,contract:CON-0006/organisation:ORG-0003
csu_00292,con_00237,sup_0263,contractor,,,src_ted_opendata,file_ted_0117,contract:CON-0007/organisation:ORG-0007
csu_00293,con_00238,sup_0263,contractor,,,src_ted_opendata,file_ted_0117,contract:CON-0008/organisation:ORG-0007
csu_00294,con_00239,sup_0178,contractor,,,src_ted_opendata,file_ted_0117,contract:CON-0009/organisation:ORG-0004
csu_00295,con_00240,sup_0264,contractor,,,src_ted_opendata,file_ted_0119,contract:CON-0000/organisation:ORG-0004
csu_00296,con_00241,sup_0265,contractor,,,src_ted_opendata,file_ted_0120,contract:CON-0001/organisation:ORG-0008
csu_00297,con_00242,sup_0266,contractor,,,src_ted_opendata,file_ted_0120,contract:CON-0002/organisation:ORG-0006
csu_00298,con_00243,sup_0267,contractor,,,src_ted_opendata,file_ted_0120,contract:CON-0003/organisation:ORG-0007
csu_00299,con_00244,sup_0268,contractor,,,src_ted_opendata,file_ted_0121,contract:CON-0001/organisation:ORG-0017
csu_00300,con_00245,sup_0268,contractor,,,src_ted_opendata,file_ted_0121,contract:CON-0002/organisation:ORG-0017
csu_00301,con_00246,sup_0269,contractor,,,src_ted_opendata,file_ted_0121,contract:CON-0003/organisation:ORG-0005
csu_00302,con_00247,sup_0268,contractor,,,src_ted_opendata,file_ted_0121,contract:CON-0004/organisation:ORG-0017
csu_00303,con_00248,sup_0270,contractor,,,src_ted_opendata,file_ted_0121,contract:CON-0005/organisation:ORG-0006
csu_00304,con_00249,sup_0271,contractor,,,src_ted_opendata,file_ted_0121,contract:CON-0006/organisation:ORG-0007
csu_00305,con_00250,sup_0272,contractor,,,src_ted_opendata,file_ted_0121,contract:CON-0007/organisation:ORG-0014
csu_00306,con_00251,sup_0269,contractor,,,src_ted_opendata,file_ted_0121,contract:CON-0008/organisation:ORG-0005
csu_00307,con_00252,sup_0273,contractor,,,src_ted_opendata,file_ted_0121,contract:CON-0009/organisation:ORG-0009
csu_00308,con_00253,sup_0268,contractor,,,src_ted_opendata,file_ted_0121,contract:CON-0010/organisation:ORG-0017
csu_00309,con_00254,sup_0274,contractor,,,src_ted_opendata,file_ted_0122,contract:CON-0001/organisation:ORG-0003
csu_00310,con_00255,sup_0275,contractor,,,src_ted_opendata,file_ted_0123,contract:CON-0001/organisation:ORG-0003
csu_00311,con_00256,sup_0276,contractor,,,src_ted_opendata,file_ted_0124,contract:CON-0001/organisation:ORG-0003
csu_00312,con_00257,sup_0277,contractor,,,src_ted_opendata,file_ted_0124,contract:CON-0002/organisation:ORG-0004
csu_00313,con_00258,sup_0278,contractor,,,src_ted_opendata,file_ted_0124,contract:CON-0003/organisation:ORG-0005
csu_00314,con_00259,sup_0279,contractor,,,src_ted_opendata,file_ted_0124,contract:CON-0004/organisation:ORG-0006
csu_00315,con_00260,sup_0280,contractor,,,src_ted_opendata,file_ted_0124,contract:CON-0005/organisation:ORG-0007
csu_00316,con_00261,sup_0281,contractor,,,src_ted_opendata,file_ted_0124,contract:CON-0006/organisation:ORG-0008
csu_00317,con_00262,sup_0282,contractor,,,src_ted_opendata,file_ted_0124,contract:CON-0007/organisation:ORG-0009
csu_00318,con_00263,sup_0282,contractor,,,src_ted_opendata,file_ted_0124,contract:CON-0008/organisation:ORG-0009
csu_00319,con_00264,sup_0283,contractor,,,src_ted_opendata,file_ted_0124,contract:CON-0009/organisation:ORG-0010
csu_00320,con_00265,sup_0282,contractor,,,src_ted_opendata,file_ted_0124,contract:CON-0010/organisation:ORG-0009
csu_00321,con_00266,sup_0277,contractor,,,src_ted_opendata,file_ted_0124,contract:CON-0011/organisation:ORG-0004
csu_00322,con_00267,sup_0284,contractor,,,src_ted_opendata,file_ted_0124,contract:CON-0012/organisation:ORG-0015
csu_00323,con_00268,sup_0285,contractor,,,src_ted_opendata,file_ted_0124,contract:CON-0013/organisation:ORG-0011
csu_00324,con_00269,sup_0286,contractor,,,src_ted_opendata,file_ted_0124,contract:CON-0014/organisation:ORG-0012
csu_00325,con_00270,sup_0287,contractor,,,src_ted_opendata,file_ted_0124,contract:CON-0015/organisation:ORG-0013
csu_00326,con_00271,sup_0288,contractor,,,src_ted_opendata,file_ted_0124,contract:CON-0016/organisation:ORG-0014
csu_00327,con_00272,sup_0289,contractor,,,src_ted_opendata,file_ted_0125,contract:CON-0001/organisation:ORG-0003
csu_00328,con_00273,sup_0290,contractor,,,src_ted_opendata,file_ted_0125,contract:CON-0002/organisation:ORG-0005
csu_00329,con_00274,sup_0292,contractor,,,src_ted_opendata,file_ted_0125,contract:CON-0003/organisation:ORG-0008
csu_00330,con_00275,sup_0293,contractor,,,src_ted_opendata,file_ted_0125,contract:CON-0004/organisation:ORG-0009
csu_00331,con_00276,sup_0294,contractor,,,src_ted_opendata,file_ted_0126,contract:CON-0001/organisation:ORG-0002
csu_00332,con_00277,sup_0295,contractor,,,src_ted_opendata,file_ted_0127,contract:CON-0001/organisation:ORG-0004
csu_00333,con_00278,sup_0296,contractor,,,src_ted_opendata,file_ted_0127,contract:CON-0002/organisation:ORG-0005
csu_00334,con_00279,sup_0296,contractor,,,src_ted_opendata,file_ted_0127,contract:CON-0003/organisation:ORG-0005
csu_00335,con_00280,sup_0297,contractor,,,src_ted_opendata,file_ted_0127,contract:CON-0004/organisation:ORG-0006
csu_00336,con_00281,sup_0298,contractor,,,src_ted_opendata,file_ted_0127,contract:CON-0005/organisation:ORG-0007
csu_00337,con_00282,sup_0299,contractor,,,src_ted_opendata,file_ted_0128,contract:CON-0001/organisation:ORG-0004
csu_00338,con_00283,sup_0300,contractor,,,src_ted_opendata,file_ted_0128,contract:CON-0002/organisation:ORG-0005
csu_00339,con_00284,sup_0301,contractor,,,src_ted_opendata,file_ted_0128,contract:CON-0003/organisation:ORG-0006
csu_00340,con_00285,sup_0302,contractor,,,src_ted_opendata,file_ted_0128,contract:CON-0004/organisation:ORG-0007
csu_00341,con_00286,sup_0303,contractor,,,src_ted_opendata,file_ted_0128,contract:CON-0005/organisation:ORG-0008
csu_00342,con_00287,sup_0304,contractor,,,src_ted_opendata,file_ted_0128,contract:CON-0006/organisation:ORG-0009
csu_00343,con_00288,sup_0305,contractor,,,src_ted_opendata,file_ted_0128,contract:CON-0007/organisation:ORG-0010
csu_00344,con_00289,sup_0306,contractor,,,src_ted_opendata,file_ted_0129,contract:CON-0001/organisation:ORG-0003
csu_00345,con_00290,sup_0307,contractor,,,src_ted_opendata,file_ted_0130,contract:CON-0001/organisation:ORG-0005
csu_00346,con_00290,sup_0308,contractor,,,src_ted_opendata,file_ted_0130,contract:CON-0001/organisation:ORG-0006
csu_00347,con_00290,sup_0309,contractor,,,src_ted_opendata,file_ted_0130,contract:CON-0001/organisation:ORG-0007
csu_00348,con_00291,sup_0310,contractor,,,src_ted_opendata,file_ted_0131,contract:CON-0001/organisation:ORG-0003
csu_00349,con_00292,sup_0311,contractor,,,src_ted_opendata,file_ted_0131,contract:CON-0002/organisation:ORG-0004
csu_00350,con_00293,sup_0312,contractor,,,src_ted_opendata,file_ted_0132,contract:CON-0001/organisation:ORG-0003
csu_00351,con_00294,sup_0314,contractor,,,src_ted_opendata,file_ted_0133,contract:CON-0001/organisation:ORG-0004
csu_00352,con_00295,sup_0315,contractor,,,src_ted_opendata,file_ted_0134,contract:CON-0001/organisation:ORG-9000
csu_00353,con_00296,sup_0316,contractor,,,src_ted_opendata,file_ted_0135,contract:CON-0002/organisation:ORG-0006
csu_00354,con_00297,sup_0317,contractor,,,src_ted_opendata,file_ted_0135,contract:CON-0003/organisation:ORG-0004
csu_00355,con_00298,sup_0318,contractor,,,src_ted_opendata,file_ted_0135,contract:CON-0005/organisation:ORG-0005
csu_00356,con_00299,sup_0319,contractor,,,src_ted_opendata,file_ted_0137,contract:CON-0001/organisation:ORG-0005
csu_00357,con_00300,sup_0320,contractor,,,src_ted_opendata,file_ted_0138,contract:CON-0001/organisation:ORG-0005
csu_00358,con_00301,sup_0321,contractor,,,src_ted_opendata,file_ted_0139,contract:CON-0001/organisation:ORG-0002
csu_00359,con_00302,sup_0321,contractor,,,src_ted_opendata,file_ted_0139,contract:CON-0002/organisation:ORG-0002
csu_00360,con_00303,sup_0321,contractor,,,src_ted_opendata,file_ted_0139,contract:CON-0003/organisation:ORG-0002
csu_00361,con_00304,sup_0321,contractor,,,src_ted_opendata,file_ted_0139,contract:CON-0004/organisation:ORG-0002
csu_00362,con_00305,sup_0321,contractor,,,src_ted_opendata,file_ted_0139,contract:CON-0005/organisation:ORG-0002
csu_00363,con_00306,sup_0321,contractor,,,src_ted_opendata,file_ted_0139,contract:CON-0006/organisation:ORG-0002
csu_00364,con_00307,sup_0321,contractor,,,src_ted_opendata,file_ted_0139,contract:CON-0007/organisation:ORG-0002
csu_00365,con_00308,sup_0321,contractor,,,src_ted_opendata,file_ted_0139,contract:CON-0008/organisation:ORG-0002
csu_00366,con_00309,sup_0322,contractor,,,src_ted_opendata,file_ted_0140,contract:CON-0001/organisation:ORG-0003
csu_00367,con_00310,sup_0323,contractor,,,src_ted_opendata,file_ted_0141,contract:CON-0001/organisation:ORG-0005
csu_00368,con_00311,sup_0275,contractor,,,src_ted_opendata,file_ted_0142,contract:CON-0001/organisation:ORG-0003
csu_00369,con_00312,sup_0324,contractor,,,src_ted_opendata,file_ted_0144,contract:CON-0001/organisation:ORG-0003
csu_00370,con_00313,sup_0184,contractor,,,src_ted_opendata,file_ted_0145,contract:CON-0001/organisation:ORG-9002
csu_00371,con_00314,sup_0325,contractor,,,src_ted_opendata,file_ted_0145,contract:CON-0002/organisation:ORG-9004
csu_00372,con_00315,sup_0326,contractor,,,src_ted_opendata,file_ted_0145,contract:CON-0003/organisation:ORG-9001
csu_00373,con_00316,sup_0189,contractor,,,src_ted_opendata,file_ted_0145,contract:CON-0004/organisation:ORG-9003
csu_00374,con_00317,sup_0327,contractor,,,src_ted_opendata,file_ted_0145,contract:CON-0005/organisation:ORG-9000
csu_00375,con_00318,sup_0275,contractor,,,src_ted_opendata,file_ted_0146,contract:CON-0001/organisation:ORG-0003
csu_00376,con_00319,sup_0328,contractor,,,src_ted_opendata,file_ted_0147,contract:CON-0001/organisation:ORG-0003
csu_00377,con_00320,sup_0329,contractor,,,src_ted_opendata,file_ted_0148,contract:CON-0001/organisation:ORG-0003
csu_00378,con_00321,sup_0330,contractor,,,src_ted_opendata,file_ted_0149,contract:CON-0001/organisation:ORG-0003
csu_00379,con_00322,sup_0331,contractor,,,src_ted_opendata,file_ted_0150,contract:CON-0001/organisation:ORG-0003
csu_00380,con_00323,sup_0332,contractor,,,src_ted_opendata,file_ted_0150,contract:CON-0002/organisation:ORG-0004
csu_00381,con_00324,sup_0333,contractor,,,src_ted_opendata,file_ted_0151,contract:CON-0001/organisation:ORG-0003
csu_00382,con_00325,sup_0334,contractor,,,src_ted_opendata,file_ted_0152,contract:CON-0001/organisation:ORG-0002
csu_00383,con_00326,sup_0335,contractor,,,src_ted_opendata,file_ted_0152,contract:CON-0002/organisation:ORG-0003
csu_00384,con_00327,sup_0336,contractor,,,src_ted_opendata,file_ted_0152,contract:CON-0003/organisation:ORG-0004
csu_00385,con_00329,sup_0337,contractor,,,src_ted_opendata,file_ted_0154,contract:CON-0001/organisation:ORG-0006
csu_00386,con_00329,sup_0338,contractor,,,src_ted_opendata,file_ted_0154,contract:CON-0001/organisation:ORG-0007
csu_00387,con_00330,sup_0339,contractor,,,src_ted_opendata,file_ted_0155,contract:CON-0001/organisation:ORG-0004
csu_00388,con_00332,sup_0340,contractor,,,src_ted_opendata,file_ted_0157,contract:CON-0001/organisation:ORG-0004
csu_00389,con_00332,sup_0341,contractor,,,src_ted_opendata,file_ted_0157,contract:CON-0001/organisation:ORG-0005
csu_00390,con_00332,sup_0342,contractor,,,src_ted_opendata,file_ted_0157,contract:CON-0001/organisation:ORG-0006
csu_00391,con_00333,sup_0343,contractor,,,src_ted_opendata,file_ted_0158,contract:CON-0001/organisation:ORG-0002
csu_00392,con_00334,sup_0344,contractor,,,src_ted_opendata,file_ted_0159,contract:CON-0001/organisation:ORG-9000
csu_00393,con_00334,sup_0345,contractor,,,src_ted_opendata,file_ted_0159,contract:CON-0001/organisation:ORG-9001
csu_00394,con_00335,sup_0346,contractor,,,src_ted_opendata,file_ted_0160,contract:CON-0000/organisation:ORG-0003
csu_00395,con_00336,sup_0347,contractor,,,src_ted_opendata,file_ted_0161,contract:CON-0001/organisation:ORG-0003
csu_00396,con_00337,sup_0349,contractor,,,src_ted_opendata,file_ted_0163,contract:CON-0001/organisation:ORG-0003
csu_00397,con_00338,sup_0349,contractor,,,src_ted_opendata,file_ted_0163,contract:CON-0002/organisation:ORG-0003
csu_00398,con_00339,sup_0350,contractor,,,src_ted_opendata,file_ted_0163,contract:CON-0003/organisation:ORG-0004
csu_00399,con_00340,sup_0350,contractor,,,src_ted_opendata,file_ted_0163,contract:CON-0004/organisation:ORG-0004
csu_00400,con_00341,sup_0351,contractor,,,src_ted_opendata,file_ted_0164,contract:CON-0001/organisation:ORG-0003
csu_00401,con_00342,sup_0351,contractor,,,src_ted_opendata,file_ted_0164,contract:CON-0002/organisation:ORG-0003
csu_00402,con_00343,sup_0352,contractor,,,src_ted_opendata,file_ted_0164,contract:CON-0003/organisation:ORG-0004
csu_00403,con_00344,sup_0353,contractor,,,src_ted_opendata,file_ted_0164,contract:CON-0004/organisation:ORG-0005
csu_00404,con_00345,sup_0354,contractor,,,src_ted_opendata,file_ted_0164,contract:CON-0005/organisation:ORG-0006
csu_00405,con_00346,sup_0355,contractor,,,src_ted_opendata,file_ted_0164,contract:CON-0006/organisation:ORG-0007
csu_00406,con_00347,sup_0356,contractor,,,src_ted_opendata,file_ted_0164,contract:CON-0007/organisation:ORG-0008
csu_00407,con_00348,sup_0354,contractor,,,src_ted_opendata,file_ted_0164,contract:CON-0008/organisation:ORG-0006
csu_00408,con_00349,sup_0357,contractor,,,src_ted_opendata,file_ted_0164,contract:CON-0009/organisation:ORG-0009
csu_00409,con_00350,sup_0358,contractor,,,src_ted_opendata,file_ted_0164,contract:CON-0010/organisation:ORG-0010
csu_00410,con_00351,sup_0359,contractor,,,src_ted_opendata,file_ted_0164,contract:CON-0011/organisation:ORG-0011
csu_00411,con_00352,sup_0357,contractor,,,src_ted_opendata,file_ted_0164,contract:CON-0012/organisation:ORG-0009
csu_00412,con_00353,sup_0358,contractor,,,src_ted_opendata,file_ted_0164,contract:CON-0013/organisation:ORG-0010
csu_00413,con_00354,sup_0360,contractor,,,src_ted_opendata,file_ted_0166,contract:CON-0001/organisation:ORG-0003
csu_00414,con_00355,sup_0361,contractor,,,src_ted_opendata,file_ted_0167,contract:CON-0001/organisation:ORG-0005
csu_00415,con_00356,sup_0331,contractor,,,src_ted_opendata,file_ted_0168,contract:CON-0001/organisation:ORG-0015
csu_00416,con_00357,sup_0362,contractor,,,src_ted_opendata,file_ted_0168,contract:CON-0002/organisation:ORG-0007
csu_00417,con_00358,sup_0332,contractor,,,src_ted_opendata,file_ted_0168,contract:CON-0003/organisation:ORG-0003
csu_00418,con_00359,sup_0332,contractor,,,src_ted_opendata,file_ted_0168,contract:CON-0004/organisation:ORG-0003
csu_00419,con_00360,sup_0332,contractor,,,src_ted_opendata,file_ted_0168,contract:CON-0005/organisation:ORG-0003
csu_00420,con_00361,sup_0331,contractor,,,src_ted_opendata,file_ted_0168,contract:CON-0006/organisation:ORG-0015
csu_00421,con_00362,sup_0179,contractor,,,src_ted_opendata,file_ted_0168,contract:CON-0007/organisation:ORG-0014
csu_00422,con_00363,sup_0363,contractor,,,src_ted_opendata,file_ted_0168,contract:CON-0008/organisation:ORG-0012
csu_00423,con_00364,sup_0332,contractor,,,src_ted_opendata,file_ted_0168,contract:CON-0009/organisation:ORG-0003
csu_00424,con_00365,sup_0364,contractor,,,src_ted_opendata,file_ted_0168,contract:CON-0010/organisation:ORG-0008
csu_00425,con_00366,sup_0124,contractor,,,src_ted_opendata,file_ted_0168,contract:CON-0011/organisation:ORG-0009
csu_00426,con_00367,sup_0365,contractor,,,src_ted_opendata,file_ted_0168,contract:CON-0012/organisation:ORG-0004
csu_00427,con_00368,sup_0179,contractor,,,src_ted_opendata,file_ted_0168,contract:CON-0013/organisation:ORG-0014
csu_00428,con_00369,sup_0332,contractor,,,src_ted_opendata,file_ted_0168,contract:CON-0014/organisation:ORG-0003
csu_00429,con_00370,sup_0332,contractor,,,src_ted_opendata,file_ted_0168,contract:CON-0015/organisation:ORG-0003
csu_00430,con_00371,sup_0179,contractor,,,src_ted_opendata,file_ted_0168,contract:CON-0016/organisation:ORG-0014
csu_00431,con_00372,sup_0364,contractor,,,src_ted_opendata,file_ted_0168,contract:CON-0017/organisation:ORG-0008
csu_00432,con_00373,sup_0331,contractor,,,src_ted_opendata,file_ted_0168,contract:CON-0018/organisation:ORG-0015
csu_00433,con_00374,sup_0332,contractor,,,src_ted_opendata,file_ted_0168,contract:CON-0019/organisation:ORG-0003
csu_00434,con_00375,sup_0331,contractor,,,src_ted_opendata,file_ted_0168,contract:CON-0020/organisation:ORG-0015
csu_00435,con_00376,sup_0124,contractor,,,src_ted_opendata,file_ted_0168,contract:CON-0021/organisation:ORG-0009
csu_00436,con_00377,sup_0331,contractor,,,src_ted_opendata,file_ted_0168,contract:CON-0022/organisation:ORG-0015
csu_00437,con_00378,sup_0366,contractor,,,src_ted_opendata,file_ted_0168,contract:CON-0023/organisation:ORG-0011
csu_00438,con_00379,sup_0332,contractor,,,src_ted_opendata,file_ted_0168,contract:CON-0024/organisation:ORG-0003
csu_00439,con_00380,sup_0178,contractor,,,src_ted_opendata,file_ted_0168,contract:CON-0025/organisation:ORG-0010
csu_00440,con_00381,sup_0367,contractor,,,src_ted_opendata,file_ted_0168,contract:CON-0026/organisation:ORG-0013
csu_00441,con_00382,sup_0179,contractor,,,src_ted_opendata,file_ted_0168,contract:CON-0027/organisation:ORG-0014
csu_00442,con_00383,sup_0332,contractor,,,src_ted_opendata,file_ted_0168,contract:CON-0028/organisation:ORG-0003
csu_00443,con_00384,sup_0332,contractor,,,src_ted_opendata,file_ted_0168,contract:CON-0029/organisation:ORG-0003
csu_00444,con_00385,sup_0368,contractor,,,src_ted_opendata,file_ted_0168,contract:CON-0030/organisation:ORG-0006
csu_00445,con_00386,sup_0369,contractor,,,src_ted_opendata,file_ted_0168,contract:CON-0031/organisation:ORG-0005
csu_00446,con_00387,sup_0370,contractor,,,src_ted_opendata,file_ted_0169,contract:CON-0001/organisation:ORG-0002
csu_00447,con_00388,sup_0371,contractor,,,src_ted_opendata,file_ted_0169,contract:CON-0002/organisation:ORG-0003
csu_00448,con_00389,sup_0371,contractor,,,src_ted_opendata,file_ted_0169,contract:CON-0003/organisation:ORG-0004
csu_00449,con_00390,sup_0372,contractor,,,src_ted_opendata,file_ted_0170,contract:CON-0029/organisation:ORG-9008
csu_00450,con_00391,sup_0373,contractor,,,src_ted_opendata,file_ted_0170,contract:CON-0027/organisation:ORG-9000
csu_00451,con_00392,sup_0374,contractor,,,src_ted_opendata,file_ted_0170,contract:CON-0025/organisation:ORG-9007
csu_00452,con_00393,sup_0375,contractor,,,src_ted_opendata,file_ted_0170,contract:CON-0019/organisation:ORG-9005
csu_00453,con_00394,sup_0376,contractor,,,src_ted_opendata,file_ted_0170,contract:CON-0020/organisation:ORG-9004
csu_00454,con_00395,sup_0377,contractor,,,src_ted_opendata,file_ted_0170,contract:CON-0021/organisation:ORG-9009
csu_00455,con_00396,sup_0376,contractor,,,src_ted_opendata,file_ted_0170,contract:CON-0022/organisation:ORG-9004
csu_00456,con_00397,sup_0372,contractor,,,src_ted_opendata,file_ted_0170,contract:CON-0023/organisation:ORG-9008
csu_00457,con_00398,sup_0373,contractor,,,src_ted_opendata,file_ted_0170,contract:CON-0016/organisation:ORG-9000
csu_00458,con_00399,sup_0373,contractor,,,src_ted_opendata,file_ted_0170,contract:CON-0017/organisation:ORG-9000
csu_00459,con_00400,sup_0374,contractor,,,src_ted_opendata,file_ted_0170,contract:CON-0018/organisation:ORG-9007
csu_00460,con_00401,sup_0373,contractor,,,src_ted_opendata,file_ted_0170,contract:CON-0014/organisation:ORG-9000
csu_00461,con_00401,sup_0378,contractor,,,src_ted_opendata,file_ted_0170,contract:CON-0014/organisation:ORG-9001
csu_00462,con_00402,sup_0373,contractor,,,src_ted_opendata,file_ted_0170,contract:CON-0015/organisation:ORG-9000
csu_00463,con_00402,sup_0378,contractor,,,src_ted_opendata,file_ted_0170,contract:CON-0015/organisation:ORG-9001
csu_00464,con_00403,sup_0374,contractor,,,src_ted_opendata,file_ted_0170,contract:CON-0006/organisation:ORG-9007
csu_00465,con_00404,sup_0379,contractor,,,src_ted_opendata,file_ted_0170,contract:CON-0001/organisation:ORG-9010
csu_00466,con_00404,sup_0377,contractor,,,src_ted_opendata,file_ted_0170,contract:CON-0001/organisation:ORG-9009
csu_00467,con_00404,sup_0375,contractor,,,src_ted_opendata,file_ted_0170,contract:CON-0001/organisation:ORG-9005
csu_00468,con_00405,sup_0372,contractor,,,src_ted_opendata,file_ted_0170,contract:CON-0002/organisation:ORG-9008
csu_00469,con_00405,sup_0376,contractor,,,src_ted_opendata,file_ted_0170,contract:CON-0002/organisation:ORG-9004
csu_00470,con_00405,sup_0380,contractor,,,src_ted_opendata,file_ted_0170,contract:CON-0002/organisation:ORG-9002
csu_00471,con_00406,sup_0374,contractor,,,src_ted_opendata,file_ted_0170,contract:CON-0003/organisation:ORG-9007
csu_00472,con_00406,sup_0381,contractor,,,src_ted_opendata,file_ted_0170,contract:CON-0003/organisation:ORG-9003
csu_00473,con_00407,sup_0376,contractor,,,src_ted_opendata,file_ted_0170,contract:CON-0004/organisation:ORG-9004
csu_00474,con_00407,sup_0377,contractor,,,src_ted_opendata,file_ted_0170,contract:CON-0004/organisation:ORG-9009
csu_00475,con_00407,sup_0375,contractor,,,src_ted_opendata,file_ted_0170,contract:CON-0004/organisation:ORG-9005
csu_00476,con_00408,sup_0376,contractor,,,src_ted_opendata,file_ted_0170,contract:CON-0005/organisation:ORG-9004
csu_00477,con_00408,sup_0380,contractor,,,src_ted_opendata,file_ted_0170,contract:CON-0005/organisation:ORG-9002
csu_00478,con_00409,sup_0377,contractor,,,src_ted_opendata,file_ted_0170,contract:CON-0007/organisation:ORG-9009
csu_00479,con_00410,sup_0375,contractor,,,src_ted_opendata,file_ted_0170,contract:CON-0009/organisation:ORG-9005
csu_00480,con_00411,sup_0372,contractor,,,src_ted_opendata,file_ted_0170,contract:CON-0010/organisation:ORG-9008
csu_00481,con_00412,sup_0372,contractor,,,src_ted_opendata,file_ted_0170,contract:CON-0011/organisation:ORG-9008
csu_00482,con_00413,sup_0376,contractor,,,src_ted_opendata,file_ted_0170,contract:CON-0012/organisation:ORG-9004
csu_00483,con_00414,sup_0382,contractor,,,src_ted_opendata,file_ted_0170,contract:CON-0013/organisation:ORG-9006
csu_00484,con_00414,sup_0373,contractor,,,src_ted_opendata,file_ted_0170,contract:CON-0013/organisation:ORG-9000
csu_00485,con_00415,sup_0377,contractor,,,src_ted_opendata,file_ted_0170,contract:CON-0024/organisation:ORG-9009
csu_00486,con_00416,sup_0378,contractor,,,src_ted_opendata,file_ted_0170,contract:CON-0026/organisation:ORG-9001
csu_00487,con_00417,sup_0373,contractor,,,src_ted_opendata,file_ted_0170,contract:CON-0028/organisation:ORG-9000
csu_00488,con_00418,sup_0143,contractor,,,src_ted_opendata,file_ted_0171,contract:CON-0001/organisation:ORG-0004
csu_00489,con_00420,sup_0383,contractor,,,src_ted_opendata,file_ted_0173,contract:CON-0000/organisation:ORG-0003
csu_00490,con_00421,sup_0384,contractor,,,src_ted_opendata,file_ted_0174,contract:CON-0001/organisation:ORG-0003
csu_00491,con_00422,sup_0385,contractor,,,src_ted_opendata,file_ted_0174,contract:CON-0002/organisation:ORG-0004
csu_00492,con_00423,sup_0386,contractor,,,src_ted_opendata,file_ted_0176,contract:CON-0001/organisation:ORG-0004
csu_00493,con_00424,sup_0387,contractor,,,src_ted_opendata,file_ted_0177,contract:CON-0001/organisation:ORG-0003
csu_00494,con_00425,sup_0388,contractor,,,src_ted_opendata,file_ted_0178,contract:CON-0001/organisation:ORG-0003
csu_00495,con_00426,sup_0389,contractor,,,src_ted_opendata,file_ted_0179,contract:CON-0001/organisation:ORG-0003
csu_00496,con_00427,sup_0390,contractor,,,src_ted_opendata,file_ted_0180,contract:CON-0000/organisation:ORG-0004
csu_00497,con_00428,sup_0296,contractor,,,src_ted_opendata,file_ted_0181,contract:CON-0001/organisation:ORG-0002
csu_00498,con_00429,sup_0391,contractor,,,src_ted_opendata,file_ted_0182,contract:CON-0001/organisation:ORG-0006
csu_00499,con_00430,sup_0392,contractor,,,src_ted_opendata,file_ted_0183,contract:CON-0001/organisation:ORG-9001
csu_00500,con_00431,sup_0393,contractor,,,src_ted_opendata,file_ted_0183,contract:CON-0002/organisation:ORG-9002
csu_00501,con_00432,sup_0392,contractor,,,src_ted_opendata,file_ted_0183,contract:CON-0003/organisation:ORG-9001
csu_00502,con_00433,sup_0392,contractor,,,src_ted_opendata,file_ted_0183,contract:CON-0004/organisation:ORG-9001
csu_00503,con_00434,sup_0394,contractor,,,src_ted_opendata,file_ted_0183,contract:CON-0005/organisation:ORG-9000
csu_00504,con_00435,sup_0395,contractor,,,src_ted_opendata,file_ted_0184,contract:CON-0001/organisation:ORG-0003
csu_00505,con_00436,sup_0396,contractor,,,src_ted_opendata,file_ted_0184,contract:CON-0002/organisation:ORG-0004
csu_00506,con_00437,sup_0397,contractor,,,src_ted_opendata,file_ted_0184,contract:CON-0003/organisation:ORG-0005
csu_00507,con_00438,sup_0398,contractor,,,src_ted_opendata,file_ted_0184,contract:CON-0004/organisation:ORG-0006
csu_00508,con_00439,sup_0399,contractor,,,src_ted_opendata,file_ted_0184,contract:CON-0005/organisation:ORG-0007
csu_00509,con_00440,sup_0400,contractor,,,src_ted_opendata,file_ted_0185,contract:CON-0001/organisation:ORG-0002
csu_00510,con_00441,sup_0401,contractor,,,src_ted_opendata,file_ted_0186,contract:CON-0001/organisation:ORG-0002
csu_00511,con_00442,sup_0402,contractor,,,src_ted_opendata,file_ted_0187,contract:CON-0001/organisation:ORG-0004
csu_00512,con_00443,sup_0403,contractor,,,src_ted_opendata,file_ted_0188,contract:CON-0001/organisation:ORG-0003
csu_00513,con_00444,sup_0404,contractor,,,src_ted_opendata,file_ted_0189,contract:CON-0001/organisation:ORG-0004
csu_00514,con_00445,sup_0405,contractor,,,src_ted_opendata,file_ted_0190,contract:CON-0001/organisation:ORG-0005
csu_00515,con_00446,sup_0404,contractor,,,src_ted_opendata,file_ted_0191,contract:CON-0001/organisation:ORG-0004
csu_00516,con_00447,sup_0199,contractor,,,src_ted_opendata,file_ted_0192,contract:CON-0001/organisation:ORG-1001
csu_00517,con_00448,sup_0406,contractor,,,src_ted_opendata,file_ted_0193,contract:CON-0001/organisation:ORG-0011
csu_00518,con_00449,sup_0407,contractor,,,src_ted_opendata,file_ted_0193,contract:CON-0002/organisation:ORG-0012
csu_00519,con_00449,sup_0408,contractor,,,src_ted_opendata,file_ted_0193,contract:CON-0002/organisation:ORG-0013
csu_00520,con_00450,sup_0406,contractor,,,src_ted_opendata,file_ted_0193,contract:CON-0003/organisation:ORG-0011
csu_00521,con_00451,sup_0298,contractor,,,src_ted_opendata,file_ted_0193,contract:CON-0004/organisation:ORG-0014
csu_00522,con_00451,sup_0409,contractor,,,src_ted_opendata,file_ted_0193,contract:CON-0004/organisation:ORG-0015
csu_00523,con_00452,sup_0410,contractor,,,src_ted_opendata,file_ted_0194,contract:CON-0001/organisation:ORG-0005
csu_00524,con_00453,sup_0410,contractor,,,src_ted_opendata,file_ted_0194,contract:CON-0002/organisation:ORG-0005
csu_00525,con_00454,sup_0410,contractor,,,src_ted_opendata,file_ted_0194,contract:CON-0003/organisation:ORG-0005
csu_00526,con_00455,sup_0411,contractor,,,src_ted_opendata,file_ted_0195,contract:CON-0001/organisation:ORG-0005
csu_00527,con_00456,sup_0412,contractor,,,src_ted_opendata,file_ted_0195,contract:CON-0002/organisation:ORG-0006
csu_00528,con_00457,sup_0413,contractor,,,src_ted_opendata,file_ted_0195,contract:CON-0003/organisation:ORG-0007
csu_00529,con_00458,sup_0414,contractor,,,src_ted_opendata,file_ted_0195,contract:CON-0004/organisation:ORG-0008
csu_00530,con_00459,sup_0415,contractor,,,src_ted_opendata,file_ted_0195,contract:CON-0005/organisation:ORG-0009
csu_00531,con_00460,sup_0416,contractor,,,src_ted_opendata,file_ted_0195,contract:CON-0006/organisation:ORG-0010
csu_00532,con_00461,sup_0417,contractor,,,src_ted_opendata,file_ted_0195,contract:CON-0007/organisation:ORG-0011
csu_00533,con_00462,sup_0418,contractor,,,src_ted_opendata,file_ted_0196,contract:CON-0001/organisation:ORG-0003
csu_00534,con_00463,sup_0419,contractor,,,src_ted_opendata,file_ted_0197,contract:CON-0001/organisation:ORG-0003
csu_00535,con_00464,sup_0420,contractor,,,src_ted_opendata,file_ted_0198,contract:CON-0001/organisation:ORG-0003
csu_00536,con_00465,sup_0421,contractor,,,src_ted_opendata,file_ted_0198,contract:CON-0002/organisation:ORG-0004
csu_00537,con_00466,sup_0422,contractor,,,src_ted_opendata,file_ted_0198,contract:CON-0003/organisation:ORG-0005
csu_00538,con_00467,sup_0420,contractor,,,src_ted_opendata,file_ted_0198,contract:CON-0004/organisation:ORG-0003
csu_00539,con_00468,sup_0423,contractor,,,src_ted_opendata,file_ted_0198,contract:CON-0005/organisation:ORG-0006
csu_00540,con_00469,sup_0424,contractor,,,src_ted_opendata,file_ted_0199,contract:CON-0001/organisation:ORG-0002
csu_00541,con_00470,sup_0425,contractor,,,src_ted_opendata,file_ted_0200,contract:CON-0001/organisation:ORG-0003
csu_00542,con_00471,sup_0425,contractor,,,src_ted_opendata,file_ted_0200,contract:CON-0002/organisation:ORG-0003
csu_00543,con_00472,sup_0426,contractor,,,src_ted_opendata,file_ted_0200,contract:CON-0003/organisation:ORG-0004
csu_00544,con_00473,sup_0427,contractor,,,src_ted_opendata,file_ted_0201,contract:CON-0001/organisation:ORG-0002
csu_00545,con_00474,sup_0428,contractor,,,src_ted_opendata,file_ted_0202,contract:CON-0001/organisation:ORG-0004
csu_00546,con_00475,sup_0429,contractor,,,src_ted_opendata,file_ted_0202,contract:CON-0002/organisation:ORG-0008
csu_00547,con_00476,sup_0429,contractor,,,src_ted_opendata,file_ted_0202,contract:CON-0003/organisation:ORG-0008
csu_00548,con_00477,sup_0430,contractor,,,src_ted_opendata,file_ted_0202,contract:CON-0004/organisation:ORG-0007
csu_00549,con_00478,sup_0431,contractor,,,src_ted_opendata,file_ted_0202,contract:CON-0005/organisation:ORG-0006
csu_00550,con_00479,sup_0432,contractor,,,src_ted_opendata,file_ted_0202,contract:CON-0006/organisation:ORG-0009
csu_00551,con_00480,sup_0433,contractor,,,src_ted_opendata,file_ted_0202,contract:CON-0007/organisation:ORG-0005
csu_00552,con_00481,sup_0434,contractor,,,src_ted_opendata,file_ted_0203,contract:CON-0001/organisation:ORG-0003
csu_00553,con_00482,sup_0435,contractor,,,src_ted_opendata,file_ted_0204,contract:CON-0001/organisation:ORG-0005
csu_00554,con_00483,sup_0436,contractor,,,src_ted_opendata,file_ted_0205,contract:CON-0200/organisation:ORG-0010
csu_00555,con_00484,sup_0437,contractor,,,src_ted_opendata,file_ted_0206,contract:CON-0001/organisation:ORG-0003
csu_00556,con_00485,sup_0438,contractor,,,src_ted_opendata,file_ted_0207,contract:CON-0001/organisation:ORG-0005
csu_00557,con_00486,sup_0439,contractor,,,src_ted_opendata,file_ted_0208,contract:CON-0001/organisation:ORG-0005
csu_00558,con_00487,sup_0440,contractor,,,src_ted_opendata,file_ted_0209,contract:CON-0001/organisation:ORG-0005
csu_00559,con_00488,sup_0441,contractor,,,src_ted_opendata,file_ted_0210,contract:CON-0001/organisation:ORG-0004
csu_00560,con_00489,sup_0442,contractor,,,src_ted_opendata,file_ted_0211,contract:CON-1617/organisation:ORG-4337
csu_00561,con_00490,sup_0444,contractor,,,src_ted_opendata,file_ted_0212,contract:CON-0002/organisation:ORG-0002
csu_00562,con_00491,sup_0443,contractor,,,src_ted_opendata,file_ted_0212,contract:CON-0001/organisation:ORG-0003
csu_00563,con_00492,sup_0445,contractor,,,src_ted_opendata,file_ted_0214,contract:CON-0001/organisation:ORG-0003
csu_00564,con_00493,sup_0446,contractor,,,src_ted_opendata,file_ted_0215,contract:CON-0001/organisation:ORG-9000
csu_00565,con_00494,sup_0447,contractor,,,src_ted_opendata,file_ted_0216,contract:CON-0001/organisation:ORG-0003
csu_00566,con_00495,sup_0448,contractor,,,src_ted_opendata,file_ted_0216,contract:CON-0002/organisation:ORG-0004
csu_00567,con_00496,sup_0449,contractor,,,src_ted_opendata,file_ted_0217,contract:CON-0001/organisation:ORG-0003
csu_00568,con_00497,sup_0450,contractor,,,src_ted_opendata,file_ted_0218,contract:CON-0001/organisation:ORG-0006
csu_00569,con_00498,sup_0451,contractor,,,src_ted_opendata,file_ted_0218,contract:CON-0002/organisation:ORG-0007
csu_00570,con_00499,sup_0452,contractor,,,src_ted_opendata,file_ted_0220,contract:CON-0001/organisation:ORG-0003
csu_00571,con_00499,sup_0453,contractor,,,src_ted_opendata,file_ted_0220,contract:CON-0001/organisation:ORG-0004
csu_00572,con_00500,sup_0454,contractor,,,src_ted_opendata,file_ted_0220,contract:CON-0002/organisation:ORG-0005
csu_00573,con_00501,sup_0454,contractor,,,src_ted_opendata,file_ted_0220,contract:CON-0003/organisation:ORG-0005
csu_00574,con_00502,sup_0454,contractor,,,src_ted_opendata,file_ted_0220,contract:CON-0004/organisation:ORG-0005
csu_00575,con_00503,sup_0454,contractor,,,src_ted_opendata,file_ted_0220,contract:CON-0005/organisation:ORG-0005
csu_00576,con_00504,sup_0455,contractor,,,src_ted_opendata,file_ted_0220,contract:CON-0006/organisation:ORG-0006
csu_00577,con_00505,sup_0455,contractor,,,src_ted_opendata,file_ted_0220,contract:CON-0007/organisation:ORG-0006
csu_00578,con_00506,sup_0456,contractor,,,src_ted_opendata,file_ted_0221,contract:CON-0001/organisation:ORG-9002
csu_00579,con_00507,sup_0457,contractor,,,src_ted_opendata,file_ted_0221,contract:CON-0002/organisation:ORG-9003
csu_00580,con_00508,sup_0458,contractor,,,src_ted_opendata,file_ted_0221,contract:CON-0003/organisation:ORG-9000
csu_00581,con_00508,sup_0118,contractor,,,src_ted_opendata,file_ted_0221,contract:CON-0003/organisation:ORG-9004
csu_00582,con_00509,sup_0118,contractor,,,src_ted_opendata,file_ted_0221,contract:CON-0004/organisation:ORG-9004
csu_00583,con_00510,sup_0459,contractor,,,src_ted_opendata,file_ted_0221,contract:CON-0005/organisation:ORG-9001
csu_00584,con_00511,sup_0459,contractor,,,src_ted_opendata,file_ted_0221,contract:CON-0006/organisation:ORG-9001
csu_00585,con_00512,sup_0118,contractor,,,src_ted_opendata,file_ted_0221,contract:CON-0007/organisation:ORG-9004
csu_00586,con_00513,sup_0460,contractor,,,src_ted_opendata,file_ted_0223,contract:CON-0001/organisation:ORG-0003
csu_00587,con_00514,sup_0461,contractor,,,src_ted_opendata,file_ted_0224,contract:CON-0001/organisation:ORG-0002
csu_00588,con_00515,sup_0462,contractor,,,src_ted_opendata,file_ted_0225,contract:CON-0001/organisation:ORG-0001
csu_00589,con_00516,sup_0463,contractor,,,src_ted_opendata,file_ted_0226,contract:CON-0001/organisation:ORG-0003
csu_00590,con_00517,sup_0464,contractor,,,src_ted_opendata,file_ted_0227,contract:CON-0001/organisation:ORG-0005
csu_00591,con_00518,sup_0465,contractor,,,src_ted_opendata,file_ted_0227,contract:CON-0002/organisation:ORG-0006
csu_00592,con_00519,sup_0466,contractor,,,src_ted_opendata,file_ted_0227,contract:CON-0003/organisation:ORG-0007
csu_00593,con_00519,sup_0468,contractor,,,src_ted_opendata,file_ted_0227,contract:CON-0003/organisation:ORG-0009
csu_00594,con_00520,sup_0467,contractor,,,src_ted_opendata,file_ted_0227,contract:CON-0004/organisation:ORG-0008
csu_00595,con_00521,sup_0136,contractor,,,src_ted_opendata,file_ted_0229,contract:CON-0001/organisation:ORG-0003
csu_00596,con_00522,sup_0469,contractor,,,src_ted_opendata,file_ted_0230,contract:CON-0001/organisation:ORG-0002
csu_00597,con_00523,sup_0470,contractor,,,src_ted_opendata,file_ted_0231,contract:CON-0001/organisation:ORG-0004
csu_00598,con_00524,sup_0471,contractor,,,src_ted_opendata,file_ted_0232,contract:CON-0001/organisation:ORG-9000
csu_00599,con_00525,sup_0472,contractor,,,src_ted_opendata,file_ted_0232,contract:CON-0002/organisation:ORG-9001
csu_00600,con_00525,sup_0471,contractor,,,src_ted_opendata,file_ted_0232,contract:CON-0002/organisation:ORG-9000
csu_00601,con_00526,sup_0473,contractor,,,src_ted_opendata,file_ted_0233,contract:CON-0001/organisation:ORG-0003
csu_00602,con_00527,sup_0474,contractor,,,src_ted_opendata,file_ted_0235,contract:CON-0001/organisation:ORG-0101
csu_00603,con_00528,sup_0474,contractor,,,src_ted_opendata,file_ted_0235,contract:CON-0002/organisation:ORG-0101
csu_00604,con_00529,sup_0474,contractor,,,src_ted_opendata,file_ted_0235,contract:CON-0003/organisation:ORG-0101
csu_00605,con_00530,sup_0474,contractor,,,src_ted_opendata,file_ted_0235,contract:CON-0004/organisation:ORG-0101
csu_00606,con_00531,sup_0474,contractor,,,src_ted_opendata,file_ted_0235,contract:CON-0005/organisation:ORG-0101
csu_00607,con_00532,sup_0474,contractor,,,src_ted_opendata,file_ted_0235,contract:CON-0006/organisation:ORG-0101
csu_00608,con_00533,sup_0474,contractor,,,src_ted_opendata,file_ted_0235,contract:CON-0007/organisation:ORG-0101
csu_00609,con_00534,sup_0475,contractor,,,src_ted_opendata,file_ted_0237,contract:CON-0001/organisation:ORG-0003
csu_00610,con_00534,sup_0476,contractor,,,src_ted_opendata,file_ted_0237,contract:CON-0001/organisation:ORG-0004
csu_00611,con_00534,sup_0477,contractor,,,src_ted_opendata,file_ted_0237,contract:CON-0001/organisation:ORG-0005
csu_00612,con_00535,sup_0478,contractor,,,src_ted_opendata,file_ted_0238,contract:CON-0001/organisation:ORG-0007
csu_00613,con_00536,sup_0479,contractor,,,src_ted_opendata,file_ted_0239,contract:CON-0000/organisation:ORG-0004
csu_00614,con_00537,sup_0480,contractor,,,src_ted_opendata,file_ted_0240,contract:CON-0001/organisation:ORG-0003
csu_00615,con_00538,sup_0481,contractor,,,src_ted_opendata,file_ted_0241,contract:CON-0001/organisation:ORG-0003
csu_00616,con_00539,sup_0482,contractor,,,src_ted_opendata,file_ted_0242,contract:CON-0001/organisation:ORG-0005
csu_00617,con_00540,sup_0482,contractor,,,src_ted_opendata,file_ted_0242,contract:CON-0002/organisation:ORG-0005
csu_00618,con_00541,sup_0141,contractor,,,src_ted_opendata,file_ted_0244,contract:CON-0050/organisation:ORG-9005
csu_00619,con_00542,sup_0483,contractor,,,src_ted_opendata,file_ted_0244,contract:CON-0015/organisation:ORG-9006
csu_00620,con_00542,sup_0487,contractor,,,src_ted_opendata,file_ted_0244,contract:CON-0015/organisation:ORG-9003
csu_00621,con_00542,sup_0486,contractor,,,src_ted_opendata,file_ted_0244,contract:CON-0015/organisation:ORG-9000
csu_00622,con_00543,sup_0140,contractor,,,src_ted_opendata,file_ted_0244,contract:CON-0009/organisation:ORG-9001
csu_00623,con_00543,sup_0483,contractor,,,src_ted_opendata,file_ted_0244,contract:CON-0009/organisation:ORG-9006
csu_00624,con_00543,sup_0141,contractor,,,src_ted_opendata,file_ted_0244,contract:CON-0009/organisation:ORG-9005
csu_00625,con_00544,sup_0484,contractor,,,src_ted_opendata,file_ted_0244,contract:CON-0012/organisation:ORG-9004
csu_00626,con_00544,sup_0483,contractor,,,src_ted_opendata,file_ted_0244,contract:CON-0012/organisation:ORG-9006
csu_00627,con_00544,sup_0141,contractor,,,src_ted_opendata,file_ted_0244,contract:CON-0012/organisation:ORG-9005
csu_00628,con_00545,sup_0484,contractor,,,src_ted_opendata,file_ted_0244,contract:CON-0014/organisation:ORG-9004
csu_00629,con_00545,sup_0483,contractor,,,src_ted_opendata,file_ted_0244,contract:CON-0014/organisation:ORG-9006
csu_00630,con_00545,sup_0141,contractor,,,src_ted_opendata,file_ted_0244,contract:CON-0014/organisation:ORG-9005
csu_00631,con_00546,sup_0484,contractor,,,src_ted_opendata,file_ted_0244,contract:CON-0011/organisation:ORG-9004
csu_00632,con_00546,sup_0483,contractor,,,src_ted_opendata,file_ted_0244,contract:CON-0011/organisation:ORG-9006
csu_00633,con_00546,sup_0141,contractor,,,src_ted_opendata,file_ted_0244,contract:CON-0011/organisation:ORG-9005
csu_00634,con_00547,sup_0140,contractor,,,src_ted_opendata,file_ted_0244,contract:CON-0004/organisation:ORG-9001
csu_00635,con_00547,sup_0483,contractor,,,src_ted_opendata,file_ted_0244,contract:CON-0004/organisation:ORG-9006
csu_00636,con_00547,sup_0141,contractor,,,src_ted_opendata,file_ted_0244,contract:CON-0004/organisation:ORG-9005
csu_00637,con_00548,sup_0140,contractor,,,src_ted_opendata,file_ted_0244,contract:CON-0001/organisation:ORG-9001
csu_00638,con_00548,sup_0487,contractor,,,src_ted_opendata,file_ted_0244,contract:CON-0001/organisation:ORG-9003
csu_00639,con_00548,sup_0486,contractor,,,src_ted_opendata,file_ted_0244,contract:CON-0001/organisation:ORG-9000
csu_00640,con_00549,sup_0485,contractor,,,src_ted_opendata,file_ted_0244,contract:CON-0003/organisation:ORG-9002
csu_00641,con_00550,sup_0141,contractor,,,src_ted_opendata,file_ted_0244,contract:CON-0002/organisation:ORG-9005
csu_00642,con_00551,sup_0140,contractor,,,src_ted_opendata,file_ted_0244,contract:CON-0005/organisation:ORG-9001
csu_00643,con_00552,sup_0140,contractor,,,src_ted_opendata,file_ted_0244,contract:CON-0010/organisation:ORG-9001
csu_00644,con_00552,sup_0483,contractor,,,src_ted_opendata,file_ted_0244,contract:CON-0010/organisation:ORG-9006
csu_00645,con_00552,sup_0141,contractor,,,src_ted_opendata,file_ted_0244,contract:CON-0010/organisation:ORG-9005
csu_00646,con_00553,sup_0140,contractor,,,src_ted_opendata,file_ted_0244,contract:CON-0007/organisation:ORG-9001
csu_00647,con_00553,sup_0483,contractor,,,src_ted_opendata,file_ted_0244,contract:CON-0007/organisation:ORG-9006
csu_00648,con_00554,sup_0141,contractor,,,src_ted_opendata,file_ted_0244,contract:CON-0017/organisation:ORG-9005
csu_00649,con_00555,sup_0141,contractor,,,src_ted_opendata,file_ted_0244,contract:CON-0018/organisation:ORG-9005
csu_00650,con_00555,sup_0487,contractor,,,src_ted_opendata,file_ted_0244,contract:CON-0018/organisation:ORG-9003
csu_00651,con_00555,sup_0486,contractor,,,src_ted_opendata,file_ted_0244,contract:CON-0018/organisation:ORG-9000
csu_00652,con_00556,sup_0484,contractor,,,src_ted_opendata,file_ted_0244,contract:CON-0013/organisation:ORG-9004
csu_00653,con_00556,sup_0483,contractor,,,src_ted_opendata,file_ted_0244,contract:CON-0013/organisation:ORG-9006
csu_00654,con_00556,sup_0141,contractor,,,src_ted_opendata,file_ted_0244,contract:CON-0013/organisation:ORG-9005
csu_00655,con_00557,sup_0484,contractor,,,src_ted_opendata,file_ted_0244,contract:CON-0020/organisation:ORG-9004
csu_00656,con_00557,sup_0483,contractor,,,src_ted_opendata,file_ted_0244,contract:CON-0020/organisation:ORG-9006
csu_00657,con_00557,sup_0486,contractor,,,src_ted_opendata,file_ted_0244,contract:CON-0020/organisation:ORG-9000
csu_00658,con_00558,sup_0485,contractor,,,src_ted_opendata,file_ted_0244,contract:CON-0022/organisation:ORG-9002
csu_00659,con_00559,sup_0485,contractor,,,src_ted_opendata,file_ted_0244,contract:CON-0023/organisation:ORG-9002
csu_00660,con_00560,sup_0487,contractor,,,src_ted_opendata,file_ted_0244,contract:CON-0024/organisation:ORG-9003
csu_00661,con_00561,sup_0141,contractor,,,src_ted_opendata,file_ted_0244,contract:CON-0030/organisation:ORG-9005
csu_00662,con_00562,sup_0141,contractor,,,src_ted_opendata,file_ted_0244,contract:CON-0029/organisation:ORG-9005
csu_00663,con_00563,sup_0486,contractor,,,src_ted_opendata,file_ted_0244,contract:CON-0032/organisation:ORG-9000
csu_00664,con_00564,sup_0486,contractor,,,src_ted_opendata,file_ted_0244,contract:CON-0033/organisation:ORG-9000
csu_00665,con_00565,sup_0141,contractor,,,src_ted_opendata,file_ted_0244,contract:CON-0039/organisation:ORG-9005
csu_00666,con_00566,sup_0141,contractor,,,src_ted_opendata,file_ted_0244,contract:CON-0034/organisation:ORG-9005
csu_00667,con_00567,sup_0487,contractor,,,src_ted_opendata,file_ted_0244,contract:CON-0035/organisation:ORG-9003
csu_00668,con_00568,sup_0141,contractor,,,src_ted_opendata,file_ted_0244,contract:CON-0040/organisation:ORG-9005
csu_00669,con_00569,sup_0141,contractor,,,src_ted_opendata,file_ted_0244,contract:CON-0041/organisation:ORG-9005
csu_00670,con_00570,sup_0141,contractor,,,src_ted_opendata,file_ted_0244,contract:CON-0042/organisation:ORG-9005
csu_00671,con_00571,sup_0141,contractor,,,src_ted_opendata,file_ted_0244,contract:CON-0043/organisation:ORG-9005
csu_00672,con_00572,sup_0141,contractor,,,src_ted_opendata,file_ted_0244,contract:CON-0031/organisation:ORG-9005
csu_00673,con_00573,sup_0141,contractor,,,src_ted_opendata,file_ted_0244,contract:CON-0036/organisation:ORG-9005
csu_00674,con_00574,sup_0141,contractor,,,src_ted_opendata,file_ted_0244,contract:CON-0037/organisation:ORG-9005
csu_00675,con_00575,sup_0487,contractor,,,src_ted_opendata,file_ted_0244,contract:CON-0038/organisation:ORG-9003
csu_00676,con_00576,sup_0141,contractor,,,src_ted_opendata,file_ted_0244,contract:CON-0027/organisation:ORG-9005
csu_00677,con_00577,sup_0486,contractor,,,src_ted_opendata,file_ted_0244,contract:CON-0026/organisation:ORG-9000
csu_00678,con_00578,sup_0486,contractor,,,src_ted_opendata,file_ted_0244,contract:CON-0025/organisation:ORG-9000
csu_00679,con_00579,sup_0141,contractor,,,src_ted_opendata,file_ted_0244,contract:CON-0021/organisation:ORG-9005
csu_00680,con_00580,sup_0484,contractor,,,src_ted_opendata,file_ted_0244,contract:CON-0019/organisation:ORG-9004
csu_00681,con_00580,sup_0483,contractor,,,src_ted_opendata,file_ted_0244,contract:CON-0019/organisation:ORG-9006
csu_00682,con_00580,sup_0141,contractor,,,src_ted_opendata,file_ted_0244,contract:CON-0019/organisation:ORG-9005
csu_00683,con_00581,sup_0485,contractor,,,src_ted_opendata,file_ted_0244,contract:CON-0046/organisation:ORG-9002
csu_00684,con_00582,sup_0141,contractor,,,src_ted_opendata,file_ted_0244,contract:CON-0048/organisation:ORG-9005
csu_00685,con_00583,sup_0485,contractor,,,src_ted_opendata,file_ted_0244,contract:CON-0049/organisation:ORG-9002
csu_00686,con_00584,sup_0486,contractor,,,src_ted_opendata,file_ted_0244,contract:CON-0028/organisation:ORG-9000
csu_00687,con_00585,sup_0141,contractor,,,src_ted_opendata,file_ted_0244,contract:CON-0047/organisation:ORG-9005
csu_00688,con_00586,sup_0141,contractor,,,src_ted_opendata,file_ted_0244,contract:CON-0044/organisation:ORG-9005
csu_00689,con_00587,sup_0141,contractor,,,src_ted_opendata,file_ted_0244,contract:CON-0045/organisation:ORG-9005
csu_00690,con_00588,sup_0483,contractor,,,src_ted_opendata,file_ted_0244,contract:CON-0016/organisation:ORG-9006
csu_00691,con_00588,sup_0487,contractor,,,src_ted_opendata,file_ted_0244,contract:CON-0016/organisation:ORG-9003
csu_00692,con_00588,sup_0486,contractor,,,src_ted_opendata,file_ted_0244,contract:CON-0016/organisation:ORG-9000
csu_00693,con_00589,sup_0140,contractor,,,src_ted_opendata,file_ted_0244,contract:CON-0008/organisation:ORG-9001
csu_00694,con_00589,sup_0483,contractor,,,src_ted_opendata,file_ted_0244,contract:CON-0008/organisation:ORG-9006
csu_00695,con_00590,sup_0483,contractor,,,src_ted_opendata,file_ted_0244,contract:CON-0006/organisation:ORG-9006
csu_00696,con_00590,sup_0487,contractor,,,src_ted_opendata,file_ted_0244,contract:CON-0006/organisation:ORG-9003
csu_00697,con_00590,sup_0486,contractor,,,src_ted_opendata,file_ted_0244,contract:CON-0006/organisation:ORG-9000
csu_00698,con_00591,sup_0141,contractor,,,src_ted_opendata,file_ted_0244,contract:CON-0051/organisation:ORG-9005
csu_00699,con_00592,sup_0488,contractor,,,src_ted_opendata,file_ted_0245,contract:CON-0001/organisation:ORG-0004
csu_00700,con_00593,sup_0489,contractor,,,src_ted_opendata,file_ted_0246,contract:CON-0001/organisation:ORG-0004
csu_00701,con_00594,sup_0490,contractor,,,src_ted_opendata,file_ted_0247,contract:CON-0001/organisation:ORG-0003
csu_00702,con_00594,sup_0491,contractor,,,src_ted_opendata,file_ted_0247,contract:CON-0001/organisation:ORG-0004
csu_00703,con_00595,sup_0492,contractor,,,src_ted_opendata,file_ted_0248,contract:CON-0001/organisation:ORG-0004
csu_00704,con_00596,sup_0129,contractor,,,src_ted_opendata,file_ted_0249,contract:CON-0001/organisation:ORG-0003
csu_00705,con_00597,sup_0367,contractor,,,src_ted_opendata,file_ted_0249,contract:CON-0002/organisation:ORG-0004
csu_00706,con_00598,sup_0124,contractor,,,src_ted_opendata,file_ted_0249,contract:CON-0003/organisation:ORG-0005
csu_00707,con_00599,sup_0493,contractor,,,src_ted_opendata,file_ted_0249,contract:CON-0004/organisation:ORG-0006
csu_00708,con_00600,sup_0494,contractor,,,src_ted_opendata,file_ted_0251,contract:CON-0001/organisation:ORG-0002
csu_00709,con_00601,sup_0495,contractor,,,src_ted_opendata,file_ted_0252,contract:CON-0200/organisation:ORG-0010
csu_00710,con_00602,sup_0496,contractor,,,src_ted_opendata,file_ted_0253,contract:CON-0000/organisation:ORG-0010
csu_00711,con_00603,sup_0497,contractor,,,src_ted_opendata,file_ted_0255,contract:CON-0001/organisation:ORG-0004
csu_00712,con_00604,sup_0498,contractor,,,src_ted_opendata,file_ted_0256,contract:CON-0001/organisation:ORG-0004
csu_00713,con_00605,sup_0499,contractor,,,src_ted_opendata,file_ted_0256,contract:CON-0002/organisation:ORG-0005
csu_00714,con_00606,sup_0500,contractor,,,src_ted_opendata,file_ted_0256,contract:CON-0003/organisation:ORG-0006
csu_00715,con_00607,sup_0501,contractor,,,src_ted_opendata,file_ted_0256,contract:CON-0004/organisation:ORG-0007
csu_00716,con_00608,sup_0502,contractor,,,src_ted_opendata,file_ted_0256,contract:CON-0005/organisation:ORG-0008
csu_00717,con_00609,sup_0503,contractor,,,src_ted_opendata,file_ted_0256,contract:CON-0006/organisation:ORG-0009
csu_00718,con_00610,sup_0504,contractor,,,src_ted_opendata,file_ted_0256,contract:CON-0007/organisation:ORG-0013
csu_00719,con_00611,sup_0503,contractor,,,src_ted_opendata,file_ted_0256,contract:CON-0008/organisation:ORG-0009
csu_00720,con_00612,sup_0505,contractor,,,src_ted_opendata,file_ted_0256,contract:CON-0009/organisation:ORG-0011
csu_00721,con_00613,sup_0506,contractor,,,src_ted_opendata,file_ted_0256,contract:CON-0010/organisation:ORG-0012
csu_00722,con_00614,sup_0501,contractor,,,src_ted_opendata,file_ted_0256,contract:CON-0011/organisation:ORG-0007
csu_00723,con_00615,sup_0241,contractor,,,src_ted_opendata,file_ted_0256,contract:CON-0012/organisation:ORG-0010
csu_00724,con_00616,sup_0500,contractor,,,src_ted_opendata,file_ted_0256,contract:CON-0013/organisation:ORG-0006
csu_00725,con_00617,sup_0501,contractor,,,src_ted_opendata,file_ted_0256,contract:CON-0015/organisation:ORG-0007
csu_00726,con_00618,sup_0493,contractor,,,src_ted_opendata,file_ted_0258,contract:CON-0001/organisation:ORG-0003
csu_00727,con_00619,sup_0493,contractor,,,src_ted_opendata,file_ted_0258,contract:CON-0002/organisation:ORG-0003
csu_00728,con_00620,sup_0507,contractor,,,src_ted_opendata,file_ted_0258,contract:CON-0003/organisation:ORG-0020
csu_00729,con_00621,sup_0516,contractor,,,src_ted_opendata,file_ted_0258,contract:CON-0004/organisation:ORG-0004
csu_00730,con_00622,sup_0509,contractor,,,src_ted_opendata,file_ted_0258,contract:CON-0005/organisation:ORG-0014
csu_00731,con_00623,sup_0510,contractor,,,src_ted_opendata,file_ted_0258,contract:CON-0006/organisation:ORG-0005
csu_00732,con_00624,sup_0511,contractor,,,src_ted_opendata,file_ted_0258,contract:CON-0007/organisation:ORG-0015
csu_00733,con_00625,sup_0512,contractor,,,src_ted_opendata,file_ted_0258,contract:CON-0008/organisation:ORG-0006
csu_00734,con_00626,sup_0513,contractor,,,src_ted_opendata,file_ted_0258,contract:CON-0009/organisation:ORG-0007
csu_00735,con_00627,sup_0512,contractor,,,src_ted_opendata,file_ted_0258,contract:CON-0010/organisation:ORG-0006
csu_00736,con_00628,sup_0508,contractor,,,src_ted_opendata,file_ted_0258,contract:CON-0011/organisation:ORG-0012
csu_00737,con_00629,sup_0517,contractor,,,src_ted_opendata,file_ted_0258,contract:CON-0012/organisation:ORG-0009
csu_00738,con_00630,sup_0514,contractor,,,src_ted_opendata,file_ted_0258,contract:CON-0013/organisation:ORG-0018
csu_00739,con_00631,sup_0518,contractor,,,src_ted_opendata,file_ted_0258,contract:CON-0014/organisation:ORG-0010
csu_00740,con_00632,sup_0519,contractor,,,src_ted_opendata,file_ted_0259,contract:CON-0001/organisation:ORG-0003
csu_00741,con_00633,sup_0520,contractor,,,src_ted_opendata,file_ted_0260,contract:CON-0001/organisation:ORG-0003
csu_00742,con_00634,sup_0520,contractor,,,src_ted_opendata,file_ted_0260,contract:CON-0002/organisation:ORG-0003
csu_00743,con_00635,sup_0520,contractor,,,src_ted_opendata,file_ted_0260,contract:CON-0003/organisation:ORG-0003
csu_00744,con_00636,sup_0521,contractor,,,src_ted_opendata,file_ted_0261,contract:CON-0001/organisation:ORG-0008
csu_00745,con_00637,sup_0522,contractor,,,src_ted_opendata,file_ted_0261,contract:CON-0002/organisation:ORG-0003
csu_00746,con_00638,sup_0522,contractor,,,src_ted_opendata,file_ted_0261,contract:CON-0003/organisation:ORG-0003
csu_00747,con_00639,sup_0523,contractor,,,src_ted_opendata,file_ted_0261,contract:CON-0004/organisation:ORG-0004
csu_00748,con_00640,sup_0524,contractor,,,src_ted_opendata,file_ted_0261,contract:CON-0005/organisation:ORG-0005
csu_00749,con_00641,sup_0526,contractor,,,src_ted_opendata,file_ted_0261,contract:CON-0006/organisation:ORG-0006
csu_00750,con_00642,sup_0527,contractor,,,src_ted_opendata,file_ted_0261,contract:CON-0007/organisation:ORG-0007
csu_00751,con_00643,sup_0525,contractor,,,src_ted_opendata,file_ted_0261,contract:CON-0008/organisation:ORG-0009
csu_00752,con_00644,sup_0528,contractor,,,src_ted_opendata,file_ted_0263,contract:CON-0001/organisation:ORG-0003
csu_00753,con_00645,sup_0529,contractor,,,src_ted_opendata,file_ted_0264,contract:CON-0001/organisation:ORG-9000
csu_00754,con_00646,sup_0529,contractor,,,src_ted_opendata,file_ted_0264,contract:CON-0002/organisation:ORG-9000
csu_00755,con_00647,sup_0529,contractor,,,src_ted_opendata,file_ted_0264,contract:CON-0003/organisation:ORG-9000
csu_00756,con_00648,sup_0529,contractor,,,src_ted_opendata,file_ted_0264,contract:CON-0004/organisation:ORG-9000
csu_00757,con_00649,sup_0513,contractor,,,src_ted_opendata,file_ted_0265,contract:CON-0001/organisation:ORG-0003
csu_00758,con_00650,sup_0530,contractor,,,src_ted_opendata,file_ted_0266,contract:CON-0001/organisation:ORG-0002
csu_00759,con_00651,sup_0531,contractor,,,src_ted_opendata,file_ted_0267,contract:CON-0001/organisation:ORG-0003
csu_00760,con_00652,sup_0532,contractor,,,src_ted_opendata,file_ted_0267,contract:CON-0002/organisation:ORG-0004
csu_00761,con_00653,sup_0533,contractor,,,src_ted_opendata,file_ted_0267,contract:CON-0003/organisation:ORG-0005
csu_00762,con_00654,sup_0531,contractor,,,src_ted_opendata,file_ted_0267,contract:CON-0004/organisation:ORG-0003
csu_00763,con_00655,sup_0532,contractor,,,src_ted_opendata,file_ted_0267,contract:CON-0005/organisation:ORG-0004
csu_00764,con_00656,sup_0534,contractor,,,src_ted_opendata,file_ted_0267,contract:CON-0006/organisation:ORG-0006
csu_00765,con_00657,sup_0535,contractor,,,src_ted_opendata,file_ted_0268,contract:CON-0001/organisation:ORG-0003
csu_00766,con_00658,sup_0536,contractor,,,src_ted_opendata,file_ted_0269,contract:CON-0001/organisation:ORG-0004
csu_00767,con_00659,sup_0537,contractor,,,src_ted_opendata,file_ted_0270,contract:CON-0001/organisation:ORG-0003
csu_00768,con_00660,sup_0537,contractor,,,src_ted_opendata,file_ted_0270,contract:CON-0002/organisation:ORG-0003
csu_00769,con_00661,sup_0538,contractor,,,src_ted_opendata,file_ted_0271,contract:CON-0000/organisation:ORG-0004
csu_00770,con_00662,sup_0539,contractor,,,src_ted_opendata,file_ted_0272,contract:CON-0001/organisation:ORG-0003
csu_00771,con_00662,sup_0540,contractor,,,src_ted_opendata,file_ted_0272,contract:CON-0001/organisation:ORG-0004
csu_00772,con_00663,sup_0431,contractor,,,src_ted_opendata,file_ted_0273,contract:CON-0001/organisation:ORG-0003
csu_00773,con_00664,sup_0541,contractor,,,src_ted_opendata,file_ted_0273,contract:CON-0002/organisation:ORG-0009
csu_00774,con_00665,sup_0542,contractor,,,src_ted_opendata,file_ted_0273,contract:CON-0003/organisation:ORG-0004
csu_00775,con_00666,sup_0542,contractor,,,src_ted_opendata,file_ted_0273,contract:CON-0004/organisation:ORG-0004
csu_00776,con_00667,sup_0542,contractor,,,src_ted_opendata,file_ted_0273,contract:CON-0005/organisation:ORG-0004
csu_00777,con_00668,sup_0542,contractor,,,src_ted_opendata,file_ted_0273,contract:CON-0006/organisation:ORG-0004
csu_00778,con_00669,sup_0543,contractor,,,src_ted_opendata,file_ted_0273,contract:CON-0007/organisation:ORG-0008
csu_00779,con_00670,sup_0544,contractor,,,src_ted_opendata,file_ted_0273,contract:CON-0008/organisation:ORG-0005
csu_00780,con_00671,sup_0431,contractor,,,src_ted_opendata,file_ted_0273,contract:CON-0009/organisation:ORG-0003
csu_00781,con_00672,sup_0514,contractor,,,src_ted_opendata,file_ted_0273,contract:CON-0010/organisation:ORG-0013
csu_00782,con_00673,sup_0514,contractor,,,src_ted_opendata,file_ted_0273,contract:CON-0011/organisation:ORG-0013
csu_00783,con_00674,sup_0545,contractor,,,src_ted_opendata,file_ted_0273,contract:CON-0012/organisation:ORG-0006
csu_00784,con_00675,sup_0546,contractor,,,src_ted_opendata,file_ted_0273,contract:CON-0013/organisation:ORG-0012
csu_00785,con_00676,sup_0547,contractor,,,src_ted_opendata,file_ted_0273,contract:CON-0014/organisation:ORG-0011
csu_00786,con_00677,sup_0548,contractor,,,src_ted_opendata,file_ted_0273,contract:CON-0015/organisation:ORG-0007
csu_00787,con_00678,sup_0549,contractor,,,src_ted_opendata,file_ted_0273,contract:CON-0016/organisation:ORG-0010
csu_00788,con_00679,sup_0550,contractor,,,src_ted_opendata,file_ted_0274,contract:CON-0001/organisation:ORG-0003
csu_00789,con_00680,sup_0551,contractor,,,src_ted_opendata,file_ted_0275,contract:CON-0001/organisation:ORG-0006
csu_00790,con_00681,sup_0552,contractor,,,src_ted_opendata,file_ted_0275,contract:CON-0002/organisation:ORG-0007
csu_00791,con_00682,sup_0553,contractor,,,src_ted_opendata,file_ted_0275,contract:CON-0003/organisation:ORG-0008
csu_00792,con_00683,sup_0554,contractor,,,src_ted_opendata,file_ted_0275,contract:CON-0004/organisation:ORG-0009
csu_00793,con_00684,sup_0555,contractor,,,src_ted_opendata,file_ted_0275,contract:CON-0005/organisation:ORG-0010
csu_00794,con_00685,sup_0556,contractor,,,src_ted_opendata,file_ted_0276,contract:CON-0001/organisation:ORG-0003
csu_00795,con_00686,sup_0557,contractor,,,src_ted_opendata,file_ted_0277,contract:CON-0001/organisation:ORG-0016
csu_00796,con_00687,sup_0557,contractor,,,src_ted_opendata,file_ted_0277,contract:CON-0002/organisation:ORG-0016
csu_00797,con_00688,sup_0558,contractor,,,src_ted_opendata,file_ted_0278,contract:CON-0001/organisation:ORG-0004
csu_00798,con_00689,sup_0559,contractor,,,src_ted_opendata,file_ted_0278,contract:CON-0002/organisation:ORG-0005
csu_00799,con_00690,sup_0558,contractor,,,src_ted_opendata,file_ted_0278,contract:CON-0003/organisation:ORG-0004
csu_00800,con_00691,sup_0558,contractor,,,src_ted_opendata,file_ted_0278,contract:CON-0004/organisation:ORG-0004
csu_00801,con_00692,sup_0558,contractor,,,src_ted_opendata,file_ted_0278,contract:CON-0005/organisation:ORG-0004
csu_00802,con_00693,sup_0560,contractor,,,src_ted_opendata,file_ted_0279,contract:CON-0001/organisation:ORG-0003
csu_00803,con_00693,sup_0561,contractor,,,src_ted_opendata,file_ted_0279,contract:CON-0001/organisation:ORG-0004
csu_00804,con_00694,sup_0143,contractor,,,src_ted_opendata,file_ted_0281,contract:CON-0001/organisation:ORG-0004
csu_00805,con_00695,sup_0562,contractor,,,src_ted_opendata,file_ted_0282,contract:CON-0000/organisation:ORG-0003
csu_00806,con_00696,sup_0563,contractor,,,src_ted_opendata,file_ted_0283,contract:CON-0001/organisation:ORG-0004
csu_00807,con_00697,sup_0564,contractor,,,src_ted_opendata,file_ted_0284,contract:CON-0001/organisation:ORG-0003
csu_00808,con_00697,sup_0565,contractor,,,src_ted_opendata,file_ted_0284,contract:CON-0001/organisation:ORG-0004
csu_00809,con_00698,sup_0566,contractor,,,src_ted_opendata,file_ted_0285,contract:CON-0001/organisation:ORG-0003
csu_00810,con_00699,sup_0566,contractor,,,src_ted_opendata,file_ted_0285,contract:CON-0002/organisation:ORG-0003
csu_00811,con_00700,sup_0566,contractor,,,src_ted_opendata,file_ted_0285,contract:CON-0003/organisation:ORG-0003
csu_00812,con_00701,sup_0567,contractor,,,src_ted_opendata,file_ted_0286,contract:CON-0001/organisation:ORG-0017
csu_00813,con_00701,sup_0296,contractor,,,src_ted_opendata,file_ted_0286,contract:CON-0001/organisation:ORG-0012
csu_00814,con_00702,sup_0567,contractor,,,src_ted_opendata,file_ted_0286,contract:CON-0002/organisation:ORG-0017
csu_00815,con_00702,sup_0296,contractor,,,src_ted_opendata,file_ted_0286,contract:CON-0002/organisation:ORG-0012
csu_00816,con_00703,sup_0568,contractor,,,src_ted_opendata,file_ted_0286,contract:CON-0003/organisation:ORG-0013
csu_00817,con_00703,sup_0569,contractor,,,src_ted_opendata,file_ted_0286,contract:CON-0003/organisation:ORG-0018
csu_00818,con_00703,sup_0570,contractor,,,src_ted_opendata,file_ted_0286,contract:CON-0003/organisation:ORG-0019
csu_00819,con_00704,sup_0568,contractor,,,src_ted_opendata,file_ted_0286,contract:CON-0004/organisation:ORG-0013
csu_00820,con_00704,sup_0569,contractor,,,src_ted_opendata,file_ted_0286,contract:CON-0004/organisation:ORG-0018
csu_00821,con_00704,sup_0570,contractor,,,src_ted_opendata,file_ted_0286,contract:CON-0004/organisation:ORG-0019
csu_00822,con_00705,sup_0567,contractor,,,src_ted_opendata,file_ted_0286,contract:CON-0005/organisation:ORG-0017
csu_00823,con_00705,sup_0296,contractor,,,src_ted_opendata,file_ted_0286,contract:CON-0005/organisation:ORG-0012
csu_00824,con_00706,sup_0567,contractor,,,src_ted_opendata,file_ted_0286,contract:CON-0006/organisation:ORG-0017
csu_00825,con_00706,sup_0296,contractor,,,src_ted_opendata,file_ted_0286,contract:CON-0006/organisation:ORG-0012
csu_00826,con_00707,sup_0571,contractor,,,src_ted_opendata,file_ted_0286,contract:CON-0007/organisation:ORG-0014
csu_00827,con_00707,sup_0572,contractor,,,src_ted_opendata,file_ted_0286,contract:CON-0007/organisation:ORG-0020
csu_00828,con_00708,sup_0571,contractor,,,src_ted_opendata,file_ted_0286,contract:CON-0008/organisation:ORG-0014
csu_00829,con_00708,sup_0573,contractor,,,src_ted_opendata,file_ted_0286,contract:CON-0008/organisation:ORG-0021
csu_00830,con_00709,sup_0574,contractor,,,src_ted_opendata,file_ted_0286,contract:CON-0009/organisation:ORG-0015
csu_00831,con_00710,sup_0575,contractor,,,src_ted_opendata,file_ted_0286,contract:CON-0010/organisation:ORG-0016
csu_00832,con_00710,sup_0576,contractor,,,src_ted_opendata,file_ted_0286,contract:CON-0010/organisation:ORG-0022
csu_00833,con_00711,sup_0577,contractor,,,src_ted_opendata,file_ted_0287,contract:CON-0001/organisation:ORG-0005
csu_00834,con_00712,sup_0578,contractor,,,src_ted_opendata,file_ted_0288,contract:CON-0001/organisation:ORG-0004
csu_00835,con_00713,sup_0579,contractor,,,src_ted_opendata,file_ted_0289,contract:CON-0001/organisation:ORG-0003
csu_00836,con_00714,sup_0333,contractor,,,src_ted_opendata,file_ted_0290,contract:CON-0001/organisation:ORG-0003
csu_00837,con_00715,sup_0580,contractor,,,src_ted_opendata,file_ted_0291,contract:CON-0002/organisation:ORG-0002
csu_00838,con_00716,sup_0581,contractor,,,src_ted_opendata,file_ted_0292,contract:CON-0001/organisation:ORG-0007
csu_00839,con_00717,sup_0585,contractor,,,src_ted_opendata,file_ted_0292,contract:CON-0002/organisation:ORG-0004
csu_00840,con_00718,sup_0582,contractor,,,src_ted_opendata,file_ted_0292,contract:CON-0003/organisation:ORG-0005
csu_00841,con_00719,sup_0583,contractor,,,src_ted_opendata,file_ted_0292,contract:CON-0004/organisation:ORG-0003
csu_00842,con_00720,sup_0583,contractor,,,src_ted_opendata,file_ted_0292,contract:CON-0005/organisation:ORG-0003
csu_00843,con_00721,sup_0586,contractor,,,src_ted_opendata,file_ted_0295,contract:CON-0001/organisation:ORG-0003
csu_00844,con_00722,sup_0587,contractor,,,src_ted_opendata,file_ted_0296,contract:CON-0001/organisation:ORG-0003
csu_00845,con_00723,sup_0587,contractor,,,src_ted_opendata,file_ted_0296,contract:CON-0002/organisation:ORG-0003
csu_00846,con_00724,sup_0587,contractor,,,src_ted_opendata,file_ted_0296,contract:CON-0003/organisation:ORG-0003
csu_00847,con_00725,sup_0587,contractor,,,src_ted_opendata,file_ted_0296,contract:CON-0004/organisation:ORG-0003
csu_00848,con_00726,sup_0588,contractor,,,src_ted_opendata,file_ted_0297,contract:CON-0001/organisation:ORG-0004
csu_00849,con_00727,sup_0589,contractor,,,src_ted_opendata,file_ted_0298,contract:CON-0001/organisation:ORG-0006
csu_00850,con_00728,sup_0590,contractor,,,src_ted_opendata,file_ted_0298,contract:CON-0002/organisation:ORG-0003
csu_00851,con_00729,sup_0591,contractor,,,src_ted_opendata,file_ted_0298,contract:CON-0003/organisation:ORG-0004
csu_00852,con_00730,sup_0591,contractor,,,src_ted_opendata,file_ted_0298,contract:CON-0004/organisation:ORG-0004
csu_00853,con_00731,sup_0592,contractor,,,src_ted_opendata,file_ted_0298,contract:CON-0005/organisation:ORG-0005
csu_00854,con_00732,sup_0590,contractor,,,src_ted_opendata,file_ted_0298,contract:CON-0006/organisation:ORG-0003
csu_00855,con_00733,sup_0593,contractor,,,src_ted_opendata,file_ted_0299,contract:CON-0001/organisation:ORG-0006
csu_00856,con_00734,sup_0593,contractor,,,src_ted_opendata,file_ted_0299,contract:CON-0002/organisation:ORG-0006
csu_00857,con_00735,sup_0594,contractor,,,src_ted_opendata,file_ted_0299,contract:CON-0003/organisation:ORG-0007
csu_00858,con_00736,sup_0594,contractor,,,src_ted_opendata,file_ted_0299,contract:CON-0004/organisation:ORG-0007
csu_00859,con_00737,sup_0594,contractor,,,src_ted_opendata,file_ted_0299,contract:CON-0005/organisation:ORG-0007
csu_00860,con_00738,sup_0594,contractor,,,src_ted_opendata,file_ted_0299,contract:CON-0006/organisation:ORG-0007
csu_00861,con_00739,sup_0594,contractor,,,src_ted_opendata,file_ted_0299,contract:CON-0007/organisation:ORG-0007
csu_00862,con_00740,sup_0594,contractor,,,src_ted_opendata,file_ted_0299,contract:CON-0008/organisation:ORG-0007
cs_wb_77715,ctr_wb_1785647,sup_wb_808065,awardee,4394441.73,USD,src_worldbank_finances1,file_worldbank_ds00005_001,77715
cs_wb_77714,ctr_wb_1785658,sup_wb_775428,awardee,304819.40,USD,src_worldbank_finances1,file_worldbank_ds00005_001,77714
cs_wb_77713,ctr_wb_1785749,sup_wb_104460,awardee,84946.43,USD,src_worldbank_finances1,file_worldbank_ds00005_001,77713
cs_wb_77712,ctr_wb_1785770,sup_wb_870229,awardee,1403664.71,USD,src_worldbank_finances1,file_worldbank_ds00005_001,77712
cs_wb_77320,ctr_wb_1785794,sup_wb_4a7288a5294a8a42,awardee,41236.91,USD,src_worldbank_finances1,file_worldbank_ds00005_001,77320
cs_wb_76736,ctr_wb_1785859,sup_wb_860193,awardee,21.36,USD,src_worldbank_finances1,file_worldbank_ds00005_001,76736
cs_wb_77319,ctr_wb_1785870,sup_wb_597c6820544f90eb,awardee,15471.70,USD,src_worldbank_finances1,file_worldbank_ds00005_001,77319
cs_wb_76735,ctr_wb_1785879,sup_wb_859159,awardee,6472.96,USD,src_worldbank_finances1,file_worldbank_ds00005_001,76735
cs_wb_76734,ctr_wb_1785883,sup_wb_850841,awardee,1853.55,USD,src_worldbank_finances1,file_worldbank_ds00005_001,76734
cs_wb_76733,ctr_wb_1785885,sup_wb_859159,awardee,5602.83,USD,src_worldbank_finances1,file_worldbank_ds00005_001,76733
cs_wb_77191,ctr_wb_1785952,sup_wb_7bafa91fcfc844d9,awardee,8607.20,USD,src_worldbank_finances1,file_worldbank_ds00005_001,77191
cs_wb_76732,ctr_wb_1785957,sup_wb_501243,awardee,8045.52,USD,src_worldbank_finances1,file_worldbank_ds00005_001,76732
cs_wb_76731,ctr_wb_1785992,sup_wb_019d3d38babbd480,awardee,2273.67,USD,src_worldbank_finances1,file_worldbank_ds00005_001,76731
cs_wb_77190,ctr_wb_1786024,sup_wb_5a003169efcd9cd8,awardee,9332.43,USD,src_worldbank_finances1,file_worldbank_ds00005_001,77190
cs_wb_77059,ctr_wb_1786026,sup_wb_061be76effb02d19,awardee,11957.00,USD,src_worldbank_finances1,file_worldbank_ds00005_001,77059
cs_wb_77318,ctr_wb_1786041,sup_wb_032a4463844be728,awardee,9313.01,USD,src_worldbank_finances1,file_worldbank_ds00005_001,77318
cs_wb_77189,ctr_wb_1786047,sup_wb_866915,awardee,831080.93,USD,src_worldbank_finances1,file_worldbank_ds00005_001,77189
cs_wb_77711,ctr_wb_1786049,sup_wb_655751,awardee,2691.51,USD,src_worldbank_finances1,file_worldbank_ds00005_001,77711
cs_wb_77188,ctr_wb_1786062,sup_wb_813131,awardee,628026.41,USD,src_worldbank_finances1,file_worldbank_ds00005_001,77188
cs_wb_77710,ctr_wb_1786076,sup_wb_704091,awardee,1603149.20,USD,src_worldbank_finances1,file_worldbank_ds00005_001,77710
cs_wb_77709,ctr_wb_1786088,sup_wb_f31b4993221d0391,awardee,11200.00,USD,src_worldbank_finances1,file_worldbank_ds00005_001,77709
cs_wb_77708,ctr_wb_1786105,sup_wb_051fd2ff3de0f400,awardee,18208.10,USD,src_worldbank_finances1,file_worldbank_ds00005_001,77708
cs_wb_76730,ctr_wb_1786156,sup_wb_842933,awardee,3203.15,USD,src_worldbank_finances1,file_worldbank_ds00005_001,76730
cs_wb_76729,ctr_wb_1786159,sup_wb_021a1c3d43393cbd,awardee,3146.95,USD,src_worldbank_finances1,file_worldbank_ds00005_001,76729
cs_wb_77058,ctr_wb_1786164,sup_wb_871884,awardee,1728.16,USD,src_worldbank_finances1,file_worldbank_ds00005_001,77058
cs_wb_77707,ctr_wb_1786169,sup_wb_921143,awardee,10888.56,USD,src_worldbank_finances1,file_worldbank_ds00005_001,77707
cs_wb_76479,ctr_wb_1786186,sup_wb_870575,awardee,224999.64,USD,src_worldbank_finances1,file_worldbank_ds00005_001,76479
cs_wb_77317,ctr_wb_1786204,sup_wb_758338,awardee,1619530.59,USD,src_worldbank_finances1,file_worldbank_ds00005_001,77317
cs_wb_77187,ctr_wb_1786210,sup_wb_821238,awardee,525370.96,USD,src_worldbank_finances1,file_worldbank_ds00005_001,77187
cs_wb_77186,ctr_wb_1786240,sup_wb_841951,awardee,2613801.87,USD,src_worldbank_finances1,file_worldbank_ds00005_001,77186
cs_wb_76478,ctr_wb_1786344,sup_wb_847310,awardee,15103.75,USD,src_worldbank_finances1,file_worldbank_ds00005_001,76478
cs_wb_76477,ctr_wb_1786345,sup_wb_699056,awardee,11567.96,USD,src_worldbank_finances1,file_worldbank_ds00005_001,76477
cs_wb_76346,ctr_wb_1786353,sup_wb_845733,awardee,36233.60,USD,src_worldbank_finances1,file_worldbank_ds00005_001,76346
cs_wb_77706,ctr_wb_1786368,sup_wb_04a1b6bdd498c452,awardee,19764.31,USD,src_worldbank_finances1,file_worldbank_ds00005_001,77706
cs_wb_77705,ctr_wb_1786370,sup_wb_784273,awardee,414827.97,USD,src_worldbank_finances1,file_worldbank_ds00005_001,77705
cs_wb_76921,ctr_wb_1786396,sup_wb_826356,awardee,207623.68,USD,src_worldbank_finances1,file_worldbank_ds00005_001,76921
cs_wb_77704,ctr_wb_1786411,sup_wb_05cbf1a880600984,awardee,12084.76,USD,src_worldbank_finances1,file_worldbank_ds00005_001,77704
cs_wb_77316,ctr_wb_1786412,sup_wb_870955,awardee,10436.36,USD,src_worldbank_finances1,file_worldbank_ds00005_001,77316
cs_wb_76345,ctr_wb_1786431,sup_wb_0660afdac1fc61b3,awardee,2221.81,USD,src_worldbank_finances1,file_worldbank_ds00005_001,76345
cs_wb_76728,ctr_wb_1786524,sup_wb_860463,awardee,303199.50,USD,src_worldbank_finances1,file_worldbank_ds00005_001,76728
cs_wb_76727,ctr_wb_1786537,sup_wb_fa11527198908259,awardee,2500.00,USD,src_worldbank_finances1,file_worldbank_ds00005_001,76727
cs_wb_77185,ctr_wb_1786541,sup_wb_576359,awardee,2732463.37,USD,src_worldbank_finances1,file_worldbank_ds00005_001,77185
cs_wb_77184,ctr_wb_1786542,sup_wb_866936,awardee,1602112.75,USD,src_worldbank_finances1,file_worldbank_ds00005_001,77184
cs_wb_76344,ctr_wb_1786559,sup_wb_2c4563c7d9a3493a,awardee,155100.00,USD,src_worldbank_finances1,file_worldbank_ds00005_001,76344
cs_wb_77183,ctr_wb_1786575,sup_wb_812670,awardee,142533.29,USD,src_worldbank_finances1,file_worldbank_ds00005_001,77183
cs_wb_76343,ctr_wb_1786576,sup_wb_0de8284afc183a79,awardee,860038.85,USD,src_worldbank_finances1,file_worldbank_ds00005_001,76343
cs_wb_76920,ctr_wb_1786606,sup_wb_640839,awardee,123022.08,USD,src_worldbank_finances1,file_worldbank_ds00005_001,76920
cs_wb_76476,ctr_wb_1786673,sup_wb_364a9c8b2925e5c7,awardee,31250.00,USD,src_worldbank_finances1,file_worldbank_ds00005_001,76476
cs_wb_77315,ctr_wb_1786698,sup_wb_01ca1dafa07974e1,awardee,39873.20,USD,src_worldbank_finances1,file_worldbank_ds00005_001,77315
cs_wb_76474,ctr_wb_1786715,sup_wb_637607,awardee,512293.80,USD,src_worldbank_finances1,file_worldbank_ds00005_001,76474
cs_wb_76475,ctr_wb_1786715,sup_wb_778851,awardee,512293.80,USD,src_worldbank_finances1,file_worldbank_ds00005_001,76475
cs_wb_77057,ctr_wb_1786718,sup_wb_865732,awardee,1736.85,USD,src_worldbank_finances1,file_worldbank_ds00005_001,77057
cs_wb_77703,ctr_wb_1786739,sup_wb_2bd794ce03edfe7a,awardee,62943.22,USD,src_worldbank_finances1,file_worldbank_ds00005_001,77703
cs_wb_76222,ctr_wb_1786761,sup_wb_705113,awardee,116133.60,USD,src_worldbank_finances1,file_worldbank_ds00005_001,76222
cs_wb_76570,ctr_wb_1786803,sup_wb_031058fc25458ce2,awardee,21613.10,USD,src_worldbank_finances1,file_worldbank_ds00005_001,76570
cs_wb_76473,ctr_wb_1786816,sup_wb_721979,awardee,274987.80,USD,src_worldbank_finances1,file_worldbank_ds00005_001,76473
cs_wb_77702,ctr_wb_1786825,sup_wb_325bdb7dc6939151,awardee,9780.95,USD,src_worldbank_finances1,file_worldbank_ds00005_001,77702
cs_wb_76726,ctr_wb_1786827,sup_wb_319432,awardee,472766.97,USD,src_worldbank_finances1,file_worldbank_ds00005_001,76726
cs_wb_76919,ctr_wb_1786832,sup_wb_875615,awardee,2228.86,USD,src_worldbank_finances1,file_worldbank_ds00005_001,76919
cs_wb_76917,ctr_wb_1786838,sup_wb_313707,awardee,2267109.13,USD,src_worldbank_finances1,file_worldbank_ds00005_001,76917
cs_wb_76918,ctr_wb_1786838,sup_wb_579135,awardee,2267109.13,USD,src_worldbank_finances1,file_worldbank_ds00005_001,76918
cs_wb_76472,ctr_wb_1786847,sup_wb_07141c3b00f7bd69,awardee,12448.00,USD,src_worldbank_finances1,file_worldbank_ds00005_001,76472
cs_wb_76725,ctr_wb_1786849,sup_wb_0174b3f0f3aa6f6d,awardee,30854.84,USD,src_worldbank_finances1,file_worldbank_ds00005_001,76725
cs_wb_76471,ctr_wb_1786850,sup_wb_43fc9a1ee8fb3c75,awardee,15217.00,USD,src_worldbank_finances1,file_worldbank_ds00005_001,76471
cs_wb_76470,ctr_wb_1786852,sup_wb_20975e91306f07ea,awardee,16055.00,USD,src_worldbank_finances1,file_worldbank_ds00005_001,76470
cs_wb_76567,ctr_wb_1786872,sup_wb_737531,awardee,733202.09,USD,src_worldbank_finances1,file_worldbank_ds00005_001,76567
cs_wb_76568,ctr_wb_1786872,sup_wb_787834,awardee,711637.32,USD,src_worldbank_finances1,file_worldbank_ds00005_001,76568
cs_wb_76569,ctr_wb_1786872,sup_wb_833103,awardee,711637.32,USD,src_worldbank_finances1,file_worldbank_ds00005_001,76569
cs_wb_76221,ctr_wb_1786874,sup_wb_873704,awardee,220501.33,USD,src_worldbank_finances1,file_worldbank_ds00005_001,76221
cs_wb_77314,ctr_wb_1786880,sup_wb_392260,awardee,18528.26,USD,src_worldbank_finances1,file_worldbank_ds00005_001,77314
cs_wb_77701,ctr_wb_1786884,sup_wb_0161b181b30d1b72,awardee,137640.00,USD,src_worldbank_finances1,file_worldbank_ds00005_001,77701
cs_wb_77700,ctr_wb_1786901,sup_wb_df6ad1d1bd9b40a4,awardee,1078.57,USD,src_worldbank_finances1,file_worldbank_ds00005_001,77700
cs_wb_76469,ctr_wb_1786919,sup_wb_828071,awardee,30000.00,USD,src_worldbank_finances1,file_worldbank_ds00005_001,76469
cs_wb_76468,ctr_wb_1786921,sup_wb_06dbc41bb1eb2b04,awardee,59020.00,USD,src_worldbank_finances1,file_worldbank_ds00005_001,76468
cs_wb_76341,ctr_wb_1786936,sup_wb_328596,awardee,947935.66,USD,src_worldbank_finances1,file_worldbank_ds00005_001,76341
cs_wb_76342,ctr_wb_1786936,sup_wb_365460,awardee,947935.66,USD,src_worldbank_finances1,file_worldbank_ds00005_001,76342
cs_wb_76339,ctr_wb_1786937,sup_wb_328596,awardee,159734.66,USD,src_worldbank_finances1,file_worldbank_ds00005_001,76339
cs_wb_76340,ctr_wb_1786937,sup_wb_365460,awardee,159734.66,USD,src_worldbank_finances1,file_worldbank_ds00005_001,76340
cs_wb_76337,ctr_wb_1786939,sup_wb_365460,awardee,1230539.82,USD,src_worldbank_finances1,file_worldbank_ds00005_001,76337
cs_wb_76338,ctr_wb_1786939,sup_wb_749703,awardee,1230539.82,USD,src_worldbank_finances1,file_worldbank_ds00005_001,76338
cs_wb_76335,ctr_wb_1786940,sup_wb_365460,awardee,276411.75,USD,src_worldbank_finances1,file_worldbank_ds00005_001,76335
cs_wb_76336,ctr_wb_1786940,sup_wb_749703,awardee,276411.75,USD,src_worldbank_finances1,file_worldbank_ds00005_001,76336
cs_wb_76220,ctr_wb_1786956,sup_wb_755972,awardee,239305.73,USD,src_worldbank_finances1,file_worldbank_ds00005_001,76220
cs_wb_76219,ctr_wb_1786957,sup_wb_062d4cc3b53e0609,awardee,12726.56,USD,src_worldbank_finances1,file_worldbank_ds00005_001,76219
cs_wb_76743,ctr_wb_1786973,sup_wb_851685,awardee,239849.66,USD,src_worldbank_finances1,file_worldbank_ds00005_001,76743
cs_wb_76744,ctr_wb_1786973,sup_wb_875213,awardee,239849.66,USD,src_worldbank_finances1,file_worldbank_ds00005_001,76744
cs_wb_76566,ctr_wb_1786990,sup_wb_0355ce485100984c,awardee,1247.66,USD,src_worldbank_finances1,file_worldbank_ds00005_001,76566
cs_wb_76565,ctr_wb_1786991,sup_wb_875674,awardee,26398.07,USD,src_worldbank_finances1,file_worldbank_ds00005_001,76565
cs_wb_76467,ctr_wb_1787032,sup_wb_475804,awardee,130625.00,USD,src_worldbank_finances1,file_worldbank_ds00005_001,76467
cs_wb_77699,ctr_wb_1787033,sup_wb_3ec69e9ead0d8cdd,awardee,201625.00,USD,src_worldbank_finances1,file_worldbank_ds00005_001,77699
cs_wb_76218,ctr_wb_1787038,sup_wb_042ad06b27fe0abf,awardee,204000.00,USD,src_worldbank_finances1,file_worldbank_ds00005_001,76218
cs_wb_76334,ctr_wb_1787041,sup_wb_778805,awardee,361180.08,USD,src_worldbank_finances1,file_worldbank_ds00005_001,76334
cs_wb_76089,ctr_wb_1787072,sup_wb_769141,awardee,347235.46,USD,src_worldbank_finances1,file_worldbank_ds00005_001,76089
cs_wb_76216,ctr_wb_1787083,sup_wb_850422,awardee,585366.84,USD,src_worldbank_finances1,file_worldbank_ds00005_001,76216
cs_wb_76217,ctr_wb_1787083,sup_wb_862096,awardee,585366.84,USD,src_worldbank_finances1,file_worldbank_ds00005_001,76217
cs_wb_77698,ctr_wb_1787094,sup_wb_856397,awardee,255252.25,USD,src_worldbank_finances1,file_worldbank_ds00005_001,77698
cs_wb_76916,ctr_wb_1787135,sup_wb_462284,awardee,15136.50,USD,src_worldbank_finances1,file_worldbank_ds00005_001,76916
cs_wb_76915,ctr_wb_1787136,sup_wb_647265,awardee,55000.00,USD,src_worldbank_finances1,file_worldbank_ds00005_001,76915
cs_wb_77697,ctr_wb_1787159,sup_wb_867721,awardee,59746.11,USD,src_worldbank_finances1,file_worldbank_ds00005_001,77697
cs_wb_76088,ctr_wb_1787161,sup_wb_01d5dc224f9c0f2e,awardee,56000.00,USD,src_worldbank_finances1,file_worldbank_ds00005_001,76088
cs_wb_77696,ctr_wb_1787162,sup_wb_985881,awardee,66080.04,USD,src_worldbank_finances1,file_worldbank_ds00005_001,77696
cs_wb_76087,ctr_wb_1787163,sup_wb_36418aafc8bb1ce7,awardee,17000.00,USD,src_worldbank_finances1,file_worldbank_ds00005_001,76087
cs_wb_76724,ctr_wb_1787164,sup_wb_859853,awardee,27984.72,USD,src_worldbank_finances1,file_worldbank_ds00005_001,76724
cs_wb_76086,ctr_wb_1787166,sup_wb_1bc374bc09a2192c,awardee,36985.00,USD,src_worldbank_finances1,file_worldbank_ds00005_001,76086
cs_wb_76085,ctr_wb_1787168,sup_wb_0383a74bb152c64c,awardee,16550.00,USD,src_worldbank_finances1,file_worldbank_ds00005_001,76085
cs_wb_76333,ctr_wb_1787191,sup_wb_875182,awardee,76657.45,USD,src_worldbank_finances1,file_worldbank_ds00005_001,76333
cs_wb_77182,ctr_wb_1787199,sup_wb_812670,awardee,75121.11,USD,src_worldbank_finances1,file_worldbank_ds00005_001,77182
cs_wb_77056,ctr_wb_1787231,sup_wb_35295,awardee,8204008.00,USD,src_worldbank_finances1,file_worldbank_ds00005_001,77056
cs_wb_77313,ctr_wb_1787259,sup_wb_869753,awardee,48064.86,USD,src_worldbank_finances1,file_worldbank_ds00005_001,77313
cs_wb_76914,ctr_wb_1787296,sup_wb_645570,awardee,55415.75,USD,src_worldbank_finances1,file_worldbank_ds00005_001,76914
cs_wb_76466,ctr_wb_1787305,sup_wb_714259,awardee,2089770.50,USD,src_worldbank_finances1,file_worldbank_ds00005_001,76466
cs_wb_76332,ctr_wb_1787350,sup_wb_801239,awardee,750.62,USD,src_worldbank_finances1,file_worldbank_ds00005_001,76332
cs_wb_76913,ctr_wb_1787358,sup_wb_06ccef90b64bb02b,awardee,25559.09,USD,src_worldbank_finances1,file_worldbank_ds00005_001,76913
cs_wb_76912,ctr_wb_1787371,sup_wb_870445,awardee,11165.00,USD,src_worldbank_finances1,file_worldbank_ds00005_001,76912
cs_wb_75878,ctr_wb_1787379,sup_wb_0764a3f5c30a9dc2,awardee,2279.98,USD,src_worldbank_finances1,file_worldbank_ds00005_001,75878
cs_wb_77695,ctr_wb_1787397,sup_wb_037657de9c9ddb40,awardee,21000.00,USD,src_worldbank_finances1,file_worldbank_ds00005_001,77695
cs_wb_77694,ctr_wb_1787399,sup_wb_3fb28b49dc28cc43,awardee,21000.00,USD,src_worldbank_finances1,file_worldbank_ds00005_001,77694
cs_wb_77693,ctr_wb_1787400,sup_wb_7d13ce1d1beb570f,awardee,21000.00,USD,src_worldbank_finances1,file_worldbank_ds00005_001,77693
cs_wb_76465,ctr_wb_1787403,sup_wb_872162,awardee,182286.64,USD,src_worldbank_finances1,file_worldbank_ds00005_001,76465
cs_wb_77692,ctr_wb_1787410,sup_wb_04d5acf05f956802,awardee,30000.00,USD,src_worldbank_finances1,file_worldbank_ds00005_001,77692
cs_wb_77691,ctr_wb_1787412,sup_wb_017867021881c649,awardee,18000.00,USD,src_worldbank_finances1,file_worldbank_ds00005_001,77691
cs_wb_77690,ctr_wb_1787413,sup_wb_1d5d1d3a6e6f4398,awardee,30000.00,USD,src_worldbank_finances1,file_worldbank_ds00005_001,77690
cs_wb_77689,ctr_wb_1787414,sup_wb_626d8e9df6c21b81,awardee,18000.00,USD,src_worldbank_finances1,file_worldbank_ds00005_001,77689
cs_wb_77688,ctr_wb_1787415,sup_wb_94905113c7f88ef1,awardee,18000.00,USD,src_worldbank_finances1,file_worldbank_ds00005_001,77688
cs_wb_77687,ctr_wb_1787416,sup_wb_03c2c683228a4fb9,awardee,18000.00,USD,src_worldbank_finances1,file_worldbank_ds00005_001,77687
cs_wb_77686,ctr_wb_1787417,sup_wb_39cf5d81b5eafda6,awardee,30000.00,USD,src_worldbank_finances1,file_worldbank_ds00005_001,77686
cs_wb_77685,ctr_wb_1787420,sup_wb_0419510d1fc8277c,awardee,18000.00,USD,src_worldbank_finances1,file_worldbank_ds00005_001,77685
cs_wb_76215,ctr_wb_1787421,sup_wb_526168,awardee,38787.58,USD,src_worldbank_finances1,file_worldbank_ds00005_001,76215
cs_wb_77684,ctr_wb_1787422,sup_wb_077aafdadf6c5258,awardee,18000.00,USD,src_worldbank_finances1,file_worldbank_ds00005_001,77684
cs_wb_77683,ctr_wb_1787423,sup_wb_4baa49900326cfb6,awardee,18000.00,USD,src_worldbank_finances1,file_worldbank_ds00005_001,77683
cs_wb_75877,ctr_wb_1787452,sup_wb_843182,awardee,265935.60,USD,src_worldbank_finances1,file_worldbank_ds00005_001,75877
cs_wb_76084,ctr_wb_1787460,sup_wb_866173,awardee,478532.42,USD,src_worldbank_finances1,file_worldbank_ds00005_001,76084
cs_wb_77682,ctr_wb_1787462,sup_wb_532752,awardee,51903.51,USD,src_worldbank_finances1,file_worldbank_ds00005_001,77682
cs_wb_76331,ctr_wb_1787465,sup_wb_749594,awardee,45834.34,USD,src_worldbank_finances1,file_worldbank_ds00005_001,76331
cs_wb_77681,ctr_wb_1787468,sup_wb_760511,awardee,32581.31,USD,src_worldbank_finances1,file_worldbank_ds00005_001,77681
cs_wb_75876,ctr_wb_1787471,sup_wb_842138,awardee,10154.13,USD,src_worldbank_finances1,file_worldbank_ds00005_001,75876
cs_wb_77680,ctr_wb_1787472,sup_wb_351599,awardee,34197.53,USD,src_worldbank_finances1,file_worldbank_ds00005_001,77680
cs_wb_77679,ctr_wb_1787474,sup_wb_817202,awardee,27282.47,USD,src_worldbank_finances1,file_worldbank_ds00005_001,77679
cs_wb_77678,ctr_wb_1787479,sup_wb_817202,awardee,23728.36,USD,src_worldbank_finances1,file_worldbank_ds00005_001,77678
cs_wb_77677,ctr_wb_1787482,sup_wb_789967,awardee,8000.81,USD,src_worldbank_finances1,file_worldbank_ds00005_001,77677
cs_wb_77312,ctr_wb_1787485,sup_wb_0cfc391cfcc80bf2,awardee,11763.33,USD,src_worldbank_finances1,file_worldbank_ds00005_001,77312
cs_wb_76564,ctr_wb_1787488,sup_wb_12c65d4c0fed5184,awardee,25457.64,USD,src_worldbank_finances1,file_worldbank_ds00005_001,76564
cs_wb_76083,ctr_wb_1787502,sup_wb_5649dd06e9ad5471,awardee,21316.80,USD,src_worldbank_finances1,file_worldbank_ds00005_001,76083
cs_wb_75875,ctr_wb_1787554,sup_wb_04a3504ae4f1411b,awardee,2279.98,USD,src_worldbank_finances1,file_worldbank_ds00005_001,75875
cs_wb_76082,ctr_wb_1787561,sup_wb_07036cb4037c5df2,awardee,24809.58,USD,src_worldbank_finances1,file_worldbank_ds00005_001,76082
cs_wb_77676,ctr_wb_1787578,sup_wb_870125,awardee,4362.75,USD,src_worldbank_finances1,file_worldbank_ds00005_001,77676
cs_wb_77675,ctr_wb_1787581,sup_wb_870124,awardee,4362.75,USD,src_worldbank_finances1,file_worldbank_ds00005_001,77675
cs_wb_77674,ctr_wb_1787585,sup_wb_870143,awardee,4362.75,USD,src_worldbank_finances1,file_worldbank_ds00005_001,77674
cs_wb_77673,ctr_wb_1787587,sup_wb_870141,awardee,4362.75,USD,src_worldbank_finances1,file_worldbank_ds00005_001,77673
cs_wb_77672,ctr_wb_1787589,sup_wb_870135,awardee,4362.75,USD,src_worldbank_finances1,file_worldbank_ds00005_001,77672
cs_wb_77671,ctr_wb_1787595,sup_wb_870147,awardee,4362.75,USD,src_worldbank_finances1,file_worldbank_ds00005_001,77671
cs_wb_77670,ctr_wb_1787596,sup_wb_870105,awardee,4362.75,USD,src_worldbank_finances1,file_worldbank_ds00005_001,77670
cs_wb_77669,ctr_wb_1787599,sup_wb_870144,awardee,4362.75,USD,src_worldbank_finances1,file_worldbank_ds00005_001,77669
cs_wb_77668,ctr_wb_1787600,sup_wb_870132,awardee,4362.75,USD,src_worldbank_finances1,file_worldbank_ds00005_001,77668
cs_wb_76330,ctr_wb_1787601,sup_wb_844187,awardee,5408.80,USD,src_worldbank_finances1,file_worldbank_ds00005_001,76330
cs_wb_75746,ctr_wb_1787604,sup_wb_51ac750b57c9e654,awardee,4021.76,USD,src_worldbank_finances1,file_worldbank_ds00005_001,75746
cs_wb_77667,ctr_wb_1787605,sup_wb_870104,awardee,4362.75,USD,src_worldbank_finances1,file_worldbank_ds00005_001,77667
cs_wb_75874,ctr_wb_1787608,sup_wb_753518,awardee,52484.56,USD,src_worldbank_finances1,file_worldbank_ds00005_001,75874
cs_wb_77666,ctr_wb_1787610,sup_wb_870103,awardee,4362.75,USD,src_worldbank_finances1,file_worldbank_ds00005_001,77666
cs_wb_77665,ctr_wb_1787613,sup_wb_870145,awardee,4362.75,USD,src_worldbank_finances1,file_worldbank_ds00005_001,77665
cs_wb_77664,ctr_wb_1787616,sup_wb_870146,awardee,4362.75,USD,src_worldbank_finances1,file_worldbank_ds00005_001,77664
cs_wb_77663,ctr_wb_1787617,sup_wb_870149,awardee,4362.75,USD,src_worldbank_finances1,file_worldbank_ds00005_001,77663
cs_wb_77662,ctr_wb_1787620,sup_wb_870150,awardee,4362.75,USD,src_worldbank_finances1,file_worldbank_ds00005_001,77662
cs_wb_77661,ctr_wb_1787621,sup_wb_870154,awardee,4362.75,USD,src_worldbank_finances1,file_worldbank_ds00005_001,77661
cs_wb_77660,ctr_wb_1787623,sup_wb_870156,awardee,4362.75,USD,src_worldbank_finances1,file_worldbank_ds00005_001,77660
cs_wb_77659,ctr_wb_1787625,sup_wb_870157,awardee,4362.75,USD,src_worldbank_finances1,file_worldbank_ds00005_001,77659
cs_wb_76081,ctr_wb_1787629,sup_wb_589325,awardee,8261.62,USD,src_worldbank_finances1,file_worldbank_ds00005_001,76081
cs_wb_77658,ctr_wb_1787630,sup_wb_870158,awardee,4362.75,USD,src_worldbank_finances1,file_worldbank_ds00005_001,77658
cs_wb_77657,ctr_wb_1787631,sup_wb_870161,awardee,4362.75,USD,src_worldbank_finances1,file_worldbank_ds00005_001,77657
cs_wb_77656,ctr_wb_1787632,sup_wb_870166,awardee,4362.75,USD,src_worldbank_finances1,file_worldbank_ds00005_001,77656
cs_wb_77655,ctr_wb_1787633,sup_wb_870171,awardee,4362.75,USD,src_worldbank_finances1,file_worldbank_ds00005_001,77655
cs_wb_77654,ctr_wb_1787634,sup_wb_870172,awardee,4362.75,USD,src_worldbank_finances1,file_worldbank_ds00005_001,77654
cs_wb_75745,ctr_wb_1787637,sup_wb_07f68ee7c29000c2,awardee,4021.76,USD,src_worldbank_finances1,file_worldbank_ds00005_001,75745
cs_wb_76723,ctr_wb_1787670,sup_wb_985851,awardee,3488.83,USD,src_worldbank_finances1,file_worldbank_ds00005_001,76723
cs_wb_76722,ctr_wb_1787674,sup_wb_874445,awardee,22640.40,USD,src_worldbank_finances1,file_worldbank_ds00005_001,76722
cs_wb_76721,ctr_wb_1787676,sup_wb_876833,awardee,11761.25,USD,src_worldbank_finances1,file_worldbank_ds00005_001,76721
cs_wb_76080,ctr_wb_1787687,sup_wb_04617d0d4c952a22,awardee,45259.87,USD,src_worldbank_finances1,file_worldbank_ds00005_001,76080
cs_wb_76464,ctr_wb_1787704,sup_wb_662485,awardee,19789.60,USD,src_worldbank_finances1,file_worldbank_ds00005_001,76464
cs_wb_76720,ctr_wb_1787711,sup_wb_877296,awardee,46750.96,USD,src_worldbank_finances1,file_worldbank_ds00005_001,76720
cs_wb_76719,ctr_wb_1787714,sup_wb_877245,awardee,47044.99,USD,src_worldbank_finances1,file_worldbank_ds00005_001,76719
cs_wb_75873,ctr_wb_1787726,sup_wb_842142,awardee,85346.80,USD,src_worldbank_finances1,file_worldbank_ds00005_001,75873
cs_wb_75744,ctr_wb_1787734,sup_wb_842142,awardee,7065.09,USD,src_worldbank_finances1,file_worldbank_ds00005_001,75744
cs_wb_77055,ctr_wb_1787749,sup_wb_796866,awardee,878.19,USD,src_worldbank_finances1,file_worldbank_ds00005_001,77055
cs_wb_77054,ctr_wb_1787753,sup_wb_763457,awardee,987.96,USD,src_worldbank_finances1,file_worldbank_ds00005_001,77054
cs_wb_77053,ctr_wb_1787755,sup_wb_796845,awardee,878.19,USD,src_worldbank_finances1,file_worldbank_ds00005_001,77053
cs_wb_77181,ctr_wb_1787757,sup_wb_798156,awardee,984.12,USD,src_worldbank_finances1,file_worldbank_ds00005_001,77181
cs_wb_76214,ctr_wb_1787760,sup_wb_06b69f3eaa400054,awardee,7466.34,USD,src_worldbank_finances1,file_worldbank_ds00005_001,76214
cs_wb_77180,ctr_wb_1787762,sup_wb_746691,awardee,984.12,USD,src_worldbank_finances1,file_worldbank_ds00005_001,77180
cs_wb_76911,ctr_wb_1787767,sup_wb_853473,awardee,1540.24,USD,src_worldbank_finances1,file_worldbank_ds00005_001,76911
cs_wb_77052,ctr_wb_1787786,sup_wb_863759,awardee,10377.95,USD,src_worldbank_finances1,file_worldbank_ds00005_001,77052
cs_wb_76463,ctr_wb_1787796,sup_wb_791f94672760688c,awardee,16783.19,USD,src_worldbank_finances1,file_worldbank_ds00005_001,76463
cs_wb_77653,ctr_wb_1787828,sup_wb_460616,awardee,127410.08,USD,src_worldbank_finances1,file_worldbank_ds00005_001,77653
cs_wb_77051,ctr_wb_1787832,sup_wb_869258,awardee,4542503.69,USD,src_worldbank_finances1,file_worldbank_ds00005_001,77051
cs_wb_76718,ctr_wb_1787834,sup_wb_018fc3b0e0aa293e,awardee,35424.35,USD,src_worldbank_finances1,file_worldbank_ds00005_001,76718
cs_wb_75635,ctr_wb_1787840,sup_wb_591880,awardee,127504.47,USD,src_worldbank_finances1,file_worldbank_ds00005_001,75635
cs_wb_75743,ctr_wb_1787855,sup_wb_02e2d65b5a7215b7,awardee,8142.36,USD,src_worldbank_finances1,file_worldbank_ds00005_001,75743
cs_wb_75742,ctr_wb_1787869,sup_wb_6bc2c51ea49c10c7,awardee,2514.39,USD,src_worldbank_finances1,file_worldbank_ds00005_001,75742
cs_wb_76462,ctr_wb_1787874,sup_wb_07b59f16db9f53f4,awardee,47891.57,USD,src_worldbank_finances1,file_worldbank_ds00005_001,76462
cs_wb_75741,ctr_wb_1787876,sup_wb_1cdfda296bb5bad6,awardee,10967.36,USD,src_worldbank_finances1,file_worldbank_ds00005_001,75741
cs_wb_75872,ctr_wb_1787882,sup_wb_05b10a005dd75d86,awardee,41756.87,USD,src_worldbank_finances1,file_worldbank_ds00005_001,75872
cs_wb_76079,ctr_wb_1787886,sup_wb_32c6dea4fbc3fbd5,awardee,87265.04,USD,src_worldbank_finances1,file_worldbank_ds00005_001,76079
cs_wb_77311,ctr_wb_1787901,sup_wb_869546,awardee,133000.00,USD,src_worldbank_finances1,file_worldbank_ds00005_001,77311
cs_wb_76078,ctr_wb_1787902,sup_wb_14e3b40468b2d7da,awardee,31294.00,USD,src_worldbank_finances1,file_worldbank_ds00005_001,76078
cs_wb_76077,ctr_wb_1787917,sup_wb_872010,awardee,12496.88,USD,src_worldbank_finances1,file_worldbank_ds00005_001,76077
cs_wb_76329,ctr_wb_1787919,sup_wb_874865,awardee,52287.88,USD,src_worldbank_finances1,file_worldbank_ds00005_001,76329
cs_wb_76328,ctr_wb_1787920,sup_wb_874865,awardee,57990.06,USD,src_worldbank_finances1,file_worldbank_ds00005_001,76328
cs_wb_76076,ctr_wb_1787921,sup_wb_391349,awardee,12184.39,USD,src_worldbank_finances1,file_worldbank_ds00005_001,76076
cs_wb_76075,ctr_wb_1787923,sup_wb_872033,awardee,3747.72,USD,src_worldbank_finances1,file_worldbank_ds00005_001,76075
cs_wb_76213,ctr_wb_1787929,sup_wb_854633,awardee,113336.84,USD,src_worldbank_finances1,file_worldbank_ds00005_001,76213
cs_wb_77310,ctr_wb_1787932,sup_wb_859279,awardee,6208.43,USD,src_worldbank_finances1,file_worldbank_ds00005_001,77310
cs_wb_76212,ctr_wb_1787945,sup_wb_830263,awardee,1759637.73,USD,src_worldbank_finances1,file_worldbank_ds00005_001,76212
cs_wb_75871,ctr_wb_1787947,sup_wb_374112,awardee,1677576.61,USD,src_worldbank_finances1,file_worldbank_ds00005_001,75871
cs_wb_75494,ctr_wb_1787953,sup_wb_0e23d12acfd13d71,awardee,1975.80,USD,src_worldbank_finances1,file_worldbank_ds00005_001,75494
cs_wb_76910,ctr_wb_1787961,sup_wb_845979,awardee,13178.82,USD,src_worldbank_finances1,file_worldbank_ds00005_001,76910
cs_wb_76909,ctr_wb_1787970,sup_wb_419703,awardee,460878.91,USD,src_worldbank_finances1,file_worldbank_ds00005_001,76909
cs_wb_77309,ctr_wb_1787989,sup_wb_877561,awardee,40742.67,USD,src_worldbank_finances1,file_worldbank_ds00005_001,77309
cs_wb_77050,ctr_wb_1787998,sup_wb_855443,awardee,987.96,USD,src_worldbank_finances1,file_worldbank_ds00005_001,77050
cs_wb_76074,ctr_wb_1788002,sup_wb_873990,awardee,169655.88,USD,src_worldbank_finances1,file_worldbank_ds00005_001,76074
cs_wb_76073,ctr_wb_1788009,sup_wb_873957,awardee,171209.16,USD,src_worldbank_finances1,file_worldbank_ds00005_001,76073
cs_wb_77179,ctr_wb_1788011,sup_wb_05146b0d7b34b280,awardee,134400.00,USD,src_worldbank_finances1,file_worldbank_ds00005_001,77179
cs_wb_76072,ctr_wb_1788018,sup_wb_936923,awardee,171621.04,USD,src_worldbank_finances1,file_worldbank_ds00005_001,76072
cs_wb_76071,ctr_wb_1788019,sup_wb_873898,awardee,171249.19,USD,src_worldbank_finances1,file_worldbank_ds00005_001,76071
cs_wb_75870,ctr_wb_1788020,sup_wb_873930,awardee,171850.50,USD,src_worldbank_finances1,file_worldbank_ds00005_001,75870
cs_wb_77178,ctr_wb_1788021,sup_wb_30ca979d2f2f8545,awardee,120000.00,USD,src_worldbank_finances1,file_worldbank_ds00005_001,77178
cs_wb_75740,ctr_wb_1788026,sup_wb_835323,awardee,249054.05,USD,src_worldbank_finances1,file_worldbank_ds00005_001,75740
cs_wb_76211,ctr_wb_1788037,sup_wb_864076,awardee,1793232.32,USD,src_worldbank_finances1,file_worldbank_ds00005_001,76211
cs_wb_76070,ctr_wb_1788046,sup_wb_864011,awardee,1592359.81,USD,src_worldbank_finances1,file_worldbank_ds00005_001,76070
cs_wb_77652,ctr_wb_1788070,sup_wb_03f8e4181bf89a3f,awardee,39218.74,USD,src_worldbank_finances1,file_worldbank_ds00005_001,77652
cs_wb_77651,ctr_wb_1788071,sup_wb_03207cd484b4c2f1,awardee,39218.74,USD,src_worldbank_finances1,file_worldbank_ds00005_001,77651
cs_wb_76563,ctr_wb_1788074,sup_wb_476745,awardee,7485.14,USD,src_worldbank_finances1,file_worldbank_ds00005_001,76563
cs_wb_76562,ctr_wb_1788075,sup_wb_878231,awardee,33911.79,USD,src_worldbank_finances1,file_worldbank_ds00005_001,76562
cs_wb_76561,ctr_wb_1788076,sup_wb_878234,awardee,33125.38,USD,src_worldbank_finances1,file_worldbank_ds00005_001,76561
cs_wb_75634,ctr_wb_1788092,sup_wb_d7e49b830661ad20,awardee,20627.17,USD,src_worldbank_finances1,file_worldbank_ds00005_001,75634
cs_wb_75493,ctr_wb_1788094,sup_wb_327972,awardee,444111.10,USD,src_worldbank_finances1,file_worldbank_ds00005_001,75493
cs_wb_75739,ctr_wb_1788097,sup_wb_557180,awardee,70552.42,USD,src_worldbank_finances1,file_worldbank_ds00005_001,75739
cs_wb_75492,ctr_wb_1788106,sup_wb_852511,awardee,9077.48,USD,src_worldbank_finances1,file_worldbank_ds00005_001,75492
cs_wb_75491,ctr_wb_1788108,sup_wb_858435,awardee,15343.32,USD,src_worldbank_finances1,file_worldbank_ds00005_001,75491
cs_wb_75490,ctr_wb_1788110,sup_wb_858446,awardee,48346.71,USD,src_worldbank_finances1,file_worldbank_ds00005_001,75490
cs_wb_75489,ctr_wb_1788111,sup_wb_858435,awardee,9095.73,USD,src_worldbank_finances1,file_worldbank_ds00005_001,75489
cs_wb_76069,ctr_wb_1788112,sup_wb_40e228eabfb47f6f,awardee,8989.57,USD,src_worldbank_finances1,file_worldbank_ds00005_001,76069
cs_wb_77650,ctr_wb_1788115,sup_wb_25260ae2069ebf52,awardee,13968.88,USD,src_worldbank_finances1,file_worldbank_ds00005_001,77650
cs_wb_75738,ctr_wb_1788126,sup_wb_972357,awardee,112627.23,USD,src_worldbank_finances1,file_worldbank_ds00005_001,75738
cs_wb_76327,ctr_wb_1788133,sup_wb_853496,awardee,9239.06,USD,src_worldbank_finances1,file_worldbank_ds00005_001,76327
cs_wb_75633,ctr_wb_1788143,sup_wb_39fee67b0dbd9560,awardee,20906.40,USD,src_worldbank_finances1,file_worldbank_ds00005_001,75633
cs_wb_76461,ctr_wb_1788145,sup_wb_024417bfe16ec796,awardee,12670.49,USD,src_worldbank_finances1,file_worldbank_ds00005_001,76461
cs_wb_75632,ctr_wb_1788147,sup_wb_769141,awardee,478403.14,USD,src_worldbank_finances1,file_worldbank_ds00005_001,75632
cs_wb_76717,ctr_wb_1788148,sup_wb_876864,awardee,234768.01,USD,src_worldbank_finances1,file_worldbank_ds00005_001,76717
cs_wb_75737,ctr_wb_1788151,sup_wb_769141,awardee,190039.99,USD,src_worldbank_finances1,file_worldbank_ds00005_001,75737
cs_wb_76068,ctr_wb_1788158,sup_wb_878095,awardee,317534.67,USD,src_worldbank_finances1,file_worldbank_ds00005_001,76068
cs_wb_77308,ctr_wb_1788163,sup_wb_801510,awardee,11383.73,USD,src_worldbank_finances1,file_worldbank_ds00005_001,77308
cs_wb_75488,ctr_wb_1788172,sup_wb_986806,awardee,116304.00,USD,src_worldbank_finances1,file_worldbank_ds00005_001,75488
cs_wb_76716,ctr_wb_1788173,sup_wb_d57cd56aa60fd425,awardee,909.17,USD,src_worldbank_finances1,file_worldbank_ds00005_001,76716
cs_wb_76067,ctr_wb_1788185,sup_wb_1447621bdf3da640,awardee,24417.26,USD,src_worldbank_finances1,file_worldbank_ds00005_001,76067
cs_wb_75331,ctr_wb_1788226,sup_wb_053ca546a2f2b590,awardee,9908.27,USD,src_worldbank_finances1,file_worldbank_ds00005_001,75331
cs_wb_76066,ctr_wb_1788227,sup_wb_876445,awardee,309000.00,USD,src_worldbank_finances1,file_worldbank_ds00005_001,76066
cs_wb_77049,ctr_wb_1788251,sup_wb_901166,awardee,35351.44,USD,src_worldbank_finances1,file_worldbank_ds00005_001,77049
cs_wb_75330,ctr_wb_1788256,sup_wb_877853,awardee,38358.25,USD,src_worldbank_finances1,file_worldbank_ds00005_001,75330
cs_wb_76715,ctr_wb_1788272,sup_wb_835488,awardee,75582.70,USD,src_worldbank_finances1,file_worldbank_ds00005_001,76715
cs_wb_77307,ctr_wb_1788291,sup_wb_01079522b685d8e0,awardee,24084.78,USD,src_worldbank_finances1,file_worldbank_ds00005_001,77307
cs_wb_76714,ctr_wb_1788295,sup_wb_f7a2d33f57c19363,awardee,23761.75,USD,src_worldbank_finances1,file_worldbank_ds00005_001,76714
cs_wb_75869,ctr_wb_1788312,sup_wb_866764,awardee,98637.86,USD,src_worldbank_finances1,file_worldbank_ds00005_001,75869
cs_wb_75868,ctr_wb_1788316,sup_wb_866764,awardee,93940.82,USD,src_worldbank_finances1,file_worldbank_ds00005_001,75868
cs_wb_77649,ctr_wb_1788321,sup_wb_765781,awardee,43071.38,USD,src_worldbank_finances1,file_worldbank_ds00005_001,77649
cs_wb_75867,ctr_wb_1788323,sup_wb_866764,awardee,97072.18,USD,src_worldbank_finances1,file_worldbank_ds00005_001,75867
cs_wb_75329,ctr_wb_1788343,sup_wb_5b606e9b0f88143a,awardee,2584.60,USD,src_worldbank_finances1,file_worldbank_ds00005_001,75329
cs_wb_77306,ctr_wb_1788345,sup_wb_878798,awardee,40681.52,USD,src_worldbank_finances1,file_worldbank_ds00005_001,77306
cs_wb_77177,ctr_wb_1788356,sup_wb_016606265eed44fe,awardee,61610.00,USD,src_worldbank_finances1,file_worldbank_ds00005_001,77177
cs_wb_76460,ctr_wb_1788359,sup_wb_829571,awardee,49295.77,USD,src_worldbank_finances1,file_worldbank_ds00005_001,76460
cs_wb_77648,ctr_wb_1788360,sup_wb_878430,awardee,126982.64,USD,src_worldbank_finances1,file_worldbank_ds00005_001,77648
cs_wb_77176,ctr_wb_1788364,sup_wb_613935,awardee,41000.00,USD,src_worldbank_finances1,file_worldbank_ds00005_001,77176
cs_wb_76065,ctr_wb_1788378,sup_wb_5f845fa322540f3b,awardee,22453.45,USD,src_worldbank_finances1,file_worldbank_ds00005_001,76065
cs_wb_77175,ctr_wb_1788390,sup_wb_510938,awardee,2652846.91,USD,src_worldbank_finances1,file_worldbank_ds00005_001,77175
cs_wb_77174,ctr_wb_1788391,sup_wb_580955,awardee,3223301.87,USD,src_worldbank_finances1,file_worldbank_ds00005_001,77174
cs_wb_76713,ctr_wb_1788392,sup_wb_842635,awardee,3000117.83,USD,src_worldbank_finances1,file_worldbank_ds00005_001,76713
cs_wb_75736,ctr_wb_1788394,sup_wb_413598,awardee,1038555.61,USD,src_worldbank_finances1,file_worldbank_ds00005_001,75736
cs_wb_77173,ctr_wb_1788395,sup_wb_02571471e96c29ae,awardee,253729.14,USD,src_worldbank_finances1,file_worldbank_ds00005_001,77173
cs_wb_77305,ctr_wb_1788398,sup_wb_808974,awardee,212168.00,USD,src_worldbank_finances1,file_worldbank_ds00005_001,77305
cs_wb_75328,ctr_wb_1788405,sup_wb_03513ca520a0847e,awardee,44339.81,USD,src_worldbank_finances1,file_worldbank_ds00005_001,75328
cs_wb_76459,ctr_wb_1788410,sup_wb_863361,awardee,11094.19,USD,src_worldbank_finances1,file_worldbank_ds00005_001,76459
cs_wb_76712,ctr_wb_1788418,sup_wb_0cbed94be5d814e2,awardee,58447.35,USD,src_worldbank_finances1,file_worldbank_ds00005_001,76712
cs_wb_76064,ctr_wb_1788428,sup_wb_25f780497ec7cd02,awardee,70914.18,USD,src_worldbank_finances1,file_worldbank_ds00005_001,76064
cs_wb_75155,ctr_wb_1788431,sup_wb_06fb8d2bf9327ba8,awardee,2504.38,USD,src_worldbank_finances1,file_worldbank_ds00005_001,75155
cs_wb_76326,ctr_wb_1788432,sup_wb_0ab8f048d6ec829e,awardee,106404.01,USD,src_worldbank_finances1,file_worldbank_ds00005_001,76326
cs_wb_75866,ctr_wb_1788439,sup_wb_0797ba149f68e4c7,awardee,4984.63,USD,src_worldbank_finances1,file_worldbank_ds00005_001,75866
cs_wb_75487,ctr_wb_1788447,sup_wb_727337,awardee,177935.90,USD,src_worldbank_finances1,file_worldbank_ds00005_001,75487
cs_wb_75327,ctr_wb_1788448,sup_wb_700937,awardee,81882.64,USD,src_worldbank_finances1,file_worldbank_ds00005_001,75327
cs_wb_77647,ctr_wb_1788452,sup_wb_784254,awardee,499886.38,USD,src_worldbank_finances1,file_worldbank_ds00005_001,77647
cs_wb_76456,ctr_wb_1788473,sup_wb_494158,awardee,3804150.86,USD,src_worldbank_finances1,file_worldbank_ds00005_001,76456
cs_wb_76457,ctr_wb_1788473,sup_wb_617506,awardee,3692264.07,USD,src_worldbank_finances1,file_worldbank_ds00005_001,76457
cs_wb_76458,ctr_wb_1788473,sup_wb_691279,awardee,3692264.07,USD,src_worldbank_finances1,file_worldbank_ds00005_001,76458
cs_wb_75326,ctr_wb_1788475,sup_wb_7c4ee51f2ab1a7fa,awardee,1437.30,USD,src_worldbank_finances1,file_worldbank_ds00005_001,75326
cs_wb_76063,ctr_wb_1788476,sup_wb_861852,awardee,11132.45,USD,src_worldbank_finances1,file_worldbank_ds00005_001,76063
cs_wb_76711,ctr_wb_1788484,sup_wb_0557fa81f9d50552,awardee,38400.00,USD,src_worldbank_finances1,file_worldbank_ds00005_001,76711
cs_wb_76560,ctr_wb_1788488,sup_wb_5bb2ed9a2e4a3f5e,awardee,48000.00,USD,src_worldbank_finances1,file_worldbank_ds00005_001,76560
cs_wb_75325,ctr_wb_1788500,sup_wb_818656,awardee,42527.83,USD,src_worldbank_finances1,file_worldbank_ds00005_001,75325
cs_wb_75154,ctr_wb_1788542,sup_wb_06c79a1441a492df,awardee,3804.00,USD,src_worldbank_finances1,file_worldbank_ds00005_001,75154
cs_wb_75338,ctr_wb_1788552,sup_wb_856420,awardee,67299.00,USD,src_worldbank_finances1,file_worldbank_ds00005_001,75338
cs_wb_75153,ctr_wb_1788579,sup_wb_34990,awardee,7000434.00,USD,src_worldbank_finances1,file_worldbank_ds00005_001,75153
cs_wb_76455,ctr_wb_1788592,sup_wb_839257,awardee,109646.85,USD,src_worldbank_finances1,file_worldbank_ds00005_001,76455
cs_wb_75337,ctr_wb_1788595,sup_wb_027de9306ace3e1d,awardee,52678.01,USD,src_worldbank_finances1,file_worldbank_ds00005_001,75337
