lot_id,source_lot_id,notice_id,procedure_id,lot_title,lot_description,lot_status,estimated_value,currency_code,category_id,source_id,source_file_id,source_record_id,collected_at
lot_00001,LOT-0001,not_0001,pro_0001,Planungs - und baubegleitende Vermessungsleistungen,Grundleistungen und besondere Leistungen aus dem gesamten LB Vermessung der FHH für Teilbereiche in den Quartieren,selec-w,,,cat_0001,src_ted_opendata,file_ted_0001,lot:LOT-0001,2026-08-19
lot_00002,LOT-0002,not_0001,pro_0001,Vermessungsleistungen zur Grundstücksentwicklung,Für die Grundstücksbildung und den Grundstücksverkauf können verschiedene Vermessungsleistungen in Anlehnung an das LB-Vermessung und in Verbindung mit der GebOVerm erforderlich sein.,selec-w,,,cat_0001,src_ted_opendata,file_ted_0001,lot:LOT-0002,2026-08-19
lot_00003,LOT-0003,not_0001,pro_0001,Aufmaß von Bestandsgebäuden,"Zu den Bestandsgebäuden zählen auch-Ingenieurbauwerke wie Gebäude, Brücken, Kaimauern, Warftwände und Stützmauern. Die Vermessungsergebnisse sind als DWG-Dateien und als PDF-Dateien zu dokumentieren.",selec-w,,,cat_0001,src_ted_opendata,file_ted_0001,lot:LOT-0003,2026-08-19
lot_00004,LOT-0004,not_0001,pro_0001,Bestandsvermessung Quartiere am Volkspark,siehe Leistungsbeschreibung,selec-w,,,cat_0001,src_ted_opendata,file_ted_0001,lot:LOT-0004,2026-08-19
lot_00005,LOT-0005,not_0001,pro_0001,Sonstige Vermessungsleistungen,Weitere Vermessungsleistungen,selec-w,,,cat_0001,src_ted_opendata,file_ted_0001,lot:LOT-0005,2026-08-19
lot_00006,LOT-0001,not_0002,pro_0002,Modernizacja oświetlenia ulicznego w Gminie Witonia,"1) wykonanie dokumentacji powykonawczej wykonanie projektu wykonawczego oraz uzgodnienie z lokalnym Operatorem Systemu Dystrybucyjnego – Energa Operator SA Rejon Kutno przed rozpoczęciem instalacji oraz zawarcie umowy z OSD o współpracy przy modernizacji oświetlenia drogowego i ulicznego, 2) demontaż 737 szt. istniejących opraw, 3) dostawa opraw oświetleniowych ulicznych LED, zgodnych ze złożoną ofertą, w miejsce prowadzenia prac instalacyjnych w ilości 737 szt. (posiadających możliwość zdalnego bezprzewodowego sterowania indywidualnie każdej oprawy), 4) instalację dostarczonych opraw oświetlenia zewnętrznego na wysięgnikach i słupach zgodnie z ""Opisem wymagań dotyczących wydajności i funkcjonalności Modernizacji oświetlenia ulicznego w Gminie Witonia” (załącznik nr 1 do SWZ, tabele), w ilości 737 szt., 5) uruchomienie systemu sterowania oświetleniem wraz z instalacją aplikacji do zarządzania systemem, 6) wykonanie pomiarów natężenia oświetlenia dla wskazanych przez Zamawiającego pięciu odcinków modernizowanego oświetlenia, 7) wykonanie projektów czasowej organizacji ruchu wraz z jej wprowadzeniem, jeśli są wymagane, 8) wykonanie dokumentacji powykonawczej.",selec-w,1158540,PLN,cat_0002,src_ted_opendata,file_ted_0002,lot:LOT-0001,2026-08-19
lot_00007,LOT-0000,not_0003,pro_0003,Gradbena dela na NN KBV Kastra 4 (DE Gorica),Gradbena dela na NN KBV Kastra 4 (DE Gorica),selec-w,49407.4000,EUR,cat_0003,src_ted_opendata,file_ted_0003,lot:LOT-0000,2026-08-19
lot_00008,LOT-0001,not_0004,pro_0004,Pakiet 16 Świadczenie usług serwisowania aparatury medycznej,Świadczenie usług serwisowania aparatury medycznej,clos-nw,,,cat_0005,src_ted_opendata,file_ted_0004,lot:LOT-0001,2026-08-19
lot_00009,LOT-0001,not_0005,pro_0005,ZP-107/2024,Zakup i wdrożenie kompleksowego systemu archiwizacji i dystrybucji danych obrazowych PACS wraz z dostawą infrastruktury,selec-w,,,cat_0006,src_ted_opendata,file_ted_0005,lot:LOT-0001,2026-08-19
lot_00010,LOT-0000,not_0006,pro_0006,Therapy level Co-60 radiation source into the GammaBeam X200 irradiator (Best Theratronics),The Therapy level Co-60 radiation source installed into the GammaBeam X200 irradiator (Best Theratronics) to be used by the Secondary Standard Dosimetry Laboratory (SSDL) of the Radiation and Nuclear Safety Authority of Finland.,selec-w,,,cat_0007,src_ted_opendata,file_ted_0006,lot:LOT-0000,2026-08-19
lot_00011,LOT-0001,not_0007,pro_0007,Odbiór i zagospodarowanie odpadów komunalnych od właścicieli nieruchomości zamieszkałych na terenie gminy Lubomia w roku 2025,"Przedmiotem zamówienia jest świadczenie usług w zakresie odbierania i zagospodarowania odpadów komunalnych z posesji, na których zamieszkują mieszkańcy, w sposób umożliwiający Gminie Lubomia osiągnięcie odpowiednich poziomów recyklingu, przygotowania do ponownego użycia i odzysku innymi metodami oraz ograniczenie masy odpadów komunalnych ulegających biodegradacji przekazywanych do składowania, zgodnie z zapisami ustawy z dnia 13 września 1996 r. o utrzymaniu czystości i porządku w gminach (t.j. Dz. U. z 2024 r. poz. 399 z późn. zm.), zapisami Planu Gospodarki Odpadami dla Województwa Śląskiego, uchwałą w sprawie Regulaminu utrzymania czystości i porządku na terenie gminy Lubomia, ustawą z dnia 14 grudnia 2012 r. o odpadach (t.j. Dz.U. z 2023 r., poz. 1587 z późn. zm.), a także rozporządzeniami dotyczącymi realizacji zadania oraz świadczenie usługi polegającej na odbiorze i zagospodarowaniu odpadów zebranych w PSZOK (odpady również pochodzą z nieruchomości, na których zamieszkują mieszkańcy), frakcje: papier; metale; tworzywa sztuczne; szkło; odpady opakowaniowe wielomateriałowe; bioodpady; odpady niebezpieczne; przeterminowane leki i chemikalia; odpady niekwalifikujące się do odpadów medycznych powstałe w gospodarstwie domowym w wyniku przyjmowania produktów leczniczych w formie iniekcji i prowadzenia monitoringu substancji we krwi, w szczególności igły i strzykawki; zużyte baterie i akumulatory; zużyty sprzęt elektryczny i elektroniczny; zużyte opony; meble i inne odpady wielkogabarytowe; odpady budowlane i rozbiórkowe; odpady tekstyliów i odzieży. PSZOK (Punkt Selektywnego Zbierania Odpadów Komunalnych) – lokalizacja Lubomia, ul. Szkolna 4, (parcela nr 934/126, k.m. 2 obręb Lubomia). Prowadzący PSZOK: Urząd Gminy Lubomia, ul. Szkolna 1, 44-360 Lubomia.",selec-w,,,cat_0008,src_ted_opendata,file_ted_0007,lot:LOT-0001,2026-08-19
lot_00012,LOT-0000,not_0008,pro_0008,MT13 - Accord-cadre d'accompagnement et de balisage,"La présente consultation a pour objet de désigner le titulaire de l'accord cadre de travaux d'accompagnement et de balisage à l'occasion d'opérations de maintenance ou de développement des réseaux de transports (tramway, Busway, Chronobus) - MT13. Les prestations d'accompagnement et balisage à réaliser par le titulaire concernent les domaines suivants : - Fourniture de balisage de chantier, - Pose de balisage périmétrique de chantier, - Travaux d'abattage d'arbres, - Travaux de libération d'emprises, - Dépose de mobilier urbain, - Mise en place de jalonnement et signalisation provisoire, - Mise en place de SLT provisoire, - Mise en place d'éclairage public provisoire, - Mise en place de communication de chantier Le détail complet des prestations figure au CCTP. Il s'agit d'un accord cadre de travaux mono-attributaire, avec un montant minimum de 1 300 000 euros HT et un montant maximum de 3 583 334 euros HT, sur l'ensemble de la durée de l'accord-cadre, conformément à l'article R. 2162-4 1° du code de la commande publique. Cet accord cadre sera exécuté au fur et à mesure de l'émission de bons de commande conformément à l'article R. 2162-2 alinéa 2 du code de la commande publique",selec-w,,,cat_0009,src_ted_opendata,file_ted_0008,lot:LOT-0000,2026-08-19
lot_00013,LOT-0001,not_0009,pro_0009,"Endoproteze totale primare de sold: cimentate, hibrid si cimentate cu dubla mobilitate; cu tija femurala nepolişată cu profil biconic",1.1. Endoproteza totala primara CIMENTATA de sold cu tija femurala cu profil biconic si cupa polietilena Cantitate min./max. estimata contract subsecvent (buc)1 /10 ; Cantitate min./max. estimata acord cadru (buc) : 400 / 500; Valoare min./max. estimata contract subsecvent (lei) :4110 /41100; Valoare min/max. estimata acord-cadru(lei):1644000 / 2055000. 1.2. Endoproteza totala primara HIBRID de sold cu tija femurala cu profil biconic ( cimentata) si cupa necimentata acoperita cu metal fibrilar Cantitate min./max. estimata contract subsecvent (buc)1 /1 ; Cantitate min./max. estimata acord cadru (buc) : 32 / 40; Valoare min./max. estimata contract subsecvent (lei) :5280 /5280; Valoare min/max. estimata acord-cadru(lei):168960 / 211200. 1.3. Endoproteza totala primara CIMENTATA de sold cu tija cu profil biconic si cupa cu DUBLA MOBILITATE Cantitate min./max. estimata contract subsecvent (buc)1 /1 ; Cantitate min./max. estimata acord cadru (buc) : 24 / 30; Valoare min./max. estimata contract subsecvent (lei) :5110 /5110; Valoare min/max. estimata acord-cadru(lei):122640 / 153300,selec-w,,,cat_0010,src_ted_opendata,file_ted_0009,lot:LOT-0001,2026-08-19
lot_00014,LOT-0002,not_0009,pro_0009,Endoproteze totale primare de sold: cimentate si hibridde sold cu tija femurala polisata cu pulslavaj si accesorii pt cimentare,2.1. Endoproteza totala primara CIMENTATA de sold cu tija femurala polisata cu pulslavaj si cupa de polietilena si accesorii pentru cimentare Cantitate min./max. estimata contract subsecvent (buc)1 /8 ; Cantitate min./max. estimata acord cadru (buc) : 320 / 400; Valoare min./max. estimata contract subsecvent (lei) :3900 /31200; Valoare min/max. estimata acord-cadru(lei):1248000 / 1560000. 2.2. Endoproteza totala primara HIBRID de sold cu tija femurala polisata( cimentata) cu pulslavaj si accesorii pentru cimentare si cupa necimentata acoperita cu hidroxiapatita Cantitate min./max. estimata contract subsecvent (buc)1 /2 ; Cantitate min./max. estimata acord cadru (buc) : 80 / 100 ; Valoare min./max. estimata contract subsecvent (lei) :5200 /10400; Valoare min/max. estimata acord-cadru(lei):416000 / 520000,selec-w,,,cat_0010,src_ted_opendata,file_ted_0009,lot:LOT-0002,2026-08-19
lot_00015,LOT-0003,not_0009,pro_0009,"Endoproteze totale primare de sold: necimentate, hibrid inversat si necimentate cu dubla mobilitate; cu tija cu profil biconic",3.1. Endoproteza totala primara NECIMENTATA de sold cu tija cu profil biconic si cupa acoperita cu metal fibrilar Cantitate min./max. estimata contract subsecvent (buc)1 /5 ; Cantitate min./max. estimata acord cadru (buc) : 200 / 250; Valoare min./max. estimata contract subsecvent (lei) :6070 /30350; Valoare min/max. estimata acord-cadru(lei):1214000 / 1517500. 3.2. Endoproteza totala primara HIBRID INVERSAT de sold cu cu tija cu profil biconic si cupa de polietilena (cimentata) Cantitate min./max. estimata contract subsecvent (buc)1 /1 ; Cantitate min./max. estimata acord cadru (buc) : 24 / 30; Valoare min./max. estimata contract subsecvent (lei) :4900 /4900; Valoare min/max. estimata acord-cadru(lei):117600 / 147000. 3.3. Endoproteza totala primara NECIMENTATA de sold cu tija cu profil biconic si cupa cu DUBLA MOBILITATE Cantitate min./max. estimata contract subsecvent (buc)1 /2 ; Cantitate min./max. estimata acord cadru (buc) : 80 / 100; Valoare min./max. estimata contract subsecvent (lei) :6800 /13600; Valoare min/max. estimata acord-cadru(lei):544000 / 680000.,selec-w,,,cat_0010,src_ted_opendata,file_ted_0009,lot:LOT-0003,2026-08-19
lot_00016,LOT-0004,not_0009,pro_0009,Endoproteze totale primare necimentate si hibrid inversat de sold cu tija morfometrica si diferite cupluri de frictiune,4.1. Endoproteza totala primara NECIMENTATA de sold cu tija morfometrica si cuplu metal-polietilena Cantitate min./max. estimata contract subsecvent (buc)1 /8 ; Cantitate min./max. estimata acord cadru (buc) : 320 / 400; Valoare min./max. estimata contract subsecvent (lei) :5900 /47200; Valoare min/max. estimata acord-cadru(lei):1888000 / 2360000. 4.2. Endoproteza totale primara NECIMENTATA de sold cu tija morfometrica si cuplu ceramica-polietilena Cantitate min./max. estimata contract subsecvent (buc)1 /2 ; Cantitate min./max. estimata acord cadru (buc) : 64 / 80; Valoare min./max. estimata contract subsecvent (lei) :6900 /13800; Valoare min/max. estimata acord-cadru(lei):441600 / 552000. 4.3. Endoproteza totala primara HIBRID INVERSAT de sold cu tija morfometrica si cupa polietilena crosslink (cimentata ) Cantitate min./max. estimata contract subsecvent (buc)1 /1 ; Cantitate min./max. estimata acord cadru (buc) : 24 / 30; Valoare min./max. estimata contract subsecvent (lei) :5300 /5300; Valoare min/max. estimata acord-cadru(lei):127200 / 159000.,selec-w,,,cat_0010,src_ted_opendata,file_ted_0009,lot:LOT-0004,2026-08-19
lot_00017,LOT-0005,not_0009,pro_0009,Endoproteze totale primare NECIMENTATE de sold cu multiple variante de acoperire,5. Endoproteze totale primare NECIMENTATE de sold cu multiple variante de acoperire Cantitate min./max. estimata contract subsecvent (buc)1 /2 ; Cantitate min./max. estimata acord cadru (buc) : 80 / 100; Valoare min./max. estimata contract subsecvent (lei) :6880 /13760; Valoare min/max. estimata acord-cadru(lei):550400 / 688000.,selec-w,,,cat_0010,src_ted_opendata,file_ted_0009,lot:LOT-0005,2026-08-19
lot_00018,LOT-0006,not_0009,pro_0009,Endoproteze totale primare necimentate de sold cu offset multiplu,6.1. Endoproteza totala primara NECIMENTATA de sold cu offset multiplu si cuplu si cuplu standard Cantitate min./max. estimata contract subsecvent (buc)1 /2 ; Cantitate min./max. estimata acord cadru (buc) : 80 / 100; Valoare min./max. estimata contract subsecvent (lei) :7330 /14660; Valoare min/max. estimata acord-cadru(lei):586400 / 733000. 6.2. Endoproteza totala primara NECIMENTATA de sold cu offset multiplu si cuplu superior Cantitate min./max. estimata contract subsecvent (buc)1 /1 ; Cantitate min./max. estimata acord cadru (buc) : 40 / 50; Valoare min./max. estimata contract subsecvent (lei) :8330 /8330; Valoare min/max. estimata acord-cadru(lei):333200 / 416500.,selec-w,,,cat_0010,src_ted_opendata,file_ted_0009,lot:LOT-0006,2026-08-19
lot_00019,LOT-0007,not_0009,pro_0009,Endoproteze totale de sold de revizie,7.1.. Endoproteza totala de revizie NECIMENTATA de sold – cu tija modulară si fixare distal diafizara Cantitate min./max. estimata contract subsecvent (buc)1 /1 ; Cantitate min./max. estimata acord cadru (buc) : 40 / 50; Valoare min./max. estimata contract subsecvent (lei) :9790 /9790; Valoare min/max. estimata acord-cadru(lei):391600 / 489500. 7.2. Endoproteza totala de revizie NECIMENTATA de sold cu tija monobloc si fixare distal diafizara Cantitate min./max. estimata contract subsecvent (buc)1 /1 ; Cantitate min./max. estimata acord cadru (buc) : 24 / 30; Valoare min./max. estimata contract subsecvent (lei) :12500 /12500 ; Valoare min/max. estimata acord-cadru(lei):300000 / 375000.,selec-w,,,cat_0010,src_ted_opendata,file_ted_0009,lot:LOT-0007,2026-08-19
lot_00020,LOT-0008,not_0009,pro_0009,Elemente de augmentare si ranforsare a cotilului si metafizodiafizare plus componente endoprotetice primare sau de revizie folosite in revizia protetica a soldului,8.1. Bloc de augmentare din metal trabecular pentru cotil in revizia protetica a soldului Cantitate min./max. estimata contract subsecvent (buc)1 /2 ; Cantitate min./max. estimata acord cadru (buc) : 16 / 20; Valoare min./max. estimata contract subsecvent (lei) :2900 /5800; Valoare min/max. estimata acord-cadru(lei):46400 / 58000. 8.2. Cupa de revizie din metal trabecular cu insert cimentat in revizia protetica a soldului Cantitate min./max. estimata contract subsecvent (buc)1 /2 ; Cantitate min./max. estimata acord cadru (buc) : 16 / 20; Valoare min./max. estimata contract subsecvent (lei) :9500 /19000; Valoare min/max. estimata acord-cadru(lei):152000 / 190000. 8.3. Cupa de revizie din metal trabecular cu Inel “ cup – cage “ si insert cimentat in revizia protetica a soldului Cantitate min./max. estimata contract subsecvent (buc)1 /2 ; Cantitate min./max. estimata acord cadru (buc) : 16 / 20; Valoare min./max. estimata contract subsecvent (lei) :13300 /26600; Valoare min/max. estimata acord-cadru(lei):212800 / 266000. 8.4. Inel de ranforsare cotil cu insert cimentat in revizia protetica a soldului Cantitate min./max. estimata contract subsecvent (buc)1 /2 ; Cantitate min./max. estimata acord cadru (buc) : 16 / 20; Valoare min./max. estimata contract subsecvent (lei) :4500 /9000; Valoare min/max. estimata acord-cadru(lei):72000 / 90000. 8.5. Tija femurala modulară necimentata de revizie si cap femural endoprotetic in revizia protetica a soldului Cantitate min./max. estimata contract subsecvent (buc)1 /2 ; Cantitate min./max. estimata acord cadru (buc) : 16 / 20; Valoare min./max. estimata contract subsecvent (lei) :7100 /14200; Valoare min/max. estimata acord-cadru(lei):113600 / 142000. 8.6. Tija femurala primara cimentata si cap femural endoprotetic in revizia protetica a soldului Cantitate min./max. estimata contract subsecvent (buc)1 /1 ; Cantitate min./max. estimata acord cadru (buc) : 24 / 30; Valoare min./max. estimata contract subsecvent (lei) :2500 /2500; Valoare min/max. estimata acord-cadru(lei):60000 / 75000. 8.7. Cupa acetabulara primara cimentata de polietilena si cap femural endoprotetic in revizia primara a soldului Cantitate min./max. estimata contract subsecvent (buc)1 /1 ; Cantitate min./max. estimata acord cadru (buc) : 24 / 30; Valoare min./max. estimata contract subsecvent (lei) :2000 /2000 ; Valoare min/max. estimata acord-cadru(lei):48000 / 60000.,selec-w,,,cat_0010,src_ted_opendata,file_ted_0009,lot:LOT-0008,2026-08-19
lot_00021,LOT-0009,not_0009,pro_0009,Cabluri de ranforsare in revizia endoprotetica,9. Cabluri de ranforsare in revizia endoprotetica Cantitate min./max. estimata contract subsecvent (buc)1 /3 ; Cantitate min./max. estimata acord cadru (buc) : 120 / 150; Valoare min./max. estimata contract subsecvent (lei) :290 /870; Valoare min/max. estimata acord-cadru(lei):34800 / 43500.,selec-w,,,cat_0011,src_ted_opendata,file_ted_0009,lot:LOT-0009,2026-08-19
lot_00022,LOT-0010,not_0009,pro_0009,Ciment ortopedic cu gentamicina,10. Ciment ortopedic cu gentamicina Cantitate min./max. estimata contract subsecvent (buc)1 /21 ; Cantitate min./max. estimata acord cadru (buc) : 800 / 1000; Valoare min./max. estimata contract subsecvent (lei) :240 /5040 ; Valoare min/max. estimata acord-cadru(lei):192000 / 240000.,selec-w,,,cat_0012,src_ted_opendata,file_ted_0009,lot:LOT-0010,2026-08-19
lot_00023,LOT-0011,not_0009,pro_0009,Ciment ortopedic cu doua antibiotice,Ciment ortopedic cu doua antibiotice Cantitate min./max. estimata contract subsecvent (buc)1 /21 ; Cantitate min./max. estimata acord cadru (buc) : 800 / 1000; Valoare min./max. estimata contract subsecvent (lei) :370 /7770; Valoare min/max. estimata acord-cadru(lei):296000 / 370000.,selec-w,,,cat_0012,src_ted_opendata,file_ted_0009,lot:LOT-0011,2026-08-19
lot_00024,LOT-0012,not_0009,pro_0009,Endoproteze totale cimentate primare si de revizie de genunchi cu trei raze de curbura,12.1. Endoproteza totala primara cimentata de genunchi cu trei raze de curbura cu componenta tibiala fixa cu kit pulslavaj Cantitate min./max. estimata contract subsecvent (buc)1 /6 ; Cantitate min./max. estimata acord cadru (buc) : 240 / 300; Valoare min./max. estimata contract subsecvent (lei) :6520 /39120; Valoare min/max. estimata acord-cadru(lei):1564800 / 1956000. 12.2. Endoproteza totala de revizie cimentata de genunchi cu trei raze de curbura cu kit pt pulslavaj cu tije de extensie si blocuri de augmentare din titan Cantitate min./max. estimata contract subsecvent (buc)1 /1 ; Cantitate min./max. estimata acord cadru (buc) : 32 / 40 ; Valoare min./max. estimata contract subsecvent (lei) :21700 /21700; Valoare min/max. estimata acord-cadru(lei):694400 / 868000. 12.3. Endoproteza totala primara cimentata de genunchi cu trei raze de curbura cu componenta tibiala de revizie cu kit pt pulslavaj Cantitate min./max. estimata contract subsecvent (buc)1 /1 ; Cantitate min./max. estimata acord cadru (buc) : 32 / 40; Valoare min./max. estimata contract subsecvent (lei) :8070 /8070; Valoare min/max. estimata acord-cadru(lei):258240 / 322800. 12.4. Blocuri de augmentare din titan pentru proteza totala de revizie cimentata de genunchi cu trei raze de curbura Cantitate min./max. estimata contract subsecvent (buc)1 /2 ; Cantitate min./max. estimata acord cadru (buc) : 64 / 80; Valoare min./max. estimata contract subsecvent (lei) :2200 /4400; Valoare min/max. estimata acord-cadru(lei):140800 / 176000. 12.5. Con de augmentare pt femur sau tibie pentru proteza totala de revizie cimentata cu trei raze de curbura Cantitate min./max. estimata contract subsecvent (buc)1 /2 ; Cantitate min./max. estimata acord cadru (buc) : 16 / 20; Valoare min./max. estimata contract subsecvent (lei) :6500 /13000; Valoare min/max. estimata acord-cadru(lei):104000 / 130000.,selec-w,,,cat_0010,src_ted_opendata,file_ted_0009,lot:LOT-0012,2026-08-19
lot_00025,LOT-0013,not_0009,pro_0009,Endoproteza totala primara cimentata de genunchi complet anatomica cu kit pulslavaj,13. Endoproteza totala primara cimentata de genunchi complet anatomica cu kit pulslavaj Cantitate min./max. estimata contract subsecvent (buc)1 /2 ; Cantitate min./max. estimata acord cadru (buc) : 32 / 40; Valoare min./max. estimata contract subsecvent (lei) :9300 /18600; Valoare min/max. estimata acord-cadru(lei):297600 / 372000.,selec-w,,,cat_0010,src_ted_opendata,file_ted_0009,lot:LOT-0013,2026-08-19
lot_00026,LOT-0014,not_0009,pro_0009,Endoproteza unicompartimentala de genunchi cimentata cu platou mobil cu kit pulslavaj,14. Endoproteza unicompartimentala de genunchi cimentata cu platou mobil cu kit pulslavaj Cantitate min./max. estimata contract subsecvent (buc)1 /2 ; Cantitate min./max. estimata acord cadru (buc) : 32 / 40; Valoare min./max. estimata contract subsecvent (lei) :5300 /10600; Valoare min/max. estimata acord-cadru(lei):169600 / 212000.,selec-w,,,cat_0010,src_ted_opendata,file_ted_0009,lot:LOT-0014,2026-08-19
lot_00027,LOT-0015,not_0009,pro_0009,Endoproteze totale primare si de revizie cimentate de genunchi cu raza unica de curbura si kit pulslavaj,15.1. Endoproteza totala primara cimentata de genunchi cu raza unica de curbura cu stabilizare posterioara si kit pulslavaj Cantitate min./max. estimata contract subsecvent (buc)1 /6 ; Cantitate min./max. estimata acord cadru (buc) : 240 / 300; Valoare min./max. estimata contract subsecvent (lei) :6000 /36000; Valoare min/max. estimata acord-cadru(lei):1440000 / 1800000. 15.2. Endoproteza totala de revizie cimentata de genunchi cu raza unica de curbura cu blocuri de augmentare si stabilizatoare intramedulare si kit pulslavaj Cantitate min./max. estimata contract subsecvent (buc)1 /1 ; Cantitate min./max. estimata acord cadru (buc) : 40 / 50; Valoare min./max. estimata contract subsecvent (lei) :17500 /17500; Valoare min/max. estimata acord-cadru(lei):700000 / 875000. 15.3. Endoproteza totala cimentata de genunchi cu raza unica de curbura cu componenta femurala primara si componenta tibiala de revizie Cantitate min./max. estimata contract subsecvent (buc)1 /1 ; Cantitate min./max. estimata acord cadru (buc) : 40 / 50; Valoare min./max. estimata contract subsecvent (lei) :11000 /11000; Valoare min/max. estimata acord-cadru(lei):440000 / 550000. 15.4. Conuri de augmentare femurale si tibiale pentru endoproteza de revizie de genunchi cu raza unica de curbura Cantitate min./max. estimata contract subsecvent (buc)1 /2 ; Cantitate min./max. estimata acord cadru (buc) : 16 / 20; Valoare min./max. estimata contract subsecvent (lei) :4200 /8400; Valoare min/max. estimata acord-cadru(lei):67200 / 84000.,selec-w,,,cat_0010,src_ted_opendata,file_ted_0009,lot:LOT-0015,2026-08-19
lot_00028,LOT-0016,not_0009,pro_0009,Endoproteze totale primare cimentate de genunchi cu platou anatomic cu kit pulslavaj plus elemente de stabilizare,"16.1. Endoproteza totala primara cimentata de genunchi . cu platou anatomic, stem si insert constrains Cantitate min./max. estimata contract subsecvent (buc)1 /1 ; Cantitate min./max. estimata acord cadru (buc) : 32 / 40; Valoare min./max. estimata contract subsecvent (lei) :9200 /9200; Valoare min/max. estimata acord-cadru(lei):294400 / 368000. 16.2. Endoproteza totala primara cimentata de genunchi cu platou anatomic , stem, insert constrains si augument Cantitate min./max. estimata contract subsecvent (buc)1 /2 ; Cantitate min./max. estimata acord cadru (buc) : 16 / 20; Valoare min./max. estimata contract subsecvent (lei) :10800 /21600; Valoare min/max. estimata acord-cadru(lei):172800 / 216000.",selec-w,,,cat_0010,src_ted_opendata,file_ted_0009,lot:LOT-0016,2026-08-19
lot_00029,LOT-0017,not_0009,pro_0009,Endoproteza totala de revizie cimentata de genunchi tip “ balama” cu rotatie,17. Endoproteza totala de revizie cimentata de genunchi tip “ balama” cu rotatie Cantitate min./max. estimata contract subsecvent (buc)1 /2 ; Cantitate min./max. estimata acord cadru (buc) : 16 / 20; Valoare min./max. estimata contract subsecvent (lei) :16000 /32000; Valoare min/max. estimata acord-cadru(lei):256000 / 320000.,selec-w,,,cat_0010,src_ted_opendata,file_ted_0009,lot:LOT-0017,2026-08-19
lot_00030,LOT-0018,not_0009,pro_0009,Endoproteze totala primara cimentatata de genunchi fara stabilizare posterioara cu pivotare mediala,18. Endoproteze totala primara cimentatata de genunchi fara sabilizare posterioara cu pivotare mediala Cantitate min./max. estimata contract subsecvent (buc)1 /2 ; Cantitate min./max. estimata acord cadru (buc) : 80 / 100; Valoare min./max. estimata contract subsecvent (lei) :8380 /16760; Valoare min/max. estimata acord-cadru(lei):670400 / 838000.,selec-w,,,cat_0010,src_ted_opendata,file_ted_0009,lot:LOT-0018,2026-08-19
lot_00031,LOT-0001,not_0010,pro_0010,Udzielenie kredytu długoterminowego na sfinansowanie planowanego deficytu budżetu Gminy Wiśniew roku 2024 oraz spłatę wcześniej zaciągniętych zobowiązań z tytułu kredytów i pożyczek,Udzielenie kredytu długoterminowego na sfinansowanie planowanego deficytu budżetu Gminy Wiśniew roku 2024 oraz spłatę wcześniej zaciągniętych zobowiązań z tytułu kredytów i pożyczek,selec-w,,,cat_0013,src_ted_opendata,file_ted_0010,lot:LOT-0001,2026-08-19
lot_00032,LOT-0000,not_0011,pro_0011,Das Projectpersoneel Senior boswachter beheer,Das Projectpersoneel Senior boswachter beheer,clos-nw,1,EUR,cat_0014,src_ted_opendata,file_ted_0011,lot:LOT-0000,2026-08-19
lot_00033,LOT-0001,not_0012,pro_0012,Usługa pełnienia funkcji Inwestora Zastępczego (z rozszerzonym zakresem obowiązków) przy realizacji inwestycji pod nazwą „Budowa Centrum Edukacji Przyrodniczej MORGI”,"3.1. Przedmiotem zamówienia jest usługa pełnienia funkcji Inwestora Zastępczego (z rozszerzonym zakresem obowiązków) przy realizacji inwestycji pod nazwą „Budowa Centrum Edukacji Przyrodniczej MORGI” (dalej również: „Inwestycja). 3.2. Zamówienie zostało podzielone na etapy: Etap I, II i III oraz Etap IV jako przysługujące Zamawiającemu prawo opcji. 3.3. Inwestor Zastępczy będzie działał w imieniu i na rzecz Zamawiającego na podstawie udzielonych pełnomocnictw (inwestor zastępczy o charakterze pełnomocniczym), w tym m.in. pełnomocnictwa udzielonego w trybie art. 37 ust. 2 PZP. 3.4. Szczegółowy opis przedmiotu zamówienia stanowi załącznik 1 do SWZ. 3.6. Miejsce realizacji umowy: usługa będzie wykonywana w formie zdalnej oraz formie stacjonarnej na terenie realizacji Inwestycji - teren Babiogórskiego Parku Narodowego (poza obszarem Natura 2000), 34-222 Zawoja Widły, województwo Małopolskie, działki nr 22727/13 i 22728/1 obręb 0002 Zawoja lub w innym wskazanym przez Zamawiającego miejscu.",selec-w,1542416.67,PLN,cat_0015,src_ted_opendata,file_ted_0012,lot:LOT-0001,2026-08-19
lot_00034,LOT-0003,not_0013,pro_0013,Część 3,"1. Przedmiotem zamówienia jest dostawa obłożeń operacyjnych, ubrań chirurgicznych, wyrobów medycznych do elektrochirurgii i innych wyrobów używanych przy zabiegach operacyjnych. 2. Szczegółowy opis przedmiotu zamówienia określający wymagania Zamawiającego, ilości, zawarty jest w zał. nr 1 do SWZ – Formularzu asortymentowo-cenowym oraz w zał. nr 5a, 5b do SWZ – Projekt umowy. Wykonawca wypełniając pozycje w kolumnie „ „Podać TAK/NIE” oraz „Opisać” potwierdza spełnianie wymagań określonych przez Zamawiającego. 3. Przedmiot zamówienia musi być zgodny z ustawą z dnia 7 kwietnia 2022 r. o wyrobach medycznych (Dz.U. 2022 poz. 974 z późn. zm.) - jeśli dotyczy. 4. We wszystkich zapisach SWZ oraz jej załącznikach, w których Zamawiający odwołuje się do norm, aprobat, specyfikacji technicznych lub systemów odniesienia bądź wskazane są znaki towarowe, parametry lub źródła pochodzenia (nazwy producentów lub urządzeń), zgodnie z art. 99 ust. 5 oraz art. 101 ust. 4 ustawy Pzp Zamawiający dopuszcza rozwiązania równoważne.",selec-w,,,cat_0016,src_ted_opendata,file_ted_0013,lot:LOT-0003,2026-08-19
lot_00035,LOT-0004,not_0013,pro_0013,Część 4,"1. Przedmiotem zamówienia jest dostawa obłożeń operacyjnych, ubrań chirurgicznych, wyrobów medycznych do elektrochirurgii i innych wyrobów używanych przy zabiegach operacyjnych. 2. Szczegółowy opis przedmiotu zamówienia określający wymagania Zamawiającego, ilości, zawarty jest w zał. nr 1 do SWZ – Formularzu asortymentowo-cenowym oraz w zał. nr 5a, 5b do SWZ – Projekt umowy. Wykonawca wypełniając pozycje w kolumnie „ „Podać TAK/NIE” oraz „Opisać” potwierdza spełnianie wymagań określonych przez Zamawiającego. 3. Przedmiot zamówienia musi być zgodny z ustawą z dnia 7 kwietnia 2022 r. o wyrobach medycznych (Dz.U. 2022 poz. 974 z późn. zm.) - jeśli dotyczy. 4. We wszystkich zapisach SWZ oraz jej załącznikach, w których Zamawiający odwołuje się do norm, aprobat, specyfikacji technicznych lub systemów odniesienia bądź wskazane są znaki towarowe, parametry lub źródła pochodzenia (nazwy producentów lub urządzeń), zgodnie z art. 99 ust. 5 oraz art. 101 ust. 4 ustawy Pzp Zamawiający dopuszcza rozwiązania równoważne.",selec-w,,,cat_0016,src_ted_opendata,file_ted_0013,lot:LOT-0004,2026-08-19
lot_00036,LOT-0010,not_0013,pro_0013,Część 10,"1. Przedmiotem zamówienia jest dostawa obłożeń operacyjnych, ubrań chirurgicznych, wyrobów medycznych do elektrochirurgii i innych wyrobów używanych przy zabiegach operacyjnych. 2. Szczegółowy opis przedmiotu zamówienia określający wymagania Zamawiającego, ilości, zawarty jest w zał. nr 1 do SWZ – Formularzu asortymentowo-cenowym oraz w zał. nr 5a, 5b do SWZ – Projekt umowy. Wykonawca wypełniając pozycje w kolumnie „ „Podać TAK/NIE” oraz „Opisać” potwierdza spełnianie wymagań określonych przez Zamawiającego. 3. Przedmiot zamówienia musi być zgodny z ustawą z dnia 7 kwietnia 2022 r. o wyrobach medycznych (Dz.U. 2022 poz. 974 z późn. zm.) - jeśli dotyczy. 4. We wszystkich zapisach SWZ oraz jej załącznikach, w których Zamawiający odwołuje się do norm, aprobat, specyfikacji technicznych lub systemów odniesienia bądź wskazane są znaki towarowe, parametry lub źródła pochodzenia (nazwy producentów lub urządzeń), zgodnie z art. 99 ust. 5 oraz art. 101 ust. 4 ustawy Pzp Zamawiający dopuszcza rozwiązania równoważne.",selec-w,,,cat_0016,src_ted_opendata,file_ted_0013,lot:LOT-0010,2026-08-19
lot_00037,LOT-0012,not_0013,pro_0013,Część 12,"1. Przedmiotem zamówienia jest dostawa obłożeń operacyjnych, ubrań chirurgicznych, wyrobów medycznych do elektrochirurgii i innych wyrobów używanych przy zabiegach operacyjnych. 2. Szczegółowy opis przedmiotu zamówienia określający wymagania Zamawiającego, ilości, zawarty jest w zał. nr 1 do SWZ – Formularzu asortymentowo-cenowym oraz w zał. nr 5a, 5b do SWZ – Projekt umowy. Wykonawca wypełniając pozycje w kolumnie „ „Podać TAK/NIE” oraz „Opisać” potwierdza spełnianie wymagań określonych przez Zamawiającego. 3. Przedmiot zamówienia musi być zgodny z ustawą z dnia 7 kwietnia 2022 r. o wyrobach medycznych (Dz.U. 2022 poz. 974 z późn. zm.) - jeśli dotyczy. 4. We wszystkich zapisach SWZ oraz jej załącznikach, w których Zamawiający odwołuje się do norm, aprobat, specyfikacji technicznych lub systemów odniesienia bądź wskazane są znaki towarowe, parametry lub źródła pochodzenia (nazwy producentów lub urządzeń), zgodnie z art. 99 ust. 5 oraz art. 101 ust. 4 ustawy Pzp Zamawiający dopuszcza rozwiązania równoważne.",selec-w,,,cat_0016,src_ted_opendata,file_ted_0013,lot:LOT-0012,2026-08-19
lot_00038,LOT-0014,not_0013,pro_0013,Część 14,"1. Przedmiotem zamówienia jest dostawa obłożeń operacyjnych, ubrań chirurgicznych, wyrobów medycznych do elektrochirurgii i innych wyrobów używanych przy zabiegach operacyjnych. 2. Szczegółowy opis przedmiotu zamówienia określający wymagania Zamawiającego, ilości, zawarty jest w zał. nr 1 do SWZ – Formularzu asortymentowo-cenowym oraz w zał. nr 5a, 5b do SWZ – Projekt umowy. Wykonawca wypełniając pozycje w kolumnie „ „Podać TAK/NIE” oraz „Opisać” potwierdza spełnianie wymagań określonych przez Zamawiającego. 3. Przedmiot zamówienia musi być zgodny z ustawą z dnia 7 kwietnia 2022 r. o wyrobach medycznych (Dz.U. 2022 poz. 974 z późn. zm.) - jeśli dotyczy. 4. We wszystkich zapisach SWZ oraz jej załącznikach, w których Zamawiający odwołuje się do norm, aprobat, specyfikacji technicznych lub systemów odniesienia bądź wskazane są znaki towarowe, parametry lub źródła pochodzenia (nazwy producentów lub urządzeń), zgodnie z art. 99 ust. 5 oraz art. 101 ust. 4 ustawy Pzp Zamawiający dopuszcza rozwiązania równoważne.",selec-w,,,cat_0016,src_ted_opendata,file_ted_0013,lot:LOT-0014,2026-08-19
lot_00039,LOT-0016,not_0013,pro_0013,Część 16,"1. Przedmiotem zamówienia jest dostawa obłożeń operacyjnych, ubrań chirurgicznych, wyrobów medycznych do elektrochirurgii i innych wyrobów używanych przy zabiegach operacyjnych. 2. Szczegółowy opis przedmiotu zamówienia określający wymagania Zamawiającego, ilości, zawarty jest w zał. nr 1 do SWZ – Formularzu asortymentowo-cenowym oraz w zał. nr 5a, 5b do SWZ – Projekt umowy. Wykonawca wypełniając pozycje w kolumnie „ „Podać TAK/NIE” oraz „Opisać” potwierdza spełnianie wymagań określonych przez Zamawiającego. 3. Przedmiot zamówienia musi być zgodny z ustawą z dnia 7 kwietnia 2022 r. o wyrobach medycznych (Dz.U. 2022 poz. 974 z późn. zm.) - jeśli dotyczy. 4. We wszystkich zapisach SWZ oraz jej załącznikach, w których Zamawiający odwołuje się do norm, aprobat, specyfikacji technicznych lub systemów odniesienia bądź wskazane są znaki towarowe, parametry lub źródła pochodzenia (nazwy producentów lub urządzeń), zgodnie z art. 99 ust. 5 oraz art. 101 ust. 4 ustawy Pzp Zamawiający dopuszcza rozwiązania równoważne.",selec-w,,,cat_0016,src_ted_opendata,file_ted_0013,lot:LOT-0016,2026-08-19
lot_00040,LOT-0018,not_0013,pro_0013,Część 18,"1. Przedmiotem zamówienia jest dostawa obłożeń operacyjnych, ubrań chirurgicznych, wyrobów medycznych do elektrochirurgii i innych wyrobów używanych przy zabiegach operacyjnych. 2. Szczegółowy opis przedmiotu zamówienia określający wymagania Zamawiającego, ilości, zawarty jest w zał. nr 1 do SWZ – Formularzu asortymentowo-cenowym oraz w zał. nr 5a, 5b do SWZ – Projekt umowy. Wykonawca wypełniając pozycje w kolumnie „ „Podać TAK/NIE” oraz „Opisać” potwierdza spełnianie wymagań określonych przez Zamawiającego. 3. Przedmiot zamówienia musi być zgodny z ustawą z dnia 7 kwietnia 2022 r. o wyrobach medycznych (Dz.U. 2022 poz. 974 z późn. zm.) - jeśli dotyczy. 4. We wszystkich zapisach SWZ oraz jej załącznikach, w których Zamawiający odwołuje się do norm, aprobat, specyfikacji technicznych lub systemów odniesienia bądź wskazane są znaki towarowe, parametry lub źródła pochodzenia (nazwy producentów lub urządzeń), zgodnie z art. 99 ust. 5 oraz art. 101 ust. 4 ustawy Pzp Zamawiający dopuszcza rozwiązania równoważne.",selec-w,,,cat_0016,src_ted_opendata,file_ted_0013,lot:LOT-0018,2026-08-19
lot_00041,LOT-0020,not_0013,pro_0013,Część 20,"1. Przedmiotem zamówienia jest dostawa obłożeń operacyjnych, ubrań chirurgicznych, wyrobów medycznych do elektrochirurgii i innych wyrobów używanych przy zabiegach operacyjnych. 2. Szczegółowy opis przedmiotu zamówienia określający wymagania Zamawiającego, ilości, zawarty jest w zał. nr 1 do SWZ – Formularzu asortymentowo-cenowym oraz w zał. nr 5a, 5b do SWZ – Projekt umowy. Wykonawca wypełniając pozycje w kolumnie „ „Podać TAK/NIE” oraz „Opisać” potwierdza spełnianie wymagań określonych przez Zamawiającego. 3. Przedmiot zamówienia musi być zgodny z ustawą z dnia 7 kwietnia 2022 r. o wyrobach medycznych (Dz.U. 2022 poz. 974 z późn. zm.) - jeśli dotyczy. 4. We wszystkich zapisach SWZ oraz jej załącznikach, w których Zamawiający odwołuje się do norm, aprobat, specyfikacji technicznych lub systemów odniesienia bądź wskazane są znaki towarowe, parametry lub źródła pochodzenia (nazwy producentów lub urządzeń), zgodnie z art. 99 ust. 5 oraz art. 101 ust. 4 ustawy Pzp Zamawiający dopuszcza rozwiązania równoważne.",selec-w,,,cat_0016,src_ted_opendata,file_ted_0013,lot:LOT-0020,2026-08-19
lot_00042,LOT-0021,not_0013,pro_0013,Część 21,"1. Przedmiotem zamówienia jest dostawa obłożeń operacyjnych, ubrań chirurgicznych, wyrobów medycznych do elektrochirurgii i innych wyrobów używanych przy zabiegach operacyjnych. 2. Szczegółowy opis przedmiotu zamówienia określający wymagania Zamawiającego, ilości, zawarty jest w zał. nr 1 do SWZ – Formularzu asortymentowo-cenowym oraz w zał. nr 5a, 5b do SWZ – Projekt umowy. Wykonawca wypełniając pozycje w kolumnie „ „Podać TAK/NIE” oraz „Opisać” potwierdza spełnianie wymagań określonych przez Zamawiającego. 3. Przedmiot zamówienia musi być zgodny z ustawą z dnia 7 kwietnia 2022 r. o wyrobach medycznych (Dz.U. 2022 poz. 974 z późn. zm.) - jeśli dotyczy. 4. We wszystkich zapisach SWZ oraz jej załącznikach, w których Zamawiający odwołuje się do norm, aprobat, specyfikacji technicznych lub systemów odniesienia bądź wskazane są znaki towarowe, parametry lub źródła pochodzenia (nazwy producentów lub urządzeń), zgodnie z art. 99 ust. 5 oraz art. 101 ust. 4 ustawy Pzp Zamawiający dopuszcza rozwiązania równoważne.",selec-w,,,cat_0016,src_ted_opendata,file_ted_0013,lot:LOT-0021,2026-08-19
lot_00043,LOT-0022,not_0013,pro_0013,Część 22,"1. Przedmiotem zamówienia jest dostawa obłożeń operacyjnych, ubrań chirurgicznych, wyrobów medycznych do elektrochirurgii i innych wyrobów używanych przy zabiegach operacyjnych. 2. Szczegółowy opis przedmiotu zamówienia określający wymagania Zamawiającego, ilości, zawarty jest w zał. nr 1 do SWZ – Formularzu asortymentowo-cenowym oraz w zał. nr 5a, 5b do SWZ – Projekt umowy. Wykonawca wypełniając pozycje w kolumnie „ „Podać TAK/NIE” oraz „Opisać” potwierdza spełnianie wymagań określonych przez Zamawiającego. 3. Przedmiot zamówienia musi być zgodny z ustawą z dnia 7 kwietnia 2022 r. o wyrobach medycznych (Dz.U. 2022 poz. 974 z późn. zm.) - jeśli dotyczy. 4. We wszystkich zapisach SWZ oraz jej załącznikach, w których Zamawiający odwołuje się do norm, aprobat, specyfikacji technicznych lub systemów odniesienia bądź wskazane są znaki towarowe, parametry lub źródła pochodzenia (nazwy producentów lub urządzeń), zgodnie z art. 99 ust. 5 oraz art. 101 ust. 4 ustawy Pzp Zamawiający dopuszcza rozwiązania równoważne.",selec-w,,,cat_0016,src_ted_opendata,file_ted_0013,lot:LOT-0022,2026-08-19
lot_00044,LOT-0024,not_0013,pro_0013,Część 24,"1. Przedmiotem zamówienia jest dostawa obłożeń operacyjnych, ubrań chirurgicznych, wyrobów medycznych do elektrochirurgii i innych wyrobów używanych przy zabiegach operacyjnych. 2. Szczegółowy opis przedmiotu zamówienia określający wymagania Zamawiającego, ilości, zawarty jest w zał. nr 1 do SWZ – Formularzu asortymentowo-cenowym oraz w zał. nr 5a, 5b do SWZ – Projekt umowy. Wykonawca wypełniając pozycje w kolumnie „ „Podać TAK/NIE” oraz „Opisać” potwierdza spełnianie wymagań określonych przez Zamawiającego. 3. Przedmiot zamówienia musi być zgodny z ustawą z dnia 7 kwietnia 2022 r. o wyrobach medycznych (Dz.U. 2022 poz. 974 z późn. zm.) - jeśli dotyczy. 4. We wszystkich zapisach SWZ oraz jej załącznikach, w których Zamawiający odwołuje się do norm, aprobat, specyfikacji technicznych lub systemów odniesienia bądź wskazane są znaki towarowe, parametry lub źródła pochodzenia (nazwy producentów lub urządzeń), zgodnie z art. 99 ust. 5 oraz art. 101 ust. 4 ustawy Pzp Zamawiający dopuszcza rozwiązania równoważne.",selec-w,,,cat_0016,src_ted_opendata,file_ted_0013,lot:LOT-0024,2026-08-19
lot_00045,LOT-0027,not_0013,pro_0013,Część 27,"1. Przedmiotem zamówienia jest dostawa obłożeń operacyjnych, ubrań chirurgicznych, wyrobów medycznych do elektrochirurgii i innych wyrobów używanych przy zabiegach operacyjnych. 2. Szczegółowy opis przedmiotu zamówienia określający wymagania Zamawiającego, ilości, zawarty jest w zał. nr 1 do SWZ – Formularzu asortymentowo-cenowym oraz w zał. nr 5a, 5b do SWZ – Projekt umowy. Wykonawca wypełniając pozycje w kolumnie „ „Podać TAK/NIE” oraz „Opisać” potwierdza spełnianie wymagań określonych przez Zamawiającego. 3. Przedmiot zamówienia musi być zgodny z ustawą z dnia 7 kwietnia 2022 r. o wyrobach medycznych (Dz.U. 2022 poz. 974 z późn. zm.) - jeśli dotyczy. 4. We wszystkich zapisach SWZ oraz jej załącznikach, w których Zamawiający odwołuje się do norm, aprobat, specyfikacji technicznych lub systemów odniesienia bądź wskazane są znaki towarowe, parametry lub źródła pochodzenia (nazwy producentów lub urządzeń), zgodnie z art. 99 ust. 5 oraz art. 101 ust. 4 ustawy Pzp Zamawiający dopuszcza rozwiązania równoważne.",selec-w,,,cat_0016,src_ted_opendata,file_ted_0013,lot:LOT-0027,2026-08-19
lot_00046,LOT-0030,not_0013,pro_0013,Część 30,"1. Przedmiotem zamówienia jest dostawa obłożeń operacyjnych, ubrań chirurgicznych, wyrobów medycznych do elektrochirurgii i innych wyrobów używanych przy zabiegach operacyjnych. 2. Szczegółowy opis przedmiotu zamówienia określający wymagania Zamawiającego, ilości, zawarty jest w zał. nr 1 do SWZ – Formularzu asortymentowo-cenowym oraz w zał. nr 5a, 5b do SWZ – Projekt umowy. Wykonawca wypełniając pozycje w kolumnie „ „Podać TAK/NIE” oraz „Opisać” potwierdza spełnianie wymagań określonych przez Zamawiającego. 3. Przedmiot zamówienia musi być zgodny z ustawą z dnia 7 kwietnia 2022 r. o wyrobach medycznych (Dz.U. 2022 poz. 974 z późn. zm.) - jeśli dotyczy. 4. We wszystkich zapisach SWZ oraz jej załącznikach, w których Zamawiający odwołuje się do norm, aprobat, specyfikacji technicznych lub systemów odniesienia bądź wskazane są znaki towarowe, parametry lub źródła pochodzenia (nazwy producentów lub urządzeń), zgodnie z art. 99 ust. 5 oraz art. 101 ust. 4 ustawy Pzp Zamawiający dopuszcza rozwiązania równoważne.",selec-w,,,cat_0016,src_ted_opendata,file_ted_0013,lot:LOT-0030,2026-08-19
lot_00047,LOT-0032,not_0013,pro_0013,Część 32,"1. Przedmiotem zamówienia jest dostawa obłożeń operacyjnych, ubrań chirurgicznych, wyrobów medycznych do elektrochirurgii i innych wyrobów używanych przy zabiegach operacyjnych. 2. Szczegółowy opis przedmiotu zamówienia określający wymagania Zamawiającego, ilości, zawarty jest w zał. nr 1 do SWZ – Formularzu asortymentowo-cenowym oraz w zał. nr 5a, 5b do SWZ – Projekt umowy. Wykonawca wypełniając pozycje w kolumnie „ „Podać TAK/NIE” oraz „Opisać” potwierdza spełnianie wymagań określonych przez Zamawiającego. 3. Przedmiot zamówienia musi być zgodny z ustawą z dnia 7 kwietnia 2022 r. o wyrobach medycznych (Dz.U. 2022 poz. 974 z późn. zm.) - jeśli dotyczy. 4. We wszystkich zapisach SWZ oraz jej załącznikach, w których Zamawiający odwołuje się do norm, aprobat, specyfikacji technicznych lub systemów odniesienia bądź wskazane są znaki towarowe, parametry lub źródła pochodzenia (nazwy producentów lub urządzeń), zgodnie z art. 99 ust. 5 oraz art. 101 ust. 4 ustawy Pzp Zamawiający dopuszcza rozwiązania równoważne.",selec-w,,,cat_0016,src_ted_opendata,file_ted_0013,lot:LOT-0032,2026-08-19
lot_00048,LOT-0043,not_0013,pro_0013,Część 43,"1. Przedmiotem zamówienia jest dostawa obłożeń operacyjnych, ubrań chirurgicznych, wyrobów medycznych do elektrochirurgii i innych wyrobów używanych przy zabiegach operacyjnych. 2. Szczegółowy opis przedmiotu zamówienia określający wymagania Zamawiającego, ilości, zawarty jest w zał. nr 1 do SWZ – Formularzu asortymentowo-cenowym oraz w zał. nr 5a, 5b do SWZ – Projekt umowy. Wykonawca wypełniając pozycje w kolumnie „ „Podać TAK/NIE” oraz „Opisać” potwierdza spełnianie wymagań określonych przez Zamawiającego. 3. Przedmiot zamówienia musi być zgodny z ustawą z dnia 7 kwietnia 2022 r. o wyrobach medycznych (Dz.U. 2022 poz. 974 z późn. zm.) - jeśli dotyczy. 4. We wszystkich zapisach SWZ oraz jej załącznikach, w których Zamawiający odwołuje się do norm, aprobat, specyfikacji technicznych lub systemów odniesienia bądź wskazane są znaki towarowe, parametry lub źródła pochodzenia (nazwy producentów lub urządzeń), zgodnie z art. 99 ust. 5 oraz art. 101 ust. 4 ustawy Pzp Zamawiający dopuszcza rozwiązania równoważne.",selec-w,,,cat_0016,src_ted_opendata,file_ted_0013,lot:LOT-0043,2026-08-19
lot_00049,LOT-0093,not_0013,pro_0013,Część 93,"1. Przedmiotem zamówienia jest dostawa obłożeń operacyjnych, ubrań chirurgicznych, wyrobów medycznych do elektrochirurgii i innych wyrobów używanych przy zabiegach operacyjnych. 2. Szczegółowy opis przedmiotu zamówienia określający wymagania Zamawiającego, ilości, zawarty jest w zał. nr 1 do SWZ – Formularzu asortymentowo-cenowym oraz w zał. nr 5a, 5b do SWZ – Projekt umowy. Wykonawca wypełniając pozycje w kolumnie „ „Podać TAK/NIE” oraz „Opisać” potwierdza spełnianie wymagań określonych przez Zamawiającego. 3. Przedmiot zamówienia musi być zgodny z ustawą z dnia 7 kwietnia 2022 r. o wyrobach medycznych (Dz.U. 2022 poz. 974 z późn. zm.) - jeśli dotyczy. 4. We wszystkich zapisach SWZ oraz jej załącznikach, w których Zamawiający odwołuje się do norm, aprobat, specyfikacji technicznych lub systemów odniesienia bądź wskazane są znaki towarowe, parametry lub źródła pochodzenia (nazwy producentów lub urządzeń), zgodnie z art. 99 ust. 5 oraz art. 101 ust. 4 ustawy Pzp Zamawiający dopuszcza rozwiązania równoważne.",selec-w,,,cat_0016,src_ted_opendata,file_ted_0013,lot:LOT-0093,2026-08-19
lot_00050,LOT-0094,not_0013,pro_0013,Część 94,"1. Przedmiotem zamówienia jest dostawa obłożeń operacyjnych, ubrań chirurgicznych, wyrobów medycznych do elektrochirurgii i innych wyrobów używanych przy zabiegach operacyjnych. 2. Szczegółowy opis przedmiotu zamówienia określający wymagania Zamawiającego, ilości, zawarty jest w zał. nr 1 do SWZ – Formularzu asortymentowo-cenowym oraz w zał. nr 5a, 5b do SWZ – Projekt umowy. Wykonawca wypełniając pozycje w kolumnie „ „Podać TAK/NIE” oraz „Opisać” potwierdza spełnianie wymagań określonych przez Zamawiającego. 3. Przedmiot zamówienia musi być zgodny z ustawą z dnia 7 kwietnia 2022 r. o wyrobach medycznych (Dz.U. 2022 poz. 974 z późn. zm.) - jeśli dotyczy. 4. We wszystkich zapisach SWZ oraz jej załącznikach, w których Zamawiający odwołuje się do norm, aprobat, specyfikacji technicznych lub systemów odniesienia bądź wskazane są znaki towarowe, parametry lub źródła pochodzenia (nazwy producentów lub urządzeń), zgodnie z art. 99 ust. 5 oraz art. 101 ust. 4 ustawy Pzp Zamawiający dopuszcza rozwiązania równoważne.",selec-w,,,cat_0016,src_ted_opendata,file_ted_0013,lot:LOT-0094,2026-08-19
lot_00051,LOT-0095,not_0013,pro_0013,Część 95,"1. Przedmiotem zamówienia jest dostawa obłożeń operacyjnych, ubrań chirurgicznych, wyrobów medycznych do elektrochirurgii i innych wyrobów używanych przy zabiegach operacyjnych. 2. Szczegółowy opis przedmiotu zamówienia określający wymagania Zamawiającego, ilości, zawarty jest w zał. nr 1 do SWZ – Formularzu asortymentowo-cenowym oraz w zał. nr 5a, 5b do SWZ – Projekt umowy. Wykonawca wypełniając pozycje w kolumnie „ „Podać TAK/NIE” oraz „Opisać” potwierdza spełnianie wymagań określonych przez Zamawiającego. 3. Przedmiot zamówienia musi być zgodny z ustawą z dnia 7 kwietnia 2022 r. o wyrobach medycznych (Dz.U. 2022 poz. 974 z późn. zm.) - jeśli dotyczy. 4. We wszystkich zapisach SWZ oraz jej załącznikach, w których Zamawiający odwołuje się do norm, aprobat, specyfikacji technicznych lub systemów odniesienia bądź wskazane są znaki towarowe, parametry lub źródła pochodzenia (nazwy producentów lub urządzeń), zgodnie z art. 99 ust. 5 oraz art. 101 ust. 4 ustawy Pzp Zamawiający dopuszcza rozwiązania równoważne.",selec-w,,,cat_0016,src_ted_opendata,file_ted_0013,lot:LOT-0095,2026-08-19
lot_00052,LOT-0096,not_0013,pro_0013,Część 96,"1. Przedmiotem zamówienia jest dostawa obłożeń operacyjnych, ubrań chirurgicznych, wyrobów medycznych do elektrochirurgii i innych wyrobów używanych przy zabiegach operacyjnych. 2. Szczegółowy opis przedmiotu zamówienia określający wymagania Zamawiającego, ilości, zawarty jest w zał. nr 1 do SWZ – Formularzu asortymentowo-cenowym oraz w zał. nr 5a, 5b do SWZ – Projekt umowy. Wykonawca wypełniając pozycje w kolumnie „ „Podać TAK/NIE” oraz „Opisać” potwierdza spełnianie wymagań określonych przez Zamawiającego. 3. Przedmiot zamówienia musi być zgodny z ustawą z dnia 7 kwietnia 2022 r. o wyrobach medycznych (Dz.U. 2022 poz. 974 z późn. zm.) - jeśli dotyczy. 4. We wszystkich zapisach SWZ oraz jej załącznikach, w których Zamawiający odwołuje się do norm, aprobat, specyfikacji technicznych lub systemów odniesienia bądź wskazane są znaki towarowe, parametry lub źródła pochodzenia (nazwy producentów lub urządzeń), zgodnie z art. 99 ust. 5 oraz art. 101 ust. 4 ustawy Pzp Zamawiający dopuszcza rozwiązania równoważne.",selec-w,,,cat_0016,src_ted_opendata,file_ted_0013,lot:LOT-0096,2026-08-19
lot_00053,LOT-0097,not_0013,pro_0013,Część 97,"1. Przedmiotem zamówienia jest dostawa obłożeń operacyjnych, ubrań chirurgicznych, wyrobów medycznych do elektrochirurgii i innych wyrobów używanych przy zabiegach operacyjnych. 2. Szczegółowy opis przedmiotu zamówienia określający wymagania Zamawiającego, ilości, zawarty jest w zał. nr 1 do SWZ – Formularzu asortymentowo-cenowym oraz w zał. nr 5a, 5b do SWZ – Projekt umowy. Wykonawca wypełniając pozycje w kolumnie „ „Podać TAK/NIE” oraz „Opisać” potwierdza spełnianie wymagań określonych przez Zamawiającego. 3. Przedmiot zamówienia musi być zgodny z ustawą z dnia 7 kwietnia 2022 r. o wyrobach medycznych (Dz.U. 2022 poz. 974 z późn. zm.) - jeśli dotyczy. 4. We wszystkich zapisach SWZ oraz jej załącznikach, w których Zamawiający odwołuje się do norm, aprobat, specyfikacji technicznych lub systemów odniesienia bądź wskazane są znaki towarowe, parametry lub źródła pochodzenia (nazwy producentów lub urządzeń), zgodnie z art. 99 ust. 5 oraz art. 101 ust. 4 ustawy Pzp Zamawiający dopuszcza rozwiązania równoważne.",selec-w,,,cat_0016,src_ted_opendata,file_ted_0013,lot:LOT-0097,2026-08-19
lot_00054,LOT-0098,not_0013,pro_0013,Część 98,"1. Przedmiotem zamówienia jest dostawa obłożeń operacyjnych, ubrań chirurgicznych, wyrobów medycznych do elektrochirurgii i innych wyrobów używanych przy zabiegach operacyjnych. 2. Szczegółowy opis przedmiotu zamówienia określający wymagania Zamawiającego, ilości, zawarty jest w zał. nr 1 do SWZ – Formularzu asortymentowo-cenowym oraz w zał. nr 5a, 5b do SWZ – Projekt umowy. Wykonawca wypełniając pozycje w kolumnie „ „Podać TAK/NIE” oraz „Opisać” potwierdza spełnianie wymagań określonych przez Zamawiającego. 3. Przedmiot zamówienia musi być zgodny z ustawą z dnia 7 kwietnia 2022 r. o wyrobach medycznych (Dz.U. 2022 poz. 974 z późn. zm.) - jeśli dotyczy. 4. We wszystkich zapisach SWZ oraz jej załącznikach, w których Zamawiający odwołuje się do norm, aprobat, specyfikacji technicznych lub systemów odniesienia bądź wskazane są znaki towarowe, parametry lub źródła pochodzenia (nazwy producentów lub urządzeń), zgodnie z art. 99 ust. 5 oraz art. 101 ust. 4 ustawy Pzp Zamawiający dopuszcza rozwiązania równoważne.",selec-w,,,cat_0016,src_ted_opendata,file_ted_0013,lot:LOT-0098,2026-08-19
lot_00055,LOT-0102,not_0013,pro_0013,Część 102,"1. Przedmiotem zamówienia jest dostawa obłożeń operacyjnych, ubrań chirurgicznych, wyrobów medycznych do elektrochirurgii i innych wyrobów używanych przy zabiegach operacyjnych. 2. Szczegółowy opis przedmiotu zamówienia określający wymagania Zamawiającego, ilości, zawarty jest w zał. nr 1 do SWZ – Formularzu asortymentowo-cenowym oraz w zał. nr 5a, 5b do SWZ – Projekt umowy. Wykonawca wypełniając pozycje w kolumnie „ „Podać TAK/NIE” oraz „Opisać” potwierdza spełnianie wymagań określonych przez Zamawiającego. 3. Przedmiot zamówienia musi być zgodny z ustawą z dnia 7 kwietnia 2022 r. o wyrobach medycznych (Dz.U. 2022 poz. 974 z późn. zm.) - jeśli dotyczy. 4. We wszystkich zapisach SWZ oraz jej załącznikach, w których Zamawiający odwołuje się do norm, aprobat, specyfikacji technicznych lub systemów odniesienia bądź wskazane są znaki towarowe, parametry lub źródła pochodzenia (nazwy producentów lub urządzeń), zgodnie z art. 99 ust. 5 oraz art. 101 ust. 4 ustawy Pzp Zamawiający dopuszcza rozwiązania równoważne.",selec-w,,,cat_0016,src_ted_opendata,file_ted_0013,lot:LOT-0102,2026-08-19
lot_00056,LOT-0103,not_0013,pro_0013,Część 103,"1. Przedmiotem zamówienia jest dostawa obłożeń operacyjnych, ubrań chirurgicznych, wyrobów medycznych do elektrochirurgii i innych wyrobów używanych przy zabiegach operacyjnych. 2. Szczegółowy opis przedmiotu zamówienia określający wymagania Zamawiającego, ilości, zawarty jest w zał. nr 1 do SWZ – Formularzu asortymentowo-cenowym oraz w zał. nr 5a, 5b do SWZ – Projekt umowy. Wykonawca wypełniając pozycje w kolumnie „ „Podać TAK/NIE” oraz „Opisać” potwierdza spełnianie wymagań określonych przez Zamawiającego. 3. Przedmiot zamówienia musi być zgodny z ustawą z dnia 7 kwietnia 2022 r. o wyrobach medycznych (Dz.U. 2022 poz. 974 z późn. zm.) - jeśli dotyczy. 4. We wszystkich zapisach SWZ oraz jej załącznikach, w których Zamawiający odwołuje się do norm, aprobat, specyfikacji technicznych lub systemów odniesienia bądź wskazane są znaki towarowe, parametry lub źródła pochodzenia (nazwy producentów lub urządzeń), zgodnie z art. 99 ust. 5 oraz art. 101 ust. 4 ustawy Pzp Zamawiający dopuszcza rozwiązania równoważne.",selec-w,,,cat_0016,src_ted_opendata,file_ted_0013,lot:LOT-0103,2026-08-19
lot_00057,LOT-0104,not_0013,pro_0013,Część 104,"1. Przedmiotem zamówienia jest dostawa obłożeń operacyjnych, ubrań chirurgicznych, wyrobów medycznych do elektrochirurgii i innych wyrobów używanych przy zabiegach operacyjnych. 2. Szczegółowy opis przedmiotu zamówienia określający wymagania Zamawiającego, ilości, zawarty jest w zał. nr 1 do SWZ – Formularzu asortymentowo-cenowym oraz w zał. nr 5a, 5b do SWZ – Projekt umowy. Wykonawca wypełniając pozycje w kolumnie „ „Podać TAK/NIE” oraz „Opisać” potwierdza spełnianie wymagań określonych przez Zamawiającego. 3. Przedmiot zamówienia musi być zgodny z ustawą z dnia 7 kwietnia 2022 r. o wyrobach medycznych (Dz.U. 2022 poz. 974 z późn. zm.) - jeśli dotyczy. 4. We wszystkich zapisach SWZ oraz jej załącznikach, w których Zamawiający odwołuje się do norm, aprobat, specyfikacji technicznych lub systemów odniesienia bądź wskazane są znaki towarowe, parametry lub źródła pochodzenia (nazwy producentów lub urządzeń), zgodnie z art. 99 ust. 5 oraz art. 101 ust. 4 ustawy Pzp Zamawiający dopuszcza rozwiązania równoważne.",selec-w,,,cat_0016,src_ted_opendata,file_ted_0013,lot:LOT-0104,2026-08-19
lot_00058,LOT-0105,not_0013,pro_0013,Część 105,"1. Przedmiotem zamówienia jest dostawa obłożeń operacyjnych, ubrań chirurgicznych, wyrobów medycznych do elektrochirurgii i innych wyrobów używanych przy zabiegach operacyjnych. 2. Szczegółowy opis przedmiotu zamówienia określający wymagania Zamawiającego, ilości, zawarty jest w zał. nr 1 do SWZ – Formularzu asortymentowo-cenowym oraz w zał. nr 5a, 5b do SWZ – Projekt umowy. Wykonawca wypełniając pozycje w kolumnie „ „Podać TAK/NIE” oraz „Opisać” potwierdza spełnianie wymagań określonych przez Zamawiającego. 3. Przedmiot zamówienia musi być zgodny z ustawą z dnia 7 kwietnia 2022 r. o wyrobach medycznych (Dz.U. 2022 poz. 974 z późn. zm.) - jeśli dotyczy. 4. We wszystkich zapisach SWZ oraz jej załącznikach, w których Zamawiający odwołuje się do norm, aprobat, specyfikacji technicznych lub systemów odniesienia bądź wskazane są znaki towarowe, parametry lub źródła pochodzenia (nazwy producentów lub urządzeń), zgodnie z art. 99 ust. 5 oraz art. 101 ust. 4 ustawy Pzp Zamawiający dopuszcza rozwiązania równoważne.",selec-w,,,cat_0016,src_ted_opendata,file_ted_0013,lot:LOT-0105,2026-08-19
lot_00059,LOT-0106,not_0013,pro_0013,Część 106,"1. Przedmiotem zamówienia jest dostawa obłożeń operacyjnych, ubrań chirurgicznych, wyrobów medycznych do elektrochirurgii i innych wyrobów używanych przy zabiegach operacyjnych. 2. Szczegółowy opis przedmiotu zamówienia określający wymagania Zamawiającego, ilości, zawarty jest w zał. nr 1 do SWZ – Formularzu asortymentowo-cenowym oraz w zał. nr 5a, 5b do SWZ – Projekt umowy. Wykonawca wypełniając pozycje w kolumnie „ „Podać TAK/NIE” oraz „Opisać” potwierdza spełnianie wymagań określonych przez Zamawiającego. 3. Przedmiot zamówienia musi być zgodny z ustawą z dnia 7 kwietnia 2022 r. o wyrobach medycznych (Dz.U. 2022 poz. 974 z późn. zm.) - jeśli dotyczy. 4. We wszystkich zapisach SWZ oraz jej załącznikach, w których Zamawiający odwołuje się do norm, aprobat, specyfikacji technicznych lub systemów odniesienia bądź wskazane są znaki towarowe, parametry lub źródła pochodzenia (nazwy producentów lub urządzeń), zgodnie z art. 99 ust. 5 oraz art. 101 ust. 4 ustawy Pzp Zamawiający dopuszcza rozwiązania równoważne.",selec-w,,,cat_0016,src_ted_opendata,file_ted_0013,lot:LOT-0106,2026-08-19
lot_00060,LOT-0109,not_0013,pro_0013,Część 109,"1. Przedmiotem zamówienia jest dostawa obłożeń operacyjnych, ubrań chirurgicznych, wyrobów medycznych do elektrochirurgii i innych wyrobów używanych przy zabiegach operacyjnych. 2. Szczegółowy opis przedmiotu zamówienia określający wymagania Zamawiającego, ilości, zawarty jest w zał. nr 1 do SWZ – Formularzu asortymentowo-cenowym oraz w zał. nr 5a, 5b do SWZ – Projekt umowy. Wykonawca wypełniając pozycje w kolumnie „ „Podać TAK/NIE” oraz „Opisać” potwierdza spełnianie wymagań określonych przez Zamawiającego. 3. Przedmiot zamówienia musi być zgodny z ustawą z dnia 7 kwietnia 2022 r. o wyrobach medycznych (Dz.U. 2022 poz. 974 z późn. zm.) - jeśli dotyczy. 4. We wszystkich zapisach SWZ oraz jej załącznikach, w których Zamawiający odwołuje się do norm, aprobat, specyfikacji technicznych lub systemów odniesienia bądź wskazane są znaki towarowe, parametry lub źródła pochodzenia (nazwy producentów lub urządzeń), zgodnie z art. 99 ust. 5 oraz art. 101 ust. 4 ustawy Pzp Zamawiający dopuszcza rozwiązania równoważne.",selec-w,,,cat_0016,src_ted_opendata,file_ted_0013,lot:LOT-0109,2026-08-19
lot_00061,LOT-0000,not_0014,pro_0014,Portsjoneeritud valmistoidu termokandikud ja transpordikärud,"Ostetakse valmistoidu transpordiks ja serveerimiseks sobivad soojustsalvestavad termokandikud, nõud ja transpordikärud (kandikute transpordiks nii hoone siseselt kui ka hoonete vahel).",selec-w,,,cat_0017,src_ted_opendata,file_ted_0014,lot:LOT-0000,2026-08-19
lot_00062,LOT-0032,not_0015,pro_0015,Część 32,Dostawa leków szczegółowo opisane w załączniku nr 2 do SWZ.,selec-w,,,cat_0018,src_ted_opendata,file_ted_0015,lot:LOT-0032,2026-08-19
lot_00063,LOT-0033,not_0015,pro_0015,Część 33,Dostawa leków szczegółowo opisane w załączniku nr 2 do SWZ.,selec-w,,,cat_0018,src_ted_opendata,file_ted_0015,lot:LOT-0033,2026-08-19
lot_00064,LOT-0034,not_0015,pro_0015,Część 34,Dostawa leków szczegółowo opisane w załączniku nr 2 do SWZ.,selec-w,,,cat_0018,src_ted_opendata,file_ted_0015,lot:LOT-0034,2026-08-19
lot_00065,LOT-0035,not_0015,pro_0015,Część 35,Dostawa leków szczegółowo opisane w załączniku nr 2 do SWZ.,selec-w,,,cat_0018,src_ted_opendata,file_ted_0015,lot:LOT-0035,2026-08-19
lot_00066,LOT-0036,not_0015,pro_0015,Część 36,Dostawa leków szczegółowo opisane w załączniku nr 2 do SWZ.,selec-w,,,cat_0018,src_ted_opendata,file_ted_0015,lot:LOT-0036,2026-08-19
lot_00067,LOT-0037,not_0015,pro_0015,Część 37,Dostawa leków szczegółowo opisane w załączniku nr 2 do SWZ.,selec-w,,,cat_0018,src_ted_opendata,file_ted_0015,lot:LOT-0037,2026-08-19
lot_00068,LOT-0038,not_0015,pro_0015,Część 38,Dostawa leków szczegółowo opisane w załączniku nr 2 do SWZ.,selec-w,,,cat_0018,src_ted_opendata,file_ted_0015,lot:LOT-0038,2026-08-19
lot_00069,LOT-0039,not_0015,pro_0015,Część 39,Dostawa leków szczegółowo opisane w załączniku nr 2 do SWZ.,selec-w,,,cat_0018,src_ted_opendata,file_ted_0015,lot:LOT-0039,2026-08-19
lot_00070,LOT-0040,not_0015,pro_0015,Część 40,Dostawa leków szczegółowo opisane w załączniku nr 2 do SWZ.,selec-w,,,cat_0018,src_ted_opendata,file_ted_0015,lot:LOT-0040,2026-08-19
lot_00071,LOT-0041,not_0015,pro_0015,Część 41,Dostawa leków szczegółowo opisane w załączniku nr 2 do SWZ.,selec-w,,,cat_0018,src_ted_opendata,file_ted_0015,lot:LOT-0041,2026-08-19
lot_00072,LOT-0001,not_0016,pro_0016,"Servizio gestione utenze servizio idrico, installazione e lettura dei misuratori idrici, bollettazione, contrasto morosita' e riscossione coattiva corrispettivi dovuti Marano di Napoli (NA)","Affidamento quinquennale del servizio di gestione utenze del servizio idrico, installazione e lettura dei misuratori idrici, bollettazione, contrasto alle morositÃÃÃÂ e riscossione coattiva dei corrispettivi dovuti dagli utenti. Comune di Marano di Napoli (NA)",selec-w,,,cat_0019,src_ted_opendata,file_ted_0016,lot:LOT-0001,2026-08-19
lot_00073,LOT-0000,not_0017,pro_0017,"Vzdrževanje in servisiranje avtomatskega sistema javljanja požara in gašenja v podjetju Luka Koper, d.d.","Predmet naročila je »Vzdrževanje in servisiranje avtomatskega sistema javljanja požara in gašenja v podjetju Luka Koper, d.d.«.",selec-w,335000.0000,EUR,cat_0020,src_ted_opendata,file_ted_0017,lot:LOT-0000,2026-08-19
lot_00074,LOT-0001,not_0018,pro_0018,"Dozór i utrzymanie obiektów hydrotechnicznych na terenie Zarządu Zlewni w Nowym Sączu – Obsługa i eksploatacja zbiornika wodnego ""Skrzyszów"" - lata 2025 2027","Przedmiotem zamówienia jest obsługa, eksploatacja, konserwacja i remonty, bieżące i utrzymanie wykonywane na obiekcie hydrotechnicznym administrowanym prze PGW Wody Polskie Zarząd Zlewni w Nowym Sączu – zbiorniku wodnym „Skrzyszów” na potoku Korzeń w miejscowości Skrzyszów Górny gmina Skrzyszów, powiat tarnowski.",selec-w,,,cat_0021,src_ted_opendata,file_ted_0018,lot:LOT-0001,2026-08-19
lot_00075,LOT-0001,not_0019,pro_0019,"Odbiór i zagospodarowywanie odpadów komunalnych pochodzących z nieruchomości zamieszkałych położonych na terenie Gminy Grabica, powiat piotrkowski, woj. łódzkie","1. Przedmiotem zamówienia jest wykonywanie usługi odbioru i zagospodarowania całej masy odpadów komunalnych od właścicieli nieruchomości, na których zamieszkują mieszkańcy z terenu Gminy Grabica oraz wyposażenie zamieszkałych nieruchomości w pojemniki lub pojemniki i worki: Wykonawca w ramach usług objętych przedmiotowym postępowaniem obowiązany jest do: 1) Odbioru, transportu i zagospodarowania z terenu nieruchomości (posesji) zamieszkałych: a) Niesegregowanych (zmieszanych) odpadów komunalnych o kodzie 20 03 01, b) Segregowanych odpadów komunalnych zbieranych z podziałem na: • Metale, tworzywa sztuczne oraz odpady opakowaniowe wielomateriałowe (zbierane łącznie) – pojemnik (oznaczony) lub worek w kolorze żółtym, • papier - pojemnik (oznaczony) lub worek w kolorze niebieskim, • szkło - pojemnik (oznaczony) lub worek w kolorze zielonym, • bioodpady (jeżeli nie są kompostowane przez właścicieli nieruchomości) – pojemnik (oznaczony) lub worek w kolorze brązowym, • popiół. 2) Wyposażenia zamieszkałych nieruchomości w pojemniki lub pojemniki i worki. 2. Przedmiotem zamówienia jest odbiór i zagospodarowanie z gminnego Punktu Selektywnego Zbierania Odpadów Komunalnych (PSZOK) w Grabicy całej masy odpadów komunalnych pochodzących od właścicieli nieruchomości zamieszkałych znajdujących się na terenie Gminy Grabica oraz udostępnienie pojemników. Wykonawca w ramach usług objętych przedmiotowym postępowaniem obowiązany jest do: 1) Odbioru, transportu i zagospodarowania odpadów zebranych w PSZOK, tj. a) papier, b) metale, tworzywa sztuczne, odpady opakowaniowe wielomateriałowe - zbierane łącznie, c) szkło, d) odpady niebezpieczne, e) odpady niekwalifikujące się do odpadów medycznych powstałe w gospodarstwie domowym w wyniku przyjmowania produktów leczniczych w formie iniekcji i prowadzenia monitoringu poziomu substancji we krwi, w szczególności igły i strzykawki, f) przeterminowane leki i chemikalia, g) zużyte baterie i akumulatory, h) zużyty sprzęt elektryczny i elektroniczny, i) meble i inne odpady wielkogabarytowe, j) zużyte opony, k) odpady budowlane i rozbiórkowe l) odpadów tekstyliów i odzieży 2) udostępnienia sprawnych pojemników wg poniższych danych: a) Pojemnik – min. 1100 l każdy – min. 4 szt.; b) Pojemnik – min. 240 l każdy – min. 4 szt.; c) Pojemnik (kontener) – min. 10 m3 każdy – min. 2 szt. d) Pojemnik (kontener) – min. 5 m3 każdy – min. 2 szt. 3) Ustawienia pojemników w miejscu wskazanym przez Zamawiającego, 4) Wyposażenia w pojemniki posiadające zabezpieczenia przed działaniem czynników atmosferycznych. 3. Zamawiający wymaga, aby: Udział pojazdów napędzanych paliwami alternatywnymi we flocie użytkowanych pojazdów przy wykonywaniu niniejszej umowy – dotyczy kategorii: N2 (pojazdy samochodowe zaprojektowane i wykonane do przewozu ładunków i mające maksymalną masę całkowitą przekraczającą 3,5 t, ale nieprzekraczającą 12t), N3 (pojazdy samochodowe zaprojektowane i wykonane do przewozu ładunków i mające maksymalną masę całkowitą przekraczającą 12t), Wynosił co najmniej 7% do dnia 31 grudnia 2025 r., 9% - od dnia 1 stycznia 2026 r., zgodnie z art. 68a ust. 1 pkt. 2 ustawy z dnia 11 stycznia 2018 roku o elektromobilności i paliwach alternatywnych (tj. Dz.U. z 2024 r. poz. 1289 z późn. zm.). 4. Szczegółowy opis przedmiotu zamówienia opisany został w – Załączniku nr 12 do SWZ (OPZ). 5. Zamawiający nie zastrzega obowiązku osobistego wykonania przez wykonawcę kluczowych zadań.",selec-w,,,cat_0022,src_ted_opendata,file_ted_0019,lot:LOT-0001,2026-08-19
lot_00076,LOT-0001,not_0020,pro_0020,Utrzymanie zieleni niskiej i wysokiej w pasach drogowych na terenie miasta Świętochłowice,"Przedmiotem zamówienia jest świadczenie usługi polegającej na całorocznym utrzymaniu zieleni niskiej i wysokiej w obrębie dróg powiatowych, gminnych oraz wewnętrznych będących w zarządzie Prezydenta Miasta Świętochłowice. Zamówienie obejmuje: 1) utrzymanie czystości na terenach zieleni w pasie drogowym poprzez usuwanie wszelkich zanieczyszczeń, w tym m.in.: zbieranie śmieci (wszelkiego rodzaju opakowań, papierów, puszek, butelek, szkła, worków, folii, niedopałków, kapsli, gruzu. itp.), gałęzi, palików, posuszu, kamieni, zwierzęcych odchodów, resztek pokarmów, porzuconych lub zgubionych ładunków i odpadów mało i wielkogabarytowych, oraz innych zanieczyszczeń wynikających z ruchu pieszego i kołowego w tym powstałych w wyniku wypadków i kolizji drogowych. 2) wiosenne wygrabienie liści oraz uschniętych traw z powierzchni trawników oraz skupin krzewów i żywopłotów wraz z obszarami zadrzewionymi, 3) czterokrotne koszenie trawników w okresie od marca do listopada, 4) usuwanie samosiewów drzew, odrostów korzeniowych i chwastów wokół drzew, krzewów, słupów oświetleniowych, znaków drogowych, barier oraz obiektów małej architektury, 5) pielęgnację oraz formowanie żywopłotów i krzewów wraz z pieleniem, 6) likwidację przedeptów i ubytków trawy wraz z odtworzeniem zdewastowanych trawników, 7) jesienne wygrabienie liści. 8) jesienna obsada cebulkami krokusa wskazanych terenów. 9) likwidację przedeptów i ubytków trawy wraz z odtworzeniem zdewastowanych trawników, 10) oznakowanie i zabezpieczanie miejsca wykonywania prac oraz zapewnienie bezpieczeństwa pracy. 11) wycinkę wraz z frezowaniem pnia, cięcia pielęgnacyjne, sanitarne oraz techniczne drzew, w tym w trybie awaryjnym, oraz usuwanie krzewów. 12) zakup od Zamawiającego drewna z wycinki, 13) pielęgnację nasadzonych drzew i krzewów, 14) wymianę i uzupełnianie palików i wiązań na drzewach nie objętych pielęgnacją. 15) nasadzenie drzew. 16) usuwanie odrostów na drzewach. 17) sadzenie krzewów. 18) przesadzanie drzew.",selec-w,,,cat_0023,src_ted_opendata,file_ted_0020,lot:LOT-0001,2026-08-19
lot_00077,LOT-0001,not_0021,pro_0004,Pakiet 184 Świadczenie usług serwisowania aparatury medycznej,Świadczenie usług serwisowania aparatury medycznej,clos-nw,,,cat_0005,src_ted_opendata,file_ted_0021,lot:LOT-0001,2026-08-19
lot_00078,LOT-0001,not_0022,pro_0004,Pakiet 80 Świadczenie usług serwisowania aparatury medycznej,Świadczenie usług serwisowania aparatury medycznej,clos-nw,,,cat_0005,src_ted_opendata,file_ted_0022,lot:LOT-0001,2026-08-19
lot_00079,LOT-0000,not_0023,pro_0021,Entretien de la robinetterie,L'accord-cadre sera exécuté par l'émission de bons de commande. Les prestations sont réglées par des prix unitaires et forfaitaires. Les montants estimatifs sont indicatifs et comprennent la totalité des périodes de reconduction,selec-w,,,cat_0024,src_ted_opendata,file_ted_0023,lot:LOT-0000,2026-08-19
lot_00080,LOT-0001,not_0024,pro_0022,VOTUBIA 5 mg,"VOTUBIA 5 mg,conform caietului de sarcini.",selec-w,,,cat_0018,src_ted_opendata,file_ted_0024,lot:LOT-0001,2026-08-19
lot_00081,LOT-0002,not_0024,pro_0022,"VOTUBIA 2, 5 mg","VOTUBIA2, 5 mg,conform caietului de sarcini.",selec-w,,,cat_0018,src_ted_opendata,file_ted_0024,lot:LOT-0002,2026-08-19
lot_00082,LOT-0003,not_0024,pro_0022,BICARBONAT DE SODIU 8.4%,"BICARBONAT DE SODIU 8.4%,conform caietului de sarcini.",selec-w,,,cat_0018,src_ted_opendata,file_ted_0024,lot:LOT-0003,2026-08-19
lot_00083,LOT-0004,not_0024,pro_0022,CINACALCET,"CINACALCET,conform caietului de sarcini.",selec-w,,,cat_0018,src_ted_opendata,file_ted_0024,lot:LOT-0004,2026-08-19
lot_00084,LOT-0005,not_0024,pro_0022,DICARBOCALM,"DICARBOCALM,conform caietului de sarcini.",selec-w,,,cat_0018,src_ted_opendata,file_ted_0024,lot:LOT-0005,2026-08-19
lot_00085,LOT-0006,not_0024,pro_0022,MYFORTIC 360 MG,"MYFORTIC 360 MG,conform caietului de sarcini.",selec-w,,,cat_0018,src_ted_opendata,file_ted_0024,lot:LOT-0006,2026-08-19
lot_00086,LOT-0007,not_0024,pro_0022,HALOPERIDOL,"HALOPERIDOL,conform caietului de sarcini.",selec-w,,,cat_0018,src_ted_opendata,file_ted_0024,lot:LOT-0007,2026-08-19
lot_00087,LOT-0008,not_0024,pro_0022,VELPHORO,"VELPHORO,conform caietului de sarcini.",selec-w,,,cat_0018,src_ted_opendata,file_ted_0024,lot:LOT-0008,2026-08-19
lot_00088,LOT-0009,not_0024,pro_0022,OSVAREN,"OSVAREN,conform caietului de sarcini.",clos-nw,,,cat_0018,src_ted_opendata,file_ted_0024,lot:LOT-0009,2026-08-19
lot_00089,LOT-0001,not_0025,pro_0023,"Collecte des déchets ménagers et assimilés : Collecte en porte à porte des ordures ménagères résiduelles, des emballages (hors verre) et papiers à usages graphiques",Les prestations porteront sur la collecte des déchets ménagers et assimilés sur une partie du territoire de la Communauté de communes des Lacs et Montagnes du Haut-Doubs (25). Ces collectes se feront en porte à porte et incluront le transport jusqu'aux centres de transfert ou de traitement : 1- Des bacs roulants d'ordures ménagères résiduelles collectées ; 2- Des bacs roulants des recyclables hors verre et des papiers à usages graphiques collectés. Le contenu exact des prestations est détaillé dans le CCTP.,selec-w,,,cat_0025,src_ted_opendata,file_ted_0025,lot:LOT-0001,2026-08-19
lot_00090,LOT-0000,not_0026,pro_0024,14. ΠΡΟΜΗΘΕΙΑ ΦΥΓΟΚΕΝΤΡΟΣ 32 ΘΕΣΕΩΝ,14. ΠΡΟΜΗΘΕΙΑ ΦΥΓΟΚΕΝΤΡΟΣ 32 ΘΕΣΕΩΝ,selec-w,4000,EUR,cat_0026,src_ted_opendata,file_ted_0026,lot:LOT-0000,2026-08-19
lot_00091,LOT-0001,not_0027,pro_0025,Usługi w zakresie odbierania i transportu odpadów komunalnych z nieruchomości objętych gminnym systemem gospodarowania odpadami komunalnymi w granicach administracyjnych Gminy Sztutowo,"1.1. Przedmiotem zamówienia są usługi: - Odbierania i transportu odpadów komunalnych z nieruchomości objętych gminnym systemem gospodarki odpadami komunalnymi na terenie Gminy Sztutowo. - Utrzymanie pojemników do gromadzenia odpadów komunalnych zmieszanych, odpadów selektywnie zbieranych oraz popiołu ustawionych na nieruchomościach objętych systemem w odpowiednim stanie technicznym i w przypadku ich uszkodzenia wymiany na nowy. - Dostarczenie i rozstawienie pojemników do „nowych” nieruchomości objętych systemem, w tym pojemników do gromadzenia odpadów komunalnych zmieszanych, selektywnie zebranych i popiołów w terminie 3 dni od daty zgłoszenia przez Zamawiającego. 1.2. Szczegółowy Opis Przedmiotu Zamówienia zawarty jest w załączniku nr 5 do Specyfikacji Warunków Zamówienia.",clos-nw,,,cat_0027,src_ted_opendata,file_ted_0027,lot:LOT-0001,2026-08-19
lot_00092,LOT-0001,not_0028,pro_0026,KU.241/pn64_2024/AT – Ubezpieczenie odpowiedzialności materialnej pracowników MPK Sp. z o.o. we Wrocławiu,Przedmiotem zamówienia jest usługa ubezpieczenia odpowiedzialności materialnej pracowników MPK Sp. z o.o. we Wrocławiu na warunkach określonych w umowie oraz zgodnie z Opisem Przedmiotu Zamówienia.,selec-w,,,cat_0028,src_ted_opendata,file_ted_0028,lot:LOT-0001,2026-08-19
lot_00093,LOT-0001,not_0029,pro_0027,Fourniture et livraison de repas cuisinés à l'avance conservés par le froid destinés à la restauration scolaire de la ville de Saint-Laurent-du-Var,Fourniture et livraison de repas cuisinés à l'avance conservés par le froid destinés à la restauration scolaire de la ville de Saint-Laurent-du-Var,selec-w,1080000,EUR,cat_0029,src_ted_opendata,file_ted_0029,lot:LOT-0001,2026-08-19
lot_00094,LOT-0001,not_0030,pro_0028,Wykonanie dokumentacji projektowej wraz z pełnieniem nadzoru autorskiego oraz uzyskaniem pozwolenia na budowę dla zadania pn. Budowa osiedla Wojszyce 1,"Wykonanie kompleksowej dokumentacji projektowej tj. projektu budowlanego i wykonawczego oraz specyfikacji technicznych wykonania i odbioru robót budowalnych wraz z przedmiarami (kosztorysami ofertowymi) oraz kosztorysami inwestorskimi dla zadania inwestycyjnego pn. Budowa osiedle Wojszyce 1 (zwana dalej Dokumentacją lub Dokumentacją projektową) wraz z uzyskaniem wszelkich niezbędnych uzgodnień, opinii, decyzji oraz ostatecznym pozwoleniem na budowę dla powyższego zadania, które pozwolą Inwestorowi kompleksowo zrealizować ww. inwestycję oraz sprawowaniem przez Wykonawcę nadzoru autorskiego.",selec-w,,,cat_0030,src_ted_opendata,file_ted_0030,lot:LOT-0001,2026-08-19
lot_00095,LOT-0000,not_0031,pro_0029,Servicio de limpieza de apoyo en las tareas de limpieza y apoyo al servicio de comedor para el Centro de Acogida a Refugiados (CAR) de Sevilla para un periodo de 12 meses prorrogables por 36 meses mas.,Servicio de limpieza de apoyo en las tareas de limpieza y apoyo al servicio de comedor para el Centro de Acogida a Refugiados (CAR) de Sevilla para un periodo de 12 meses prorrogables por 36 meses mas.,selec-w,,,cat_0031,src_ted_opendata,file_ted_0031,lot:LOT-0000,2026-08-19
lot_00096,LOT-0000,not_0032,pro_0030,Transport et stockage de déchets non incinérables,"Les déchets non incinérables concernés par ce marché sont les suivants : - Résidus de balayage de voirie - Refus de criblage de mâchefers provenant du traitement de ces derniers par séparation des métaux et imbrules - Mâchefers non valorisables après maturation La prestation a assurer consiste à leur enlèvement sur le site de l'UIOM de Chavanod, le transport et le stockage en ISDND",selec-w,,,cat_0027,src_ted_opendata,file_ted_0032,lot:LOT-0000,2026-08-19
lot_00097,LOT-0001,not_0033,pro_0031,Lieky ATC skupiny J01-Antibiotiká na systémové použitie,"Predmetom zákazky je pravidelná dodávka tovarov: Lieky ATC skupiny J01-Antibiotiká na systémové použitie, vrátane dopravy na miesto plnenia do nemocničnej lekárne verejného obstarávateľa v postavení kupujúceho na základe vystavených objednávok a za podmienok uvedených v rámcovej dohode počas jej trvania. Lieky, ktoré uchádzač uvedie vo svojej ponuke vo verejnej súťaži musia spĺňať požiadavky verejného obstarávateľa, spĺňať požadované kritéria podľa platnej legislatívy a podľa registračného rozhodnutia, byť dodávané v originálnom balení. Predmet zákazky je rozdelený do 37 častí, ale vzhľadom na časovú a administratívnu náročnosť pri vypisovaní všetkých častí do oznámenia o vyhlásení verejného obstarávania a následne do oznámenia o výsledku verejného obstarávania nie je táto skutočnosť uvedená v oznámení. Keďže sa bude vyhodnocovať predmet zákazky jednotlivo tzn. každá časť samostatne, uchádzačovi sa umožňuje predložiť ponuku na jednu časť predmetu zákazky, na viacero častí predmetu zákazky alebo na všetky časti predmetu zákazky. V rámci jednej časti musí byť predložená ponuka na všetky prislúchajúce položky.",selec-w,383957.99,EUR,cat_0032,src_ted_opendata,file_ted_0033,lot:LOT-0001,2026-08-19
lot_00098,LOT-0001,not_0034,pro_0032,13.2: Ohišje BMTP namenska,13.2: Ohišje BMTP namenska (MBTP TP Šepulje) (mapa 67),selec-w,33830.0000,EUR,cat_0033,src_ted_opendata,file_ted_0034,lot:LOT-0001,2026-08-19
lot_00099,LOT-0002,not_0034,pro_0032,13.2: Ohišje BMTP namenska,13.2: Ohišje BMTP namenska (MBTP TP Dijaški dom) (mapa 66),selec-w,33990.0000,EUR,cat_0033,src_ted_opendata,file_ted_0034,lot:LOT-0002,2026-08-19
lot_00100,LOT-0003,not_0034,pro_0032,11: SN stikalni bloki (RMU) brez SF6,11: SN stikalni bloki (RMU) brez SF6 DE Sežana (mapa 70),selec-w,16990.0000,EUR,cat_0033,src_ted_opendata,file_ted_0034,lot:LOT-0003,2026-08-19
lot_00101,LOT-0001,not_0035,pro_0033,"Świadczenie usług w zakresie eksploatacji oświetlenia: ulic, placów, skwerów, parków, zieleńców, chodników i przejść dla pieszych, włączonego do szaf oświetleniowych stanowiących własność TAURON Nowe Technologie S.A.","Przedmiot zamówienia obejmuje wykonanie następujących prac: 1) bieżącej konserwacji oświetlenia ulicznego znajdującego się na terenie Gminy, 2) utrzymania świecenia punktów świetlnych w ilości nie mniejszej niż 98% całości (przy czym nie dopuszcza się nieświecenia więcej niż 3% ogólnej liczby punktów w danym ciągu oświetleniowym przez okres dłuższy niż 5 dni), 3) wymiany uszkodzonych źródeł światła, elementów zabezpieczeń, wszystkich innych elementów osprzętu oświetlenia sieci napowietrznej i kablowej, 4) diagnozowania miejsc uszkodzeń dla punktów świetlnych objętych eksploatacją w ograniczonym zakresie (stwierdzenie czy usterka dotyczy elementów sieci objętych eksploatacją czy pozostających na gwarancji), 5) wymiany uszkodzonych drzwiczek, tabliczek bezpiecznikowych, uzupełniania obejm i innych elementów słupów, 6) bieżących napraw szaf oświetlenia ulicznego, 7) lokalizacji uszkodzeń kabli, naprawy uszkodzonych kabli i przewodów napowietrznych, 8) wykonywania nastawień urządzeń sterujących oświetleniem, 9) mycia kloszy opraw ulicznych przy wymianie źródeł światła, 10) czyszczenia i malowanie konstrukcji wsporczych (słup + wysięgnik) na wniosek Zamawiającego (do 50 szt.), 11) wycinki gałęzi będących w kolizji z oprawami oświetlenia ulicznego (w obrębie 1 m), 12) utylizacji wyeksploatowanych źródeł światła i innych zdemontowanych elementów sieci oświetlenia ulicznego, 13) kontroli inspekcyjnych wykonywanych według ustaleń roboczych, 14) przywrócenia terenu (chodników, jezdni, zieleni) do stanu odpowiadającemu stanowi pierwotnemu po wykonaniu robót eksploatacyjnych, 15) dobudowy opraw oświetleniowych (w tym LED) na koszt Wykonawcy, na istniejącej sieci oświetleniowej, w uzgodnieniu z Zamawiającym w ilości nie większej niż 5 sztuk w całym okresie obowiązywania Umowy. Ilość punktów świetlnych na terenie Gminy Świętochłowice będących własnością TAURON Nowe Technologie S.A. wynosi 2187 sztuk, zaś stanowiących własność Gminy Świętochłowice a podłączonych do szaf oświetleniowych będących własnością TAURON Nowe Technologie S.A. wynosi 308 sztuk. Wykaz oświetlenia podlegającego eksploatacji został określony w załączniku nr 1 i nr 2 jako integralna część umowy.",selec-w,,,cat_0034,src_ted_opendata,file_ted_0035,lot:LOT-0001,2026-08-19
lot_00102,LOT-0001,not_0036,pro_0034,travaux de branchements neufs et petits travaux liés aux interventions « type fuite » dans les domaines eau et assainissement,"Les travaux comprendront principalement la création de nouveaux branchements d'eau et d'assainissement collectif. La majorité des branchements seront destinées à desservir des propriétés (particuliers, entreprises, immeuble, lotissement etc…). A la marge, les travaux pourront concerner des reprises et des réhabilitations de branchements d'eau et d'assainissement",selec-w,,,cat_0035,src_ted_opendata,file_ted_0036,lot:LOT-0001,2026-08-19
lot_00103,LOT-0002,not_0036,pro_0034,"Travaux de grosses réparations, extensions et renouvellement des réseaux en zone urbaine","Les travaux seront de plusieurs types : - Extension de réseau, avec création des branchements ; - Renouvellement de réseaux avec ou sans renforcement ; - Réparations ponctuelles ; - Ouvrages de gestion alternative des eaux pluviales : tranchées drainantes, noues, puisards, bassin de stockage et/ou infiltration… ; - Travaux dans les ouvrages de traitement ; - Travaux de réhabilitation par l'intérieur",selec-w,,,cat_0035,src_ted_opendata,file_ted_0036,lot:LOT-0002,2026-08-19
lot_00104,LOT-0003,not_0036,pro_0034,"Travaux de grosses réparations, extensions et renouvellement des réseaux en zone rurale","Les travaux seront de plusieurs types : - Extension de réseau, avec création des branchements ; - Renouvellement de réseaux avec ou sans renforcement ; - Réparations ponctuelles ; - Ouvrages de gestion alternative des eaux pluviales : tranchées drainantes, noues, puisards, bassin de stockage et/ou infiltration… ; - Travaux dans les ouvrages de traitement ; - Travaux de réhabilitation par l'intérieur",selec-w,,,cat_0035,src_ted_opendata,file_ted_0036,lot:LOT-0003,2026-08-19
lot_00105,LOT-0003,not_0037,pro_0035,Versante orientale del Vesuvio e canale Conte Sarno,Versante orientale del Vesuvio e canale Conte Sarno,selec-w,3626955.63,EUR,cat_0036,src_ted_opendata,file_ted_0037,lot:LOT-0003,2026-08-19
lot_00106,LOT-0001,not_0038,pro_0004,Pakiet 82 Świadczenie usług serwisowania aparatury medycznej,Świadczenie usług serwisowania aparatury medycznej,clos-nw,,,cat_0005,src_ted_opendata,file_ted_0038,lot:LOT-0001,2026-08-19
lot_00107,LOT-0001,not_0039,pro_0036,"""Доставка на електрическа енергия за обекти, общинска собственост“","Възлагането на обществената поръчка има за цел сключване на договор за комбинирани услуги по смисъла на чл. 20 от ПТЕЕ, а именно покупка на електрическа енергия и плащане на всички използвани от Възложителя като краен клиент услуги: „достъп до електропреносната и/или електроразпределителната мрежа“, „пренос на електрическа енергия през електропреносната и/или електроразпределителната мрежа“ и „отговорност за балансиране“, както и уреждане на отношенията във връзка с плащането на дължимите суми за мрежови услуги за съответния ценови период. При доставката следва да се осигури непрекъснатост на електроснабдяването и да се доставя електрическа енергия с качество и по ред, съгласно предвиденото в Закона за енергетиката и останалите нормативни актове, които уреждат обществените отношения, свързани с доставката на електрическа енергия (в т.ч. ПТЕЕ, ПИКЕЕ и наредбите, издадени на основание ЗЕ). В качеството на „координатор на балансираща група“, Изпълнителят следва да поеме отговорността за балансиране, да включи Възложителя в пазара на балансираща енергия като участник (непряк член) в стандартна балансираща група, без Възложителят да заплаща такса за регистрация и за участие, както и да осигури прогнозиране на потреблението на възложителя, включително администриране на часовите графици за потребление на възложител. Прогнозно количество за първоначалния срок от 12 месеца - 2000 mWh, Допълнително количество, в случай на включена опция за допълнителен срок до 3 месеца - 500 mWh Основният мотив за предвиждане на „опция за допълнителни доставки“ е при липса на нов договор със същия предмет, сключен по реда на ЗОП, договорът продължава своето действие до сключването на нов договор, но не повече от 3 месеца.Възложителят не се ангажира с пълното консумиране на посоченото количество електроенергия; Прогнозното количество електроенергия е ориентировъчно и служи само за информация за целите на настоящата обществена поръчка, като не ангажира Възложителя да го потреби. Същото е определено на база потреблението на електрическа енергия за средно напрежение от обектите на Община Кюстендил за последните 12 месеца, в това число и предвидената опция. Посоченото прогнозно количество електрическа енергия е индикативно, поради което при изпълнение на обществената поръчка, Възложителят ще заплаща на участника избран за изпълнител само реално потребеното количество електроенергия за съответния период. Възложителят си запазва правото в периода на действие на договора за изпълнение да променя броя и вида на обектите, посочени в Приложение № 1 до които се доставя електрическа енергия при отпаднала необходимост от ползване на обекти, при придобиване на нови имоти и/или друга причина. При включване на нови обекти, Възложителят ще заплаща за доставената ел. енергия по договорената с Изпълнителя цена.",selec-w,987500.00,BGN,cat_0037,src_ted_opendata,file_ted_0039,lot:LOT-0001,2026-08-19
lot_00108,LOT-0002,not_0039,pro_0036,„Доставка на електрическа енергия за улично осветление на територията на община Кюстендил“,"Възлагането на обществената поръчка има за цел сключване на договор за комбинирани услуги по смисъла на чл. 20 от ПТЕЕ, а именно покупка на електрическа енергия и плащане на всички използвани от Възложителя като краен клиент услуги: „достъп до електропреносната и/или електроразпределителната мрежа“, „пренос на електрическа енергия през електропреносната и/или електроразпределителната мрежа“ и „отговорност за балансиране“, както и уреждане на отношенията във връзка с плащането на дължимите суми за мрежови услуги за съответния ценови период. При доставката следва да се осигури непрекъснатост на електроснабдяването и да се доставя електрическа енергия с качество и по ред, съгласно предвиденото в Закона за енергетиката и останалите нормативни актове, които уреждат обществените отношения, свързани с доставката на електрическа енергия (в т.ч. ПТЕЕ, ПИКЕЕ и наредбите, издадени на основание ЗЕ). В качеството на „координатор на балансираща група“, Изпълнителят следва да поеме отговорността за балансиране, да включи Възложителя в пазара на балансираща енергия като участник (непряк член) в стандартна балансираща група, без Възложителят да заплаща такса за регистрация и за участие, както и да осигури прогнозиране на потреблението на възложителя, включително администриране на часовите графици за потребление на възложител. Прогнозно количество за първоначалния срок от 12 месеца - 1850 mWh, Допълнително количество, в случай на включена опция за допълнителен срок до 3 месеца - 450 mWh Основният мотив за предвиждане на „опция за допълнителни доставки“ е при липса на нов договор със същия предмет, сключен по реда на ЗОП, договорът продължава своето действие до сключването на нов договор, но не повече от 3 месеца.Възложителят не се ангажира с пълното консумиране на посоченото количество електроенергия; Прогнозното количество електроенергия е ориентировъчно и служи само за информация за целите на настоящата обществена поръчка, като не ангажира Възложителя да го потреби. Същото е определено на база потреблението на електрическа енергия за средно напрежение от обектите на Община Кюстендил за последните 12 месеца, в това число и предвидената опция. Посоченото прогнозно количество електрическа енергия е индикативно, поради което при изпълнение на обществената поръчка, Възложителят ще заплаща на участника избран за изпълнител само реално потребеното количество електроенергия за съответния период. Възложителят си запазва правото в периода на действие на договора за изпълнение да променя броя и вида на обектите, посочени в Приложение № 2 до които се доставя електрическа енергия при отпаднала необходимост от ползване на обекти, при придобиване на нови имоти и/или друга причина. При включване на нови обекти, Възложителят ще заплаща за доставената ел. енергия по договорената с Изпълнителя цена.",selec-w,908500.00,BGN,cat_0037,src_ted_opendata,file_ted_0039,lot:LOT-0002,2026-08-19
lot_00109,LOT-0001,not_0040,pro_0037,PAKIET NR 1 - Część nr 1,"Dostawy 159 pozycji produktów farmaceutycznych, w asortymencie i ilościach szacunkowych wskazanych w załączniku nr 1 do Specyfikacji Warunków Zamówienia, który stanowi jednocześnie formularz do sporządzenia oferty.",selec-w,,,cat_0018,src_ted_opendata,file_ted_0040,lot:LOT-0001,2026-08-19
lot_00110,LOT-0002,not_0040,pro_0037,PAKIET NR 2 Część nr 2,"Dostawy 182 pozycji produktów farmaceutycznych, w asortymencie i ilościach szacunkowych wskazanych w załączniku nr 1 do Specyfikacji Warunków Zamówienia, który stanowi jednocześnie formularz do sporządzenia oferty.",selec-w,,,cat_0018,src_ted_opendata,file_ted_0040,lot:LOT-0002,2026-08-19
lot_00111,LOT-0003,not_0040,pro_0037,PAKIET NR 3 Część nr 3,"Dostawy 148 pozycji produktów farmaceutycznych, w asortymencie i ilościach szacunkowych wskazanych w załączniku nr 1 do Specyfikacji Warunków Zamówienia, który stanowi jednocześnie formularz do sporządzenia oferty.",selec-w,,,cat_0018,src_ted_opendata,file_ted_0040,lot:LOT-0003,2026-08-19
lot_00112,LOT-0004,not_0040,pro_0037,PAKIET NR 4 Część nr 4,"Dostawy 58 pozycji produktów farmaceutycznych, w asortymencie i ilościach szacunkowych wskazanych w załączniku nr 1 do Specyfikacji Warunków Zamówienia, który stanowi jednocześnie formularz do sporządzenia oferty.",selec-w,,,cat_0018,src_ted_opendata,file_ted_0040,lot:LOT-0004,2026-08-19
lot_00113,LOT-0005,not_0040,pro_0037,PAKIET NR 5 Część nr 5,"Dostawy 45 pozycji produktów farmaceutycznych, w asortymencie i ilościach szacunkowych wskazanych w załączniku nr 1 do Specyfikacji Warunków Zamówienia, który stanowi jednocześnie formularz do sporządzenia oferty.",selec-w,,,cat_0018,src_ted_opendata,file_ted_0040,lot:LOT-0005,2026-08-19
lot_00114,LOT-0006,not_0040,pro_0037,PAKIET NR 6 Część nr 6,"Dostawy 175 pozycji produktów farmaceutycznych, w asortymencie i ilościach szacunkowych wskazanych w załączniku nr 1 do Specyfikacji Warunków Zamówienia, który stanowi jednocześnie formularz do sporządzenia oferty.",selec-w,,,cat_0018,src_ted_opendata,file_ted_0040,lot:LOT-0006,2026-08-19
lot_00115,LOT-0007,not_0040,pro_0037,PAKIET NR 7 Część nr 7,"Dostawy 17 pozycji produktów farmaceutycznych, w asortymencie i ilościach szacunkowych wskazanych w załączniku nr 1 do Specyfikacji Warunków Zamówienia, który stanowi jednocześnie formularz do sporządzenia oferty.",selec-w,,,cat_0018,src_ted_opendata,file_ted_0040,lot:LOT-0007,2026-08-19
lot_00116,LOT-0008,not_0040,pro_0037,PAKIET NR 8 Część nr 8,"Dostawy 21 pozycji produktów farmaceutycznych, w asortymencie i ilościach szacunkowych wskazanych w załączniku nr 1 do Specyfikacji Warunków Zamówienia, który stanowi jednocześnie formularz do sporządzenia oferty.",clos-nw,,,cat_0018,src_ted_opendata,file_ted_0040,lot:LOT-0008,2026-08-19
lot_00117,LOT-0001,not_0041,pro_0038,"LOTE I: por el 50% de la operación global de préstamo (10.645.835,00€).","LOTE I: por el 50% de la operación global de préstamo (10.645.835,00€).",selec-w,1408141.89,EUR,cat_0038,src_ted_opendata,file_ted_0041,lot:LOT-0001,2026-08-19
lot_00118,LOT-0002,not_0041,pro_0038,"LOTE II: por el otro 50% de la operación de préstamo (10.645.835,00€).","LOTE II: por el otro 50% de la operación de préstamo (10.645.835,00€).",selec-w,1462678.47,EUR,cat_0038,src_ted_opendata,file_ted_0041,lot:LOT-0002,2026-08-19
lot_00119,LOT-0001,not_0042,pro_0039,Vêtements et accessoires Police municipale,Vêtements et accessoires Police municipale,selec-w,,,cat_0040,src_ted_opendata,file_ted_0042,lot:LOT-0001,2026-08-19
lot_00120,LOT-0002,not_0042,pro_0039,Vêtements techniques / Gants / EPI,Vêtements techniques / Gants / EPI,selec-w,,,cat_0041,src_ted_opendata,file_ted_0042,lot:LOT-0002,2026-08-19
lot_00121,LOT-0003,not_0042,pro_0039,Vêtements de représentation,Vêtements de représentation,selec-w,,,cat_0041,src_ted_opendata,file_ted_0042,lot:LOT-0003,2026-08-19
lot_00122,LOT-0004,not_0042,pro_0039,Chaussures,Chaussures,selec-w,,,cat_0042,src_ted_opendata,file_ted_0042,lot:LOT-0004,2026-08-19
lot_00123,LOT-0001,not_0043,pro_0040,LOT 1 – CARNE DE PASARE,"LOT 1 CARNE DE PASARE- conform cantitatilor si prevederilor din Caietul de sarcini Valoarea estimată a celui mai mare contract subsecvent care se anticipează că va fi atribuit pe durata acordului-cadru: 45.785,20 Estimări ale cantităților minime și maxime care ar putea fi solicitate pe durata întregului acord-cadru sunt prevazute in Caietul de sarcini aferent LOTULUI. Calendar estimativ (frecvența și valoarea contractelor care urmează să fie atribuite): trimestrial sau in functie de necesitati.",selec-w,,,cat_0043,src_ted_opendata,file_ted_0043,lot:LOT-0001,2026-08-19
lot_00124,LOT-0002,not_0043,pro_0040,LOT 2 – CARNE DE VITA,"LOT 2 CARNE DE VITĂ- conform cantitatilor si prevederilor din Caietul de sarcini Valoarea estimată a celui mai mare contract subsecvent care se anticipează că va fi atribuit pe durata acordului-cadru: 4.850,00 Estimări ale cantităților minime și maxime care ar putea fi solicitate pe durata întregului acord-cadru sunt prevazute in Caietul de sarcini aferent LOTULUI. Calendar estimativ (frecvența și valoarea contractelor care urmează să fie atribuite): trimestrial sau in functie de necesitati.",clos-nw,,,cat_0043,src_ted_opendata,file_ted_0043,lot:LOT-0002,2026-08-19
lot_00125,LOT-0003,not_0043,pro_0040,LOT 3 – OUA,"LOT 3 OUA- conform cantitatilor si prevederilor din Caietul de sarcini Valoarea estimată a celui mai mare contract subsecvent care se anticipează că va fi atribuit pe durata acordului-cadru: 12.000,00 Estimări ale cantităților minime și maxime care ar putea fi solicitate pe durata întregului acord-cadru sunt prevazute in Caietul de sarcini aferent LOTULUI. Calendar estimativ (frecvența și valoarea contractelor care urmează să fie atribuite): trimestrial sau in functie de necesitati.",selec-w,,,cat_0043,src_ted_opendata,file_ted_0043,lot:LOT-0003,2026-08-19
lot_00126,LOT-0004,not_0043,pro_0040,LOT 4 - PRODUSE CONGELATE,"LOT 4 - PRODUSE CONGELATE- conform cantitatilor si prevederilor din Caietul de sarcini Valoarea estimată a celui mai mare contract subsecvent care se anticipează că va fi atribuit pe durata acordului-cadru: 16.008,10 Estimări ale cantităților minime și maxime care ar putea fi solicitate pe durata întregului acord-cadru sunt prevazute in Caietul de sarcini aferent LOTULUI. Calendar estimativ (frecvența și valoarea contractelor care urmează să fie atribuite): trimestrial sau in functie de necesitati.",selec-w,,,cat_0043,src_ted_opendata,file_ted_0043,lot:LOT-0004,2026-08-19
lot_00127,LOT-0005,not_0043,pro_0040,LOT 5 – CONDIMENTE SI MIRODENII,"LOT 5 – CONDIMENTE SI MIRODENII- conform cantitatilor si prevederilor din Caietul de sarcini Valoarea estimată a celui mai mare contract subsecvent care se anticipează că va fi atribuit pe durata acordului-cadru: 6.961,32 Estimări ale cantităților minime și maxime care ar putea fi solicitate pe durata întregului acord-cadru sunt prevazute in Caietul de sarcini aferent LOTULUI. Calendar estimativ (frecvența și valoarea contractelor care urmează să fie atribuite): trimestrial sau in functie de necesitati.",selec-w,,,cat_0043,src_ted_opendata,file_ted_0043,lot:LOT-0005,2026-08-19
lot_00128,LOT-0006,not_0043,pro_0040,LOT 6 – BAUTURI PENTRU RETETE,"LOT 6 – BAUTURI PENTRU RETETE- conform cantitatilor si prevederilor din Caietul de sarcini Valoarea estimată a celui mai mare contract subsecvent care se anticipează că va fi atribuit pe durata acordului-cadru: 1.925,00 Estimări ale cantităților minime și maxime care ar putea fi solicitate pe durata întregului acord-cadru sunt prevazute in Caietul de sarcini aferent LOTULUI. Calendar estimativ (frecvența și valoarea contractelor care urmează să fie atribuite): trimestrial sau in functie de necesitati.",selec-w,,,cat_0043,src_ted_opendata,file_ted_0043,lot:LOT-0006,2026-08-19
lot_00129,LOT-0007,not_0043,pro_0040,LOT 7 – PRODUSE FAINOASE,"LOT 7 PRODUSE FAINOASE- conform cantitatilor si prevederilor din Caietul de sarcini Valoarea estimată a celui mai mare contract subsecvent care se anticipează că va fi atribuit pe durata acordului-cadru: 4.671,00 Estimări ale cantităților minime și maxime care ar putea fi solicitate pe durata întregului acord-cadru sunt prevazute in Caietul de sarcini aferent LOTULUI. Calendar estimativ (frecvența și valoarea contractelor care urmează să fie atribuite): trimestrial sau in functie de necesitati",selec-w,,,cat_0043,src_ted_opendata,file_ted_0043,lot:LOT-0007,2026-08-19
lot_00130,LOT-0008,not_0043,pro_0040,LOT 8 – ULEIURI,"LOT 8 – ULEIURI- conform cantitatilor si prevederilor din Caietul de sarcini Valoarea estimată a celui mai mare contract subsecvent care se anticipează că va fi atribuit pe durata acordului-cadru: 8.366,00 Estimări ale cantităților minime și maxime care ar putea fi solicitate pe durata întregului acord-cadru sunt prevazute in Caietul de sarcini aferent LOTULUI. Calendar estimativ (frecvența și valoarea contractelor care urmează să fie atribuite): trimestrial sau in functie de necesitati",clos-nw,,,cat_0043,src_ted_opendata,file_ted_0043,lot:LOT-0008,2026-08-19
lot_00131,LOT-0009,not_0043,pro_0040,LOT 9 - CARNE DE PORC,"LOT 9 - CARNE DE PORC- conform cantitatilor si prevederilor din Caietul de sarcini Valoarea estimată a celui mai mare contract subsecvent care se anticipează că va fi atribuit pe durata acordului-cadru: 26.288,85 Estimări ale cantităților minime și maxime care ar putea fi solicitate pe durata întregului acord-cadru sunt prevazute in Caietul de sarcini aferent LOTULUI. Calendar estimativ (frecvența și valoarea contractelor care urmează să fie atribuite): trimestrial sau in functie de necesitati",selec-w,,,cat_0043,src_ted_opendata,file_ted_0043,lot:LOT-0009,2026-08-19
lot_00132,LOT-0010,not_0043,pro_0040,LOT 10 PRODUSE PE BAZA DE CARNE,"LOT 10 PRODUSE PE BAZA DE CARNE- conform cantitatilor si prevederilor din Caietul de sarcini Valoarea estimată a celui mai mare contract subsecvent care se anticipează că va fi atribuit pe durata acordului-cadru: 9.445,98 Estimări ale cantităților minime și maxime care ar putea fi solicitate pe durata întregului acord-cadru sunt prevazute in Caietul de sarcini aferent LOTULUI. Calendar estimativ (frecvența și valoarea contractelor care urmează să fie atribuite): trimestrial sau in functie de necesitati",selec-w,,,cat_0043,src_ted_opendata,file_ted_0043,lot:LOT-0010,2026-08-19
lot_00133,LOT-0011,not_0043,pro_0040,LOT 11 – PESTE SI PRODUSE DIN PESTE,"LOT 11 – PESTE SI PRODUSE DIN PESTE - conform cantitatilor si prevederilor din Caietul de sarcini Valoarea estimată a celui mai mare contract subsecvent care se anticipează că va fi atribuit pe durata acordului-cadru: 8.877,65 Estimări ale cantităților minime și maxime care ar putea fi solicitate pe durata întregului acord-cadru sunt prevazute in Caietul de sarcini aferent LOTULUI. Calendar estimativ (frecvența și valoarea contractelor care urmează să fie atribuite): trimestrial sau in functie de necesitati",selec-w,,,cat_0043,src_ted_opendata,file_ted_0043,lot:LOT-0011,2026-08-19
lot_00134,LOT-0012,not_0043,pro_0040,LOT 12 – PRODUSE DE PANIFICATIE,"LOT 12 – PRODUSE DE PANIFICATIE - conform cantitatilor si prevederilor din Caietul de sarcini Valoarea estimată a celui mai mare contract subsecvent care se anticipează că va fi atribuit pe durata acordului-cadru: 8.220,70 Estimări ale cantităților minime și maxime care ar putea fi solicitate pe durata întregului acord-cadru sunt prevazute in Caietul de sarcini aferent LOTULUI. Calendar estimativ (frecvența și valoarea contractelor care urmează să fie atribuite): trimestrial sau in functie de necesitati",selec-w,,,cat_0043,src_ted_opendata,file_ted_0043,lot:LOT-0012,2026-08-19
lot_00135,LOT-0013,not_0043,pro_0040,LOT 13 – PRODUSE LACTATE,"LOT 13 – PRODUSE LACTATE- conform cantitatilor si prevederilor din Caietul de sarcini Valoarea estimată a celui mai mare contract subsecvent care se anticipează că va fi atribuit pe durata acordului-cadru: 23.520,00 Estimări ale cantităților minime și maxime care ar putea fi solicitate pe durata întregului acord-cadru sunt prevazute in Caietul de sarcini aferent LOTULUI. Calendar estimativ (frecvența și valoarea contractelor care urmează să fie atribuite): trimestrial sau in functie de necesitati",selec-w,,,cat_0043,src_ted_opendata,file_ted_0043,lot:LOT-0013,2026-08-19
lot_00136,LOT-0014,not_0043,pro_0040,LOT 14 – PRODUSE DE PATISERIE SI COFETARIE,"LOT 14 – PRODUSE DE PATISERIE SI COFETARIE - conform cantitatilor si prevederilor din Caietul de sarcini Valoarea estimată a celui mai mare contract subsecvent care se anticipează că va fi atribuit pe durata acordului-cadru: 12.212,56 Estimări ale cantităților minime și maxime care ar putea fi solicitate pe durata întregului acord-cadru sunt prevazute in Caietul de sarcini aferent LOTULUI. Calendar estimativ (frecvența și valoarea contractelor care urmează să fie atribuite): trimestrial sau in functie de necesitati",selec-w,,,cat_0043,src_ted_opendata,file_ted_0043,lot:LOT-0014,2026-08-19
lot_00137,LOT-0015,not_0043,pro_0040,"LOT 15 – CONSERVE, BORCANE SI SOSURI","LOT 15 – CONSERVE, BORCANE SI SOSURI - conform cantitatilor si prevederilor din Caietul de sarcini Valoarea estimată a celui mai mare contract subsecvent care se anticipează că va fi atribuit pe durata acordului-cadru: 17.985,97 Estimări ale cantităților minime și maxime care ar putea fi solicitate pe durata întregului acord-cadru sunt prevazute in Caietul de sarcini aferent LOTULUI. Calendar estimativ (frecvența și valoarea contractelor care urmează să fie atribuite): trimestrial sau in functie de necesitati",selec-w,,,cat_0043,src_ted_opendata,file_ted_0043,lot:LOT-0015,2026-08-19
lot_00138,LOT-0016,not_0043,pro_0040,"LOT 16 – LEGUME, FRUCTE","LOT 16 – LEGUME, FRUCTE - conform cantitatilor si prevederilor din Caietul de sarcini Valoarea estimată a celui mai mare contract subsecvent care se anticipează că va fi atribuit pe durata acordului-cadru: 66.551,00 Estimări ale cantităților minime și maxime care ar putea fi solicitate pe durata întregului acord-cadru sunt prevazute in Caietul de sarcini aferent LOTULUI. Calendar estimativ (frecvența și valoarea contractelor care urmează să fie atribuite): trimestrial sau in functie de necesitati",selec-w,,,cat_0043,src_ted_opendata,file_ted_0043,lot:LOT-0016,2026-08-19
lot_00139,LOT-0001,not_0044,pro_0041,Dostawa aparatu do znieczulenia z monitorem parametrów życiowych,Dostawa aparatu do znieczulenia z monitorem parametrów życiowych - 15 szt.,selec-w,,,cat_0044,src_ted_opendata,file_ted_0044,lot:LOT-0001,2026-08-19
lot_00140,LOT-0000,not_0045,pro_0042,Servicio Guest Wifi en el eje principal de la ZGAT Oviedo,"Constituye el objeto del presente contrato la puesta en marcha de una red Wifi en las zonas de gran afluencia turística (ZGAT) que se determinan en el PPT, suministrando e instalando toda la infraestructura necesaria y garantizando su servicio por todo el periodo del contrato",selec-w,,,cat_0045,src_ted_opendata,file_ted_0045,lot:LOT-0000,2026-08-19
lot_00141,LOT-0000,not_0046,pro_0043,(25)ΠΡΟΜΗΘΕΙΑ AMBU MASK ΑΣΚΟΥΣ ΑΝΑΝΗΨΗΣ ΜΕ ΡΕΖΕΡΒΟΥΑΡ ΟΞΥΓΟΝΟΥ ΠΟΥ ΝΑ ΑΠΟΣΤΕΙΡΩΝΟΝΤΑΙ,(25)ΠΡΟΜΗΘΕΙΑ AMBU MASK ΑΣΚΟΥΣ ΑΝΑΝΗΨΗΣ ΜΕ ΡΕΖΕΡΒΟΥΑΡ ΟΞΥΓΟΝΟΥ ΠΟΥ ΝΑ ΑΠΟΣΤΕΙΡΩΝΟΝΤΑΙ,selec-w,166,EUR,cat_0046,src_ted_opendata,file_ted_0046,lot:LOT-0000,2026-08-19
lot_00142,LOT-0001,not_0047,pro_0044,Część 1 – Odbieranie odpadów komunalnych od właścicieli nieruchomości znajdujących się na terenie miasta Łodzi w sektorze Bałuty w okresie od 01.01.2025 r. do 30.06.2026 r.,Przedmiotem zamówienia jest świadczenie przez Wykonawcę usługi polegającej na odbieraniu odpadów komunalnych od właścicieli nieruchomości znajdujących się na terenie miasta Łodzi w sektorze Bałuty w okresie od 1 stycznia 2025 r. do 30 czerwca 2026 r. Szczegółowy opis przedmiotu zamówienia znajduje się w Załączniku nr 1a do SWZ oraz we wzorze umowy (Załącznik nr 8a do SWZ).,selec-w,,,cat_0008,src_ted_opendata,file_ted_0047,lot:LOT-0001,2026-08-19
lot_00143,LOT-0002,not_0047,pro_0044,Część 2 – Odbieranie odpadów komunalnych od właścicieli nieruchomości znajdujących się na terenie miasta Łodzi w sektorze Śródmieście w okresie od 01.01.2025 r. do 30.06.2026 r.,Przedmiotem zamówienia jest świadczenie przez Wykonawcę usługi polegającej na odbieraniu odpadów komunalnych od właścicieli nieruchomości znajdujących się na terenie miasta Łodzi w sektorze Śródmieście w okresie od 1 stycznia 2025 r. do 30 czerwca 2026 r. Szczegółowy opis przedmiotu zamówienia znajduje się w Załączniku nr 1b do SWZ oraz we wzorze umowy (Załącznik nr 8b do SWZ).,selec-w,,,cat_0008,src_ted_opendata,file_ted_0047,lot:LOT-0002,2026-08-19
lot_00144,LOT-0003,not_0047,pro_0044,Część 3 – Odbieranie odpadów komunalnych od właścicieli nieruchomości znajdujących się na terenie miasta Łodzi w sektorze Widzew w okresie od 01.01.2025 r. do 30.06.2026 r.,Przedmiotem zamówienia jest świadczenie przez Wykonawcę usługi polegającej na odbieraniu odpadów komunalnych od właścicieli nieruchomości znajdujących się na terenie miasta Łodzi w sektorze Widzew w okresie od 1 stycznia 2025 r. do 30 czerwca 2026 r. Szczegółowy opis przedmiotu zamówienia znajduje się w Załączniku nr 1c do SWZ oraz we wzorze umowy (Załącznik nr 8c do SWZ).,selec-w,,,cat_0008,src_ted_opendata,file_ted_0047,lot:LOT-0003,2026-08-19
lot_00145,LOT-0001,not_0048,pro_0045,"SERVIZIO DI ASSICURAZIONE INFORTUNI EX ART. 51 LEGGE 282/2002 E AL D.P.C.M. 3 NOVEMBRE 2010, RCT.O A FAVORE DELLA FEDERAZIONE ITALIANA SURFING SCI NAUTICO E WAKEBOARD (F.I.S.S.W.) CON DECORRENZA DALLE ORE 00:00 DEL 01.01.2025 AL 31.12.2027","SERVIZIO DI ASSICURAZIONE INFORTUNI EX ART. 51 LEGGE 282/2002 E AL D.P.C.M. 3 NOVEMBRE 2010, RCT.O A FAVORE DELLA FEDERAZIONE ITALIANA SURFING SCI NAUTICO E WAKEBOARD (F.I.S.S.W.) CON DECORRENZA DALLE ORE 00:00 DEL 01.01.2025 AL 31.12.2027",selec-w,805000,EUR,cat_0047,src_ted_opendata,file_ted_0048,lot:LOT-0001,2026-08-19
lot_00146,LOT-0001,not_0049,pro_0046,Rozvoj Nemocničního informačního systému (NIS),"Dílčí část 1 zahrnuje rozšíření funkcionalit a rozvoj stávajícího nemocničního informačního systému (NIS) v oblasti elektronizace procesů (např. v oblasti strukturované elektronické zdravotnické dokumentace, elektronizace vizity apod.), zajištění dlouhodobé elektronické archivace zdravotnické dokumentace, zavedení podpory nových procesů v rámci ne-mocnice a zejména jejich elektronizaci s možností jejich realizace jak v nemocnici, tak i vzdáleně, a zavedení nových funkcí v NIS.",clos-nw,46832500,CZK,cat_0048,src_ted_opendata,file_ted_0049,lot:LOT-0001,2026-08-19
lot_00147,LOT-0002,not_0049,pro_0046,Dlouhodobý důvěryhodný elektronický archiv (DEA),Dílčí část 2 zahrnuje pořízení dlouhodobého důvěryhodného elektronického archivu (DEA) do aplikační architektury nemocnice s cílem zajistit archivaci elektronické zdravotnické dokumentace a její řízenou skartaci dle platné legislativy ČR.,clos-nw,1810000,CZK,cat_0048,src_ted_opendata,file_ted_0049,lot:LOT-0002,2026-08-19
lot_00148,LOT-0001,not_0050,pro_0004,Pakiet 78 Świadczenie usług serwisowania aparatury medycznej,Świadczenie usług serwisowania aparatury medycznej,clos-nw,,,cat_0005,src_ted_opendata,file_ted_0050,lot:LOT-0001,2026-08-19
lot_00149,LOT-0001,not_0051,pro_0047,indikative Angebote - Beschaffung eines CRM-Systems,"Im Rahmen der Roadmap 2026 wird erstmalig eine ""Customer-Relationship-Management"" - Lösung (CRM) eingeführt, wodurch der Bank eine vertriebsorientierte und vollständig digitalisierte Kundensteuerung ermöglicht werden soll. Basis für die Anforderungen an das CRM-System bildet der beigefügte Leistungskatalog. Ein modernes CRM-System ist ein zentraler Bestandteil des Transformationsprozesses der Rentenbank. Es bildet einen Bestandteil einer tragfähigen und zukunftsfähigen IT-Architektur und ermöglicht eine vertriebsorienteierte ganzheitliche Kundensteuerung. Zudem werden Synergien zwischen Geschäftsbereichen im Rahmen der Kundensteuerung vollumfänglich ausgeschöpft.",selec-w,,,cat_0049,src_ted_opendata,file_ted_0051,lot:LOT-0001,2026-08-19
lot_00150,LOT-0001,not_0052,pro_0048,Ajándéktárgyak I.,"A közbeszerzési rész során az alábbi eszközök beszerzésére kerül sor: Fővárosi Állat- és Növénykert részére továbbértékesítésre szánt ajándéktárgyak beszerzése a közbeszerzési dokumentumokban meghatározottak szerint, mely alapján az Ajánlatkérő fogyasztói forgalomban történő viszonteladás céljából a Műszaki Leírásban meghatározott Termékeket kívánja beszerezni, az Ajánlattevőként szerződő fél pedig a Keretmegállapodás alapján kötelezettséget vállal a Műszaki Leírásban meghatározott Termékek Ajánlatkérőként szerződő fél részére történő szállítására az Eseti Megrendelés alapján a Műszaki Leírásban és a Keretmegállapodás-tervezetben meghatározottak szerint. A KM alapján Felek olyan együttműködésre vállalnak kötelezettséget, mely keretében az Eladó a KMban szabályozott feltételek mellett vállalja, hogy az általa forgalmazott Termékeket Vevőnek eladja. Az Eladó köteles a Vevő legfeljebb hetente kétszeri gyakorisággal küldött megrendelése alapján meghatározott Termékek szállítására. A keretmegállapodás keretösszege nettó 150.000.000,- Ft, melynek lehívására az ajánlatkérő nem vállal kötelezettséget. Ajánlatkérő a megadott keretösszeg kimerüléséig, max. a keretmegállapodás futamidejére tartja fenn a jogot a megrendelésekre. Szállítandó terméktípusok: Ajándéktárgyak, plüssök, tollak, ceruzák, bögrék, gyermekjátékok, ruházat, kulcstartók, jegyzetfüzetek, esernyők, ékszerek a műszaki leírásban foglaltak szerint. A részletezett beszerzendő termékek a közbeszerzési dokumentumok mellékleteként rendelkezésre bocsátott árazatlan ártáblában találhatóak. Tervezett mennyiségek nagyságrendje: Bögrék, kulacsok: 200 db Egyéb shopáru beszerzés: 25 000 db Plüss: 39 000 db Ékszer: 1 000 db Játékok: 3 000 db Papírtermék, írószer: 1 000 db Textil termékek: 200 db Ajánlatkérő minimum rendelési értéket vállal: Nettó 50 000.- Ft A megajánlott termékeknek rendelkezniük kell: magyar nyelvű gyártói megfelelőségi nyilatkozattal, az EN71 európai játékbiztonsági szabványnak meg kell felelniük, továbbá az Ártáblában szereplő Termékek első ízben történő visszterhes vagy ingyenes rendelkezésre bocsátására rendelkezniük kell CE jelzéssel. Az ajánlattevőnek az ajánlatában erről nyilatkoznia kell. A magyar nyelvű gyártói megfelelőségi nyilatkozattal egyenértékűnek minősül, ha a megajánlott termék az EN71 európai játékbiztonsági szabványnak megfelel és rendelkezik CE jelzéssel. Nyertes ajánlattevő feladata a termékek megfelelő csomagolása, kiszállítása . A megajánlott nettó ajánlati egységáraknak tartalmaznia kell a termékek teljesítési helyen történő átadásáig felmerülő valamennyi járulékos költséget, amelyen felül további járulékos költségeket a nyertes Ajánlattevő az Ajánlatkérő felé nem számíthat fel. Irányadó továbbá: Az termékek műszaki paramétereire vonatkozó elvárásokat a közbeszerzési dokumentum mellékletét képező árazatlan ártáblázat (mely kitöltve a szakmai, kereskedelmi ajánlat) tartalmazza. - Ajánlatkérő a keretösszeg lehívására nem vállal kötelezettséget, sem az árazatlan ártáblázatban megjelölt termékek lehívására. - Szakmai, kereskedelmi ajánlat az ártábla, mely amennyiben teljes egészében hiányzik, nem hiánypótolható. A táblázat valamennyi sorára kötelező az ajánlattétel. - Az árat egész számban, Magyar Forintban kell megadni Az eljárás a Kbt. 105. § (1) bekezdés a) pontja szerinti keretmegállapodás megkötésére irányul, egyedi megrendelések alapján kerülhet sor a teljesítésre. A műszaki leírásban és részét képező táblázatban előírt megnevezés a Termék jellegének egyértelmű meghatározását szolgálja, a felhívásban vagy a Közbeszerzési Dokumentumokban szerepeltetett meghatározott gyártmány, eredet, típus megnevezése mellett minden esetben hozzá értendő a „vagy azzal egyenértékű” kifejezés. Az egyenértékűséget az ajánlattevő köteles igazolni, azzal, hogy a műszaki tartalom értékelése során az egyenértékűséget Ajánlatkérőnek kell megítélni, amely eldöntéséhez minden adatot Ajánlattevőnek kell megadnia. Ajánlattevő kötelessége tehát annak bizonyítása az ajánlatban, hogy a megajánlott termék az Ajánlatkérő által meghatározott termékkel egyenértékű. Ajánlatkérő számára ezeknél kedvezőbb jellemzőkkel rendelkező termékre is tehető ajánlat. A meghatározott követelmények, feltételek az ajánlatkérő minimális előírásai, az ajánlatkérő számára ezeknél kedvezőbb jellemzőkkel rendelkező termékekre is tehető ajánlat, így az előírt minimum feltételekkel megegyező, vagy annál kedvezőbb jellemzőkkel rendelkező Termékek felelhetnek meg műszaki és kereskedelmi szempontból, azzal, a kedvezőbb megajánlás külön értékelés alá nem kerül. A táblázatban szereplő tételek szumma összege (összehasonlítás érdekében képzett ár) képezi felolvasólapon feltüntetendő árat („FELOLVASÓLAPON SZEREPELTETENDŐ NETTÓ AJÁNLATI ÁR”). Ha az adott konkrét Termék előre nem látható körülmények miatt nem elérhető, ebben az esetben egyenértékűség és helyettesíthetőség szabályai az irányadóak. Ezt az esetet a Kbt. 141.§ (4) bek. a) pontja alapján kezelik a Felek, a KM szabályai szerint.",selec-w,,,cat_0050,src_ted_opendata,file_ted_0052,lot:LOT-0001,2026-08-19
lot_00151,LOT-0002,not_0052,pro_0048,Egyedi kreatívval emblémázott reklámajándékok,"A közbeszerzési rész során az alábbi eszközök beszerzésére kerül sor: Fővárosi Állat- és Növénykert részére továbbértékesítésre szánt ajándéktárgyak beszerzése a közbeszerzési dokumentumokban meghatározottak szerint, mely alapján az Ajánlatkérő fogyasztói forgalomban történő viszonteladás céljából a Műszaki Leírásban meghatározott Termékeket kívánja beszerezni, az Ajánlattevőként szerződő fél pedig a Keretmegállapodás alapján kötelezettséget vállal a Műszaki Leírásban meghatározott Termékek Ajánlatkérőként szerződő fél részére történő szállítására az Eseti Megrendelés alapján a Műszaki Leírásban és a Keretmegállapodás-tervezetben meghatározottak szerint. Nyertes ajánlattevő feladatát képezi az eseti megrendelések alapján leszállításra kerülő reklámajándék tárgyak logózása nyomása is. A KM alapján Felek olyan együttműködésre vállalnak kötelezettséget, mely keretében az Eladó a KMban szabályozott feltételek mellett vállalja, hogy az általa forgalmazott Termékeket Vevőnek eladja. Az Eladó köteles a Vevő legfeljebb hetente kétszeri gyakorisággal küldött megrendelése alapján meghatározott Termékek szállítására. A keretmegállapodás keretösszege nettó 60.000.000,- Ft, melynek lehívására az ajánlatkérő nem vállal kötelezettséget. Ajánlatkérő a megadott keretösszeg kimerüléséig, max. a keretmegállapodás futamidejére tartja fenn a jogot a megrendelésekre. Szállítandó terméktípusok: Ajándéktárgyak, , tollak, ceruzák, bögrék, , ruházat, kulcstartók, jegyzetfüzetek a műszaki leírásban foglaltak szerint. A részletezett beszerzendő termékek a közbeszerzési dokumentumok mellékleteként rendelkezésre bocsátott árazatlan ártáblában találhatóak. Tervezett mennyiségek nagyságrendje: Papírtermék, írószer: 20 000 db Textil termékek: 3 000 db Bögrék, kulacsok: 4 000 db Egyéb beszerzés: 5 000 db Ajánlatkérő minimum rendelési értéket vállal: Nettó 50 000.- Ft A megajánlott termékeknek rendelkezniük kell: magyar nyelvű gyártói megfelelőségi nyilatkozattal, az EN71 európai játékbiztonsági szabványnak meg kell felelniük, továbbá az Ártáblában szereplő Termékek első ízben történő visszterhes vagy ingyenes rendelkezésre bocsátására rendelkezniük kell CE jelzéssel. Az ajánlattevőnek az ajánlatában erről nyilatkoznia kell. A magyar nyelvű gyártói megfelelőségi nyilatkozattal egyenértékűnek minősül, ha a megajánlott termék az EN71 európai játékbiztonsági szabványnak megfelel és rendelkezik CE jelzéssel. Nyertes ajánlattevő feladata a termékek megfelelő csomagolása, kiszállítása. A megajánlott nettó ajánlati egységáraknak tartalmaznia kell a termékek teljesítési helyen történő átadásáig felmerülő valamennyi járulékos költséget, amelyen felül további járulékos költségeket a nyertes Ajánlattevő az Ajánlatkérő felé nem számíthat fel. Irányadó továbbá: - Az termékek műszaki paramétereire vonatkozó elvárásokat a közbeszerzési dokumentum mellékletét képező árazatlan ártáblázat (mely kitöltve a szakmai, kereskedelmi ajánlat) tartalmazza. - Ajánlatkérő a keretösszeg lehívására nem vállal kötelezettséget, sem az árazatlan ártáblázatban megjelölt termékek lehívására. - Szakmai, kereskedelmi ajánlat az ártábla, mely amennyiben teljes egészében hiányzik, nem hiánypótolható. A táblázat valamennyi sorára kötelező az ajánlattétel. - Az árat egész számban, Magyar Forintban kell megadni Az eljárás a Kbt. 105. § (1) bekezdés a) pontja szerinti keretmegállapodás megkötésére irányul, egyedi megrendelések alapján kerülhet sor a teljesítésre. A műszaki leírásban és részét képező táblázatban előírt megnevezés a Termék jellegének egyértelmű meghatározását szolgálja, a felhívásban vagy a Közbeszerzési Dokumentumokban szerepeltetett meghatározott gyártmány, eredet, típus megnevezése mellett minden esetben hozzá értendő a „vagy azzal egyenértékű” kifejezés. Az egyenértékűséget az ajánlattevő köteles igazolni, azzal, hogy a műszaki tartalom értékelése során az egyenértékűséget Ajánlatkérőnek kell megítélni, amely eldöntéséhez minden adatot Ajánlattevőnek kell megadnia. Ajánlattevő kötelessége tehát annak bizonyítása az ajánlatban, hogy a megajánlott termék az Ajánlatkérő által meghatározott termékkel egyenértékű. Ajánlatkérő számára ezeknél kedvezőbb jellemzőkkel rendelkező termékre is tehető ajánlat. A meghatározott követelmények, feltételek az ajánlatkérő minimális előírásai, az ajánlatkérő számára ezeknél kedvezőbb jellemzőkkel rendelkező termékekre is tehető ajánlat, így az előírt minimum feltételekkel megegyező, vagy annál kedvezőbb jellemzőkkel rendelkező Termékek felelhetnek meg műszaki és kereskedelmi szempontból, azzal, a kedvezőbb megajánlás külön értékelés alá nem kerül. A táblázatban szereplő tételek súlyozott átlaga (összehasonlítás érdekében képzett ár) képezi felolvasólapon feltüntetendő árat („FELOLVASÓLAPON SZEREPELTETENDŐ NETTÓ AJÁNLATI ÁR ténylegesen a SÚLYOZOTT ÁTLAGOT jelenti”). Ha az adott konkrét Termék előre nem látható körülmények miatt nem elérhető, ebben az esetben egyenértékűség és helyettesíthetőség szabályai az irányadóak. Ezt az esetet a Kbt. 141.§ (4) bek. a) pontja alapján kezelik a Felek, a KM szabályai szerint.",selec-w,,,cat_0050,src_ted_opendata,file_ted_0052,lot:LOT-0002,2026-08-19
lot_00152,LOT-0006,not_0053,pro_0049,Herstellung von maßgeschneiderten theaterüblichen historischen Herrenkostümen (für Werkstätten mit Theatererfahrung),Herstellung von maßgeschneiderten theaterüblichen historischen Herrenkostümen (für Werkstätten mit Theatererfahrung),selec-w,,,cat_0051,src_ted_opendata,file_ted_0053,lot:LOT-0006,2026-08-19
lot_00153,LOT-0001,not_0054,pro_0050,Udzielenie kredytu długoterminowego,Przedmiotem zamówienia jest udzielenie kredytu długoterminowego na spłatę wcześniej zaciągniętych zobowiązań i finansowanie planowanego deficytu JST,selec-w,,,cat_0013,src_ted_opendata,file_ted_0054,lot:LOT-0001,2026-08-19
lot_00154,LOT-0001,not_0055,pro_0051,ODBIÓR I ZAGOSPODAROWANIE ODPADÓW KOMUNALNYCH Z TERENU GMINY NOWOSOLNA,"3.1. Przedmiotem zamówienia jest odbiór i zagospodarowanie odpadów komunalnych z terenu Gminy Nowosolna od właścicieli nieruchomości, na których zamieszkują mieszkańcy, od właścicieli nieruchomości na których nie zamieszkują mieszkańcy a powstają odpady komunalne oraz od właścicieli nieruchomości na których znajdują się domki letniskowe lub inne nieruchomości wykorzystywane na cele rekreacyjno – wypoczynkowe wykorzystywane jedynie przez część roku oraz z Punktu Selektywnej Zbiórki Odpadów Komunalnych, w okresie od 01.01.2025 r. do 31.12.2026 r. Pozostałe postanowienia zawierają dokumenty zamówienia.",selec-w,8983455,PLN,cat_0052,src_ted_opendata,file_ted_0055,lot:LOT-0001,2026-08-19
lot_00155,LOT-0001,not_0056,pro_0052,Aquisição de serviços de cadastro e inspeção expedita de obras de contenção na RRN – Distrito de Coimbra,Aquisição de serviços de cadastro e inspeção expedita de obras de contenção na RRN – Distrito de Coimbra,selec-w,69640,EUR,cat_0053,src_ted_opendata,file_ted_0056,lot:LOT-0001,2026-08-19
lot_00156,LOT-0001,not_0057,pro_0053,Fourniture de tables de nuit avec et sans réfrigérateur,Fourniture de tables de nuit avec et sans réfrigérateur,selec-w,,,cat_0054,src_ted_opendata,file_ted_0057,lot:LOT-0001,2026-08-19
lot_00157,LOT-0002,not_0057,pro_0053,Fourniture de tablettes de lit mobiles avec espace de rangement,Fourniture de tablettes de lit mobiles avec espace de rangement,selec-w,,,cat_0054,src_ted_opendata,file_ted_0057,lot:LOT-0002,2026-08-19
lot_00158,LOT-0003,not_0057,pro_0053,Fourniture de tablettes de lit mobiles sans espace de rangement,Fourniture de tablettes de lit mobiles sans espace de rangement,selec-w,,,cat_0054,src_ted_opendata,file_ted_0057,lot:LOT-0003,2026-08-19
lot_00159,LOT-0001,not_0058,pro_0054,Dostawa artykułów spożywczych,Dostawa artykułów spożywczych,selec-w,,,cat_0055,src_ted_opendata,file_ted_0058,lot:LOT-0001,2026-08-19
lot_00160,LOT-0000,not_0059,pro_0055,"Servicios de la auditoría correspondiente a la certificación de las cuentas del FEAGA y del FEADER del organismo pagador en la Comunidad Autónoma de Extremadura, ejercicio financiero FEAGA/FEADER 2025","servicios de la auditoría correspondiente a la certificación de las cuentas del FEAGA y del FEADER del organismo pagador en laComunidad Autónoma de Extremadura, ejercicio financiero FEAGA/FEADER 2025",selec-w,,,cat_0056,src_ted_opendata,file_ted_0059,lot:LOT-0000,2026-08-19
lot_00161,LOT-0001,not_0060,pro_0056,"Zaciągnięcie kredytu długoterminowego w wysokości do 3.908.253,00 zł na sfinansowanie deficytu budżetu Gminy oraz spłatę zaciągniętych zobowiązań","Celem zaciągnięcia kredytu w wysokości do 3 908 253,00 zł jest sfinansowanie deficytu budżetu Gminy oraz spłata zaciągniętych zobowiązań. Spłata rat kapitałowych wynikająca z umowy kredytowej następować będzie kwartalnie w okresie od marca 2028 r. do grudnia 2035r. Bank postawi do dyspozycji Zamawiającego kredyt niezwłocznie po zawarciu umowy, jednak nie później niż do 31.12.2024 r. Zamawiający nie przewiduje możliwości spłaty rat kredytu w walutach obcych. Wszelkie naliczenia pomiędzy wykonawcą a zamawiającym będą dokonywane w złotych polskich (PLN). Szczegółowy opis przedmiotu zamówienia zawiera załącznik nr 1 do SWZ.",selec-w,,,cat_0013,src_ted_opendata,file_ted_0060,lot:LOT-0001,2026-08-19
lot_00162,LOT-0001,not_0061,pro_0057,Élelmiszerek beszerzése 2024-5. részajánlat,"5. részajánlat tekintetében: Kenyér, pékáru beszerzése 174210 db + 376 kg Az árucsoportonkénti becsült mennyiségek a dokumentációban, áruféleségenként pedig a dokumentációban szerepelnek. A megadott mennyiségektől +29%-kal való eltérés lehetséges. A részletes specifikációt, valamint a szállítási ütemezést a dokumentáció tartalmazza. Az árazatlan költségvetés, valamint további információ a Dokumentáció része. Ajánlatkérő további meghatározott keretösszegig fenntartja magának a jogot, hogy további terméket rendeljen a nyertes Ajánlattevőtől, a Megrendelő által előre nem látható és jelenleg nem specifikálható beszerzési igényei kielégítésre. Ezen termékeket Szállító az adott időpontban aktuális listaáron biztosítja Megrendelő részére. Ezen nettó keretösszeg az alábbi: -5. rész: 5 000 000 Ft Ahol ajánlatkérő nem határoz meg kiszerelést, azon termékeknél bármely kiszerelést elfogadja. Azon termékeknél, ahol ajánlatkérő kiszerelést meghatároz, az eltérő kiszerelés elfogadása vonatkozásában kiegészítő tájékoztatás keretében egyeztetés szükséges, ennek hiányában az eltérő kiszerelés megajánlása az ajánlat érvénytelenségét eredményezi. Ahol ajánlatkérő meghatároz minőséget, összetételt, attól eltérni csak egyenértékű minőségű termék megajánlásával lehet. Az egyenértékűség bizonyítása az ajánlattevő feladata. Amennyiben ajánlattevő nem tudja igazolni, hogy az általa megajánlott termék egyenértékű minőségű az ajánlatkérő által előírt minőséggel, úgy az adott rész tekintetében ajánlata érvénytelen lesz. Ahol ajánlatkérő konkrét gyártmányú, eredetű, típusú dologra hivatkozik, az a közbeszerzés tárgyának egyértelmű és közérthető meghatározása érdekében történik, ajánlatkérő az „azzal egyenértékű” terméket is elfogadja a 321/2015. (X. 30.) Korm. rendelet 46. § (3) bekezdése alapján. Ajánlatkérő vállalja a 100 %-os lehívási kötelezettséget.",selec-w,,,cat_0057,src_ted_opendata,file_ted_0061,lot:LOT-0001,2026-08-19
lot_00163,LOT-0008,not_0062,pro_0058,Köögivili ja puuvili,Ostetakse köögivilju ja puuvilju,selec-w,,,cat_0058,src_ted_opendata,file_ted_0062,lot:LOT-0008,2026-08-19
lot_00164,LOT-0009,not_0062,pro_0058,Kooritud kartul ja köögivili,Ostetakse kooritud kartulit ja köögivilja,selec-w,,,cat_0059,src_ted_opendata,file_ted_0062,lot:LOT-0009,2026-08-19
lot_00165,LOT-0001,not_0063,pro_0004,Pakiet 111 Świadczenie usług serwisowania aparatury medycznej,Świadczenie usług serwisowania aparatury medycznej,clos-nw,,,cat_0005,src_ted_opendata,file_ted_0063,lot:LOT-0001,2026-08-19
lot_00166,LOT-0001,not_0064,pro_0059,Location - Entretien - Relevés des compteurs d'eau et d'énergie,Location - Entretien - Relevés des compteurs d'eau et d'énergie Patrimoine de SLH,selec-w,,,cat_0061,src_ted_opendata,file_ted_0064,lot:LOT-0001,2026-08-19
lot_00167,LOT-0001,not_0065,pro_0060,Aquisição de serviços de higiene e limpeza da Escola Superior Náutica Infante D. Henrique (ENIDH) para 12 meses,Aquisição de serviços de higiene e limpeza da Escola Superior Náutica Infante D. Henrique (ENIDH) para 12 meses,selec-w,160056,EUR,cat_0062,src_ted_opendata,file_ted_0065,lot:LOT-0001,2026-08-19
lot_00168,LOT-0001,not_0066,pro_0061,1. Udzielanie świadczeń zdrowotnych w zakresie pielęgniarstwa w Oddziale Intensywnego Nadzoru Kardiologicznego. 2. Udzielanie świadczeń zdrowotnych w zakresie pielęgniarstwa w pozostałych Oddziałach Szpitala w sytuacjach wynikających z zapotrzebowania Udzielającego zamówienia.,"3.1 Przedmiotem konkursu jest wyłonienie podmiotu, któremu zostanie udzielone zamówienie na udzielanie świadczeń zdrowotnych dla osób ubezpieczonych i innych osób uprawnionych, objętych opieką Górnośląskiego Centrum Medycznego im. prof. Leszka Gieca Śląskiego Uniwersytetu Medycznego w Katowicach, ul. Ziołowa 45/47, 40-635 Katowice w następującym zakresie: 1. Udzielanie świadczeń zdrowotnych w zakresie pielęgniarstwa w Oddziale Intensywnego Nadzoru Kardiologicznego. 2. Udzielanie świadczeń zdrowotnych w zakresie pielęgniarstwa w pozostałych Oddziałach Szpitala w sytuacjach wynikających z zapotrzebowania Udzielającego zamówienia. 3.2 Świadczenia zdrowotne będą udzielane w dni powszednie, w soboty, niedziele oraz w dni wolne od pracy: - przez 12 godzin tj. od godziny 7 00 do godziny 19 00 lub od godziny 19 00 do godziny 7 00 lub przez 24 godziny tj. od godziny 7 00 do godziny 7 00 na podstawie harmonogramu sporządzonego przez Pielęgniarkę Oddziałową. Udzielający zamówienia dopuszcza możliwość rozszerzenia lub zmniejszenia ilości jednostek/komórek, w których udzielane będą świadczenia zdrowotne w przypadku utworzenia nowych jednostek/komórek lub innych zmian organizacyjnych u Udzielającego zamówienia lub/i w przypadku udzielania świadczeń zdrowotnych przez Udzielającego zamówienia na zlecenie innych podmiotów. Nazwy i kody opisujące przedmiot zamówienia określone we Wspólnym Słowniku Zamówień: CPV 85111200-2 - Medyczne usługi szpitalne CPV 85141000-9 – Usługi świadczone przez personel medyczny",selec-w,,,cat_0063,src_ted_opendata,file_ted_0066,lot:LOT-0001,2026-08-19
lot_00169,LOT-0001,not_0067,pro_0062,„Świadczenie usług pocztowych wraz z obsługą korespondencji wychodzącej dla Miejskiego Przedsiębiorstwa Wodociągów i Kanalizacji w m.st. Warszawie S.A.”,„Świadczenie usług pocztowych wraz z obsługą korespondencji wychodzącej dla Miejskiego Przedsiębiorstwa Wodociągów i Kanalizacji w m.st. Warszawie S.A.”,selec-w,,,cat_0065,src_ted_opendata,file_ted_0067,lot:LOT-0001,2026-08-19
lot_00170,LOT-0001,not_0068,pro_0063,Usługa zabezpieczenia w przenośne urządzenia sanitarne w 2025 roku,"Przedmiotem zamówienia jest usługa zabezpieczenia w przenośne urządzenia sanitarne w rejonie odpowiedzialności 25. WOG w 2025 r. Zamawiający (na podstawie art. 31 ust. 2 ustawy Pzp) przewiduje możliwość 1 wznowienia zamówienia, polegającego na powtórzeniu przedmiotu zamówienia na okres równy okresowi realizacji umowy przed wznowieniem. Poprzez wznowienie należy rozumieć wykonanie przedmiotu zamówienia w największym możliwym zakresie, tj. obejmującym zamówienie podstawowe/gwarantowane i opcjonalne. Zamawiający poinformuje pisemnie Wykonawcę, że skorzysta ze wznowienia najpóźniej jeden miesiąc przed upływem terminu obowiązywania umowy. Wykonawca zobowiązany jest złożyć w formie pisemnej oświadczenie o wyrażeniu zgodny na wznowienie zamówienia w terminie do 7 dni od dnia otrzymania informacji od Zamawiającego. W przypadku braku odpowiedzi Wykonawcy w wyżej wymienionym okresie, Zamawiający uzna, że Wykonawca nie wyraża zgody na wznowienie zamówienia. W przypadku niepoinformowania Wykonawcy w terminie, należy przyjąć, że Zamawiający nie będzie korzystał ze wznowienia. Wykonawca nie będzie miał żadnych roszczeń w stosunku do Zamawiającego, w przypadku gdy Zamawiający ze wznowienia nie skorzysta. 4. Ze względu na charakter zabezpieczanych przedsięwzięć nie jest możliwy podział zamówienia na części. Ćwiczenia i inne zadania realizowane przez żołnierzy realizowane są w wyniku rozkazów podejmowanych przez wyższych przełożonych i nie jest możliwe przewidzenie lokalizacji dla realizacji poszczególnych zadań. W związku z nieprzewidywalnością zarówno umiejscowienia, jak i liczebności wojska, które należy zaopatrzyć teren, który będzie objęty umową ograniczony jest wyłącznie rejonem odpowiedzialności 25. WOG w Białymstoku określonym w rozkazie nr Z-27/P4 Szefa Sztabu generalnego WP z dn. 28.02.2023 r. Wykonawca musi być w gotowości realizacji umowy niezależnie od lokalizacji wskazanej w zleceniu (w RO), przy czym w ramach umowy konieczne może być również przemieszczenie podstawionego zabezpieczenia do kolejnego miejsca",selec-w,,,cat_0066,src_ted_opendata,file_ted_0068,lot:LOT-0001,2026-08-19
lot_00171,LOT-0001,not_0069,pro_0064,Ausschreibung Strom Zweckverband Wasserversorgung Kurpfalz 2026ff.,"Der Zweckverband Wasserversorgung Kurpfalz, vertreten durch die Gt-service Dienstleistungsgesellschaft mbH schreibt als Vergabestelle die Lieferung von Strom - Ökostrom - an den Zweckverband Wasserversorgung Kurpfalz für dessen RLM - Abnahmestelle mit Lieferbeginn 1.1.2026 im nicht offenen Verfahren aus.",selec-w,,,cat_0037,src_ted_opendata,file_ted_0069,lot:LOT-0001,2026-08-19
lot_00172,LOT-0001,not_0070,pro_0065,"«Προμήθεια λογισμικού για την διαχείριση του κεντρικού καταλόγου χρηστών του e-ΕΦΚΑ, την κεντρική διαχείριση των συστημάτων του e-ΕΦΚΑ τα οποία αποτελούν απαραίτητο στοιχείο για την ασφάλεια των συστημάτων του e-ΕΦΚΑ»","«Προμήθεια λογισμικού για την διαχείριση του κεντρικού καταλόγου χρηστών του e-ΕΦΚΑ, την κεντρική διαχείριση των συστημάτων του e-ΕΦΚΑ τα οποία αποτελούν απαραίτητο στοιχείο για την ασφάλεια των συστημάτων του e-ΕΦΚΑ»",selec-w,4165000,EUR,cat_0067,src_ted_opendata,file_ted_0070,lot:LOT-0001,2026-08-19
lot_00173,LOT-0001,not_0071,pro_0066,"Impression et façonnage de "" Un livre pour les vacances """,Voir documents du DCE,selec-w,,,cat_0068,src_ted_opendata,file_ted_0071,lot:LOT-0001,2026-08-19
lot_00174,LOT-0001,not_0072,pro_0067,Mlijeko za ugostiteljstvo i trgovinu,"Kupnja mlijeka za ugostiteljstvo i trgovinu, a sve prema specifikaciji iz troškovnika koji je sastavni dio Dokumentacije o nabavi. Ponuđena roba mora po kakvoći i zdravstvenoj ispravnosti odgovarati svim važećim propisima Republike Hrvatske i EU te zadovoljiti tražene odredbe - uvjete iz Dokumentacije o nabavi. Roba koja je predmet ove nabave mora biti dostavljana u propisanoj i adekvatnoj namjenskoj ambalaži (transportnoj i pojedinačnoj), pakirana u zatvorenoj ambalaži s istaknutom deklaracijom proizvoda.",selec-w,93500.00,EUR,cat_0069,src_ted_opendata,file_ted_0072,lot:LOT-0001,2026-08-19
lot_00175,LOT-0002,not_0072,pro_0067,Sirevi za ugostiteljstvo i trgovinu,"Kupnja sireva za ugostiteljstvo i trgovinu, a sve prema specifikaciji iz troškovnika koji je sastavni dio Dokumentacije o nabavi. Ponuđena roba mora po kakvoći i zdravstvenoj ispravnosti odgovarati svim važećim propisima Republike Hrvatske i EU te zadovoljiti tražene odredbe - uvjete iz Dokumentacije o nabavi. Roba koja je predmet ove nabave mora biti dostavljana u propisanoj i adekvatnoj namjenskoj ambalaži (transportnoj i pojedinačnoj), pakirana u zatvorenoj ambalaži s istaknutom deklaracijom proizvoda.",selec-w,63500.00,EUR,cat_0069,src_ted_opendata,file_ted_0072,lot:LOT-0002,2026-08-19
lot_00176,LOT-0003,not_0072,pro_0067,"Mliječni proizvodi: jogurt, vrhnje i maslac","Kupnja mliječnih proizvoda za ugostiteljstvo i trgovinu, a sve prema specifikaciji iz troškovnika koji je sastavni dio Dokumentacije o nabavi. Ponuđena roba mora po kakvoći i zdravstvenoj ispravnosti odgovarati svim važećim propisima Republike Hrvatske i EU te zadovoljiti tražene odredbe - uvjete iz Dokumentacije o nabavi. Roba koja je predmet ove nabave mora biti dostavljana u propisanoj i adekvatnoj namjenskoj ambalaži (transportnoj i pojedinačnoj), pakirana u zatvorenoj ambalaži s istaknutom deklaracijom proizvoda.",selec-w,55000.00,EUR,cat_0069,src_ted_opendata,file_ted_0072,lot:LOT-0003,2026-08-19
lot_00177,LOT-0004,not_0072,pro_0067,Ostali mliječni proizvodi za trgovinu,"Kupnja ostalih mliječnih proizvoda za trgovinu, a sve prema specifikaciji iz troškovnika koji je sastavni dio Dokumentacije o nabavi. Ponuđena roba mora po kakvoći i zdravstvenoj ispravnosti odgovarati svim važećim propisima Republike Hrvatske i EU te zadovoljiti tražene odredbe - uvjete iz Dokumentacije o nabavi. Roba koja je predmet ove nabave mora biti dostavljana u propisanoj i adekvatnoj namjenskoj ambalaži (transportnoj i pojedinačnoj), pakirana u zatvorenoj ambalaži s istaknutom deklaracijom proizvoda.",selec-w,56500.00,EUR,cat_0069,src_ted_opendata,file_ted_0072,lot:LOT-0004,2026-08-19
lot_00178,LOT-0005,not_0072,pro_0067,Sirevi za pizze i tjestenine,"Kupnja sireva za pizze i tjestenine, a sve prema specifikaciji iz troškovnika koji je sastavni dio Dokumentacije o nabavi. Ponuđena roba mora po kakvoći i zdravstvenoj ispravnosti odgovarati svim važećim propisima Republike Hrvatske i EU te zadovoljiti tražene odredbe - uvjete iz Dokumentacije o nabavi. Roba koja je predmet ove nabave mora biti dostavljana u propisanoj i adekvatnoj namjenskoj ambalaži (transportnoj i pojedinačnoj), pakirana u zatvorenoj ambalaži s istaknutom deklaracijom proizvoda.",selec-w,31500.00,EUR,cat_0069,src_ted_opendata,file_ted_0072,lot:LOT-0005,2026-08-19
lot_00179,LOT-0001,not_0073,pro_0068,Aanstelling externe dienst voor technische controle (EDTC),Aanstelling externe dienst voor technische controle (EDTC),selec-w,,,cat_0070,src_ted_opendata,file_ted_0073,lot:LOT-0001,2026-08-19
lot_00180,LOT-0001,not_0074,pro_0069,"Pain Bio - Secteur de Lille, Loos, Villeneuve d’Ascq","Fourniture de Pain Bio - Secteur de Lille, Loos, Villeneuve d’Ascq",selec-w,,,cat_0071,src_ted_opendata,file_ted_0074,lot:LOT-0001,2026-08-19
lot_00181,LOT-0002,not_0074,pro_0069,Pain sandwich et baguette – Secteur de Loos et Villeneuve d’Ascq (UCA),Fourniture de pain sandwich et baguette – Secteur de Loos et Villeneuve d’Ascq (UCA),selec-w,,,cat_0071,src_ted_opendata,file_ted_0074,lot:LOT-0002,2026-08-19
lot_00182,LOT-0003,not_0074,pro_0069,"Pain bio, pain sandwich et baguette – Secteur d'Arras","Fourniture de pain bio, pain sandwich et baguette – Secteur d'Arras",selec-w,,,cat_0071,src_ted_opendata,file_ted_0074,lot:LOT-0003,2026-08-19
lot_00183,LOT-0004,not_0074,pro_0069,"Pain bio, pain sandwich et baguette – Secteur de Béthune","Fourniture de pain bio, pain sandwich et baguette – Secteur de Béthune",selec-w,,,cat_0071,src_ted_opendata,file_ted_0074,lot:LOT-0004,2026-08-19
lot_00184,LOT-0005,not_0074,pro_0069,Pain bio et baguette – Secteur de Boulogne sur mer,Fourniture de pain bio et baguette – Secteur de Boulogne sur mer,selec-w,,,cat_0071,src_ted_opendata,file_ted_0074,lot:LOT-0005,2026-08-19
lot_00185,LOT-0006,not_0074,pro_0069,Pain bio et pain sandwich – Secteur de Calais,Fourniture de pain bio et pain sandwich – Secteur de Calais,selec-w,,,cat_0071,src_ted_opendata,file_ted_0074,lot:LOT-0006,2026-08-19
lot_00186,LOT-0007,not_0074,pro_0069,Pain bio – Secteur de Cambrai,Fourniture de pain bio – Secteur de Cambrai,selec-w,,,cat_0071,src_ted_opendata,file_ted_0074,lot:LOT-0007,2026-08-19
lot_00187,LOT-0008,not_0074,pro_0069,Pain bio – Secteur de Douai,Fourniture de pain bio – Secteur de Douai,selec-w,,,cat_0071,src_ted_opendata,file_ted_0074,lot:LOT-0008,2026-08-19
lot_00188,LOT-0009,not_0074,pro_0069,"Pain bio, pain sandwich et baguette – Secteur de Dunkerque","Fourniture de pain bio, pain sandwich et baguette – Secteur de Dunkerque",selec-w,,,cat_0071,src_ted_opendata,file_ted_0074,lot:LOT-0009,2026-08-19
lot_00189,LOT-0010,not_0074,pro_0069,"Pain bio, pain sandwich et baguette – Secteur de Lens","Fourniture de pain bio, pain sandwich et baguette – Secteur de Lens",selec-w,,,cat_0071,src_ted_opendata,file_ted_0074,lot:LOT-0010,2026-08-19
lot_00190,LOT-0011,not_0074,pro_0069,Pain bio – Secteur de Longuenesse,Fourniture de pain bio – Secteur de Longuenesse,selec-w,,,cat_0071,src_ted_opendata,file_ted_0074,lot:LOT-0011,2026-08-19
lot_00191,LOT-0012,not_0074,pro_0069,Pain bio – Secteur de Valenciennes,Fourniture de pain bio – Secteur de Valenciennes,selec-w,,,cat_0071,src_ted_opendata,file_ted_0074,lot:LOT-0012,2026-08-19
lot_00192,LOT-0013,not_0074,pro_0069,Pain sandwich et baguette – Secteur de Valenciennes,Fourniture de pain sandwich et baguette – Secteur de Valenciennes,selec-w,,,cat_0071,src_ted_opendata,file_ted_0074,lot:LOT-0013,2026-08-19
lot_00193,LOT-0001,not_0075,pro_0070,Emajõe ja Koiva jõe ühisstrateegia ja tegevuskava koostamine projekti „River Networks“ raames,Emajõe ja Koiva jõe ühisstrateegia ja tegevuskava koostamine projekti „River Networks“ projekti (nr EE-LV00048) partneriteks on Tartumaa Arendusselts (Tartu County Development Association) ning NGO SEA Land (Biedriba „Juras Zeme“).,clos-nw,,,cat_0072,src_ted_opendata,file_ted_0075,lot:LOT-0001,2026-08-19
lot_00194,LOT-0002,not_0075,pro_0070,Võrtsjärve-Emajõe-Peipsi piirkonna ja võrgustiku tegevust suunava strateegia ja tegevuskava koostamine projekti „Võrtsjärve-Emajõe-Peipsi võrgustiku ja veetee arendamine“ raames.,"„Võrtsjärve-Emajõe-Peipsi võrgustiku ja veetee arendamine ühisstrateegia ja tegevuskava koostamine“ projekti (nr 2021-2027.5.02.23-0213) partneriteks on Tartumaa Omavalitsuste Liit, Viljandimaa Omavalitsuste Liit, Tartumaa Arendusselts, Elva vallavalitsus, Luunja vallavalitsus, Peipsääre vallavalitsus, Viljandi vallavalitsus, Võrtsjärve Sõprade Selts, SA Luunja Jõesadam, Pedajased Paadimehed OÜ, Luunja Vabatahtlik Jõepääste OÜ, Võrtsjärve Vabatahtlik Järvepääste MTÜ.",clos-nw,,,cat_0072,src_ted_opendata,file_ted_0075,lot:LOT-0002,2026-08-19
lot_00195,LOT-0001,not_0076,pro_0071,Część 5 – GPR 2025 - bezpośredni pomiarów ruchu drogowego na odcinkach pomiarowych dróg krajowych obejmujących Rejon w Lesku,"Przedmiotem zamówienia jest przeprowadzenie w ramach Generalnego Pomiaru Ruchu 2025 (GPR 2025), bezpośrednich pomiarów ruchu drogowego na odcinkach pomiarowych dróg krajowych administrowanych przez Generalną Dyrekcję Dróg Krajowych i Autostrad Oddział w Rzeszowie. GPR 2025 będzie przeprowadzony zgodnie z „Wytycznymi organizacji i przeprowadzenia Generalnego Pomiaru Ruchu w 2025 roku na drogach krajowych”. Szczegółowy opis przedmiotu zamówienia zawiera Tom III – Opis przedmiotu zamówienia wraz z Wytycznymi organizacji i przeprowadzenia generalnego pomiaru ruchu w 2025 roku na drogach krajowych. Przedmiot zamówienia został podzielony na następujące części: Część 5 – GPR 2025 - bezpośredni pomiarów ruchu drogowego na odcinkach pomiarowych dróg krajowych obejmujących Rejon w Lesku; Wartość zamówienia powyżej 143 000 EUR. Zamawiający nie zastrzega obowiązku osobistego wykonania przez Wykonawcę kluczowych zadań.",selec-w,,,cat_0073,src_ted_opendata,file_ted_0076,lot:LOT-0001,2026-08-19
lot_00196,LOT-0041,not_0077,pro_0072,Zad. 41 – Sterylny zestaw do zabiegów udrożnienia – B. O. O. Chirurgii,"3.3. Wymagania Zamawiającego dotyczące przedmiotu zamówienia: 1) oferowany wyrób medyczny musi posiadać atesty, certyfikaty i być zarejestrowany zgodnie z przepisami prawa wymagającymi posiadania atestów, certyfikatów oraz rejestracji, 2) oferowany wyrób medyczny musi być wprowadzony do obrotu i używania zgodnie z wymaganiami ustawy z dnia 7 kwietnia 2022 r. o wyrobach medycznych (Dz. U. z 2022 r., poz. 974 z późn. zm.), 3) oferowany wyrób medyczny musi odpowiadać normom lub specyfikacjom technicznym obowiązującym dla tego wyrobu; W przypadku, gdyby oferowany wyrób medyczny nie wymagał zgłoszenia do Prezesa Urzędu Rejestracji Produktów Leczniczych, Wyrobów Medycznych i Produktów Biobójczych Wykonawca zobowiązany jest do wykonania na własny koszt i we własnym zakresie wszelkich czynności niezbędnych do wypełnienia wszystkich wymogów prawa związanych z wprowadzeniem wyrobu do obrotu i używania na terenie Rzeczypospolitej Polskiej. Wykonawca zobowiązany jest wykonać takie czynności w terminach wynikających z obowiązujących przepisów oraz dostarczyć Zamawiającemu w tych terminach stosowne dokumenty potwierdzające wykonanie takich czynności. 3.4. W przypadkach, kiedy w opisie przedmiotu zamówienia wskazane zostały znaki towarowe, patenty lub pochodzenie, źródło lub szczególny proces, który charakteryzuje określone produkty lub usługi dostarczane przez konkretnego wykonawcę, oznacza to, że Zamawiający nie może opisać przedmiotu zamówienia w wystarczająco precyzyjny i zrozumiały sposób, jednakże w każdej takiej sytuacji Zamawiający dopuszcza rozwiązanie równoważne do opisanych w powyższy sposób. W takich sytuacjach ewentualne wskazania na znaki towarowe, patenty, pochodzenie, źródło lub szczególny proces, który charakteryzuje określone produkty lub usługi dostarczane przez konkretnego wykonawcę należy odczytywać łącznie z wyrazami „lub równoważne”. Opisując przedmiot zamówienia przez odniesienie do norm, ocen technicznych, specyfikacji technicznych i systemów referencji technicznych, o których mowa w art. 101 ust. 1 pkt 2 oraz ust. 3, Zamawiający dopuszcza rozwiązania równoważne opisywanym W takich sytuacjach ewentualne wskazania należy odczytywać łącznie z wyrazami „lub równoważne”. 3.5. Zamawiający wymaga realizacji przedmiotu zamówienia na zasadach określonych w umowie. Projektowane postanowienia umowy w sprawie zamówienia publicznego, które zostaną wprowadzone do umowy stanowią załączniki do SWZ. 3.6. Zamawiający zastrzega sobie prawo do wezwania Wykonawców w przypadku jakichkolwiek wątpliwości, do złożenia próbek oferowanego asortymentu w celu weryfikacji jego zgodności z opisami zawartymi w SWZ. Nie złożenie wymaganego próbek lub złożenie próbek niespełniających wymagań określonych w SWZ spowoduje odrzucenie oferty na podstawie art. 226 ust. 1 pkt 5 Ustawy Pzp. 20. INFORMACJA O PRZEWIDYWANYCH ZAMÓWIENIACH, O KTÓRYCH MOWA W ART. 214 UST. 1 PKT 7 I 8, JEŻELI ZAMAWIAJĄCY PRZEWIDUJE UDZIELANIE TAKICH ZAMÓWIEŃ Zamawiający nie przewiduje udzielania zamówień, o których mowa w art. 214 ust. 1 pkt 7 ustawy Pzp. Zamawiający nie przewiduje udzielania zamówień, o których mowa w art. 214 ust. 1 pkt 8 ustawy Pzp. OPIS KRYTERIÓW, KTÓRYMI ZAMAWIAJĄCY BĘDZIE SIĘ KIEROWAŁ PRZY WYBORZE OFERTY, WRAZ Z PODANIEM WAG TYCH KRYTERIÓW I SPOSOBU OCENY OFERT 13.1. Ocena ofert zostanie przeprowadzona na podstawie kryteriów określonych w SWZ oraz ich wag. Oferty oceniane będą punktowo odrębnie w odniesieniu do poszczególnych Zadań. W trakcie oceny ofert kolejno rozpatrywanym i ocenianym ofertom przyznawane są punkty za poniższe kryteria według następujących zasad: W odniesieniu do wszystkich zadań: KRYTERIUM CENA waga: 80 % (Pn) KRYTERIUM TERMIN WYKONANIA ZAMÓWIENIA CZĄSTKOWEGO waga: 20 % (Tn)",selec-w,,,cat_0074,src_ted_opendata,file_ted_0077,lot:LOT-0041,2026-08-19
lot_00197,LOT-0042,not_0077,pro_0072,Zad. 42 – Sterylny zestaw do zabiegów by pass udowo podkolanowy – B. O. O. Chirurgii,"3.3. Wymagania Zamawiającego dotyczące przedmiotu zamówienia: 1) oferowany wyrób medyczny musi posiadać atesty, certyfikaty i być zarejestrowany zgodnie z przepisami prawa wymagającymi posiadania atestów, certyfikatów oraz rejestracji, 2) oferowany wyrób medyczny musi być wprowadzony do obrotu i używania zgodnie z wymaganiami ustawy z dnia 7 kwietnia 2022 r. o wyrobach medycznych (Dz. U. z 2022 r., poz. 974 z późn. zm.), 3) oferowany wyrób medyczny musi odpowiadać normom lub specyfikacjom technicznym obowiązującym dla tego wyrobu; W przypadku, gdyby oferowany wyrób medyczny nie wymagał zgłoszenia do Prezesa Urzędu Rejestracji Produktów Leczniczych, Wyrobów Medycznych i Produktów Biobójczych Wykonawca zobowiązany jest do wykonania na własny koszt i we własnym zakresie wszelkich czynności niezbędnych do wypełnienia wszystkich wymogów prawa związanych z wprowadzeniem wyrobu do obrotu i używania na terenie Rzeczypospolitej Polskiej. Wykonawca zobowiązany jest wykonać takie czynności w terminach wynikających z obowiązujących przepisów oraz dostarczyć Zamawiającemu w tych terminach stosowne dokumenty potwierdzające wykonanie takich czynności. 3.4. W przypadkach, kiedy w opisie przedmiotu zamówienia wskazane zostały znaki towarowe, patenty lub pochodzenie, źródło lub szczególny proces, który charakteryzuje określone produkty lub usługi dostarczane przez konkretnego wykonawcę, oznacza to, że Zamawiający nie może opisać przedmiotu zamówienia w wystarczająco precyzyjny i zrozumiały sposób, jednakże w każdej takiej sytuacji Zamawiający dopuszcza rozwiązanie równoważne do opisanych w powyższy sposób. W takich sytuacjach ewentualne wskazania na znaki towarowe, patenty, pochodzenie, źródło lub szczególny proces, który charakteryzuje określone produkty lub usługi dostarczane przez konkretnego wykonawcę należy odczytywać łącznie z wyrazami „lub równoważne”. Opisując przedmiot zamówienia przez odniesienie do norm, ocen technicznych, specyfikacji technicznych i systemów referencji technicznych, o których mowa w art. 101 ust. 1 pkt 2 oraz ust. 3, Zamawiający dopuszcza rozwiązania równoważne opisywanym W takich sytuacjach ewentualne wskazania należy odczytywać łącznie z wyrazami „lub równoważne”. 3.5. Zamawiający wymaga realizacji przedmiotu zamówienia na zasadach określonych w umowie. Projektowane postanowienia umowy w sprawie zamówienia publicznego, które zostaną wprowadzone do umowy stanowią załączniki do SWZ. 3.6. Zamawiający zastrzega sobie prawo do wezwania Wykonawców w przypadku jakichkolwiek wątpliwości, do złożenia próbek oferowanego asortymentu w celu weryfikacji jego zgodności z opisami zawartymi w SWZ. Nie złożenie wymaganego próbek lub złożenie próbek niespełniających wymagań określonych w SWZ spowoduje odrzucenie oferty na podstawie art. 226 ust. 1 pkt 5 Ustawy Pzp. 20. INFORMACJA O PRZEWIDYWANYCH ZAMÓWIENIACH, O KTÓRYCH MOWA W ART. 214 UST. 1 PKT 7 I 8, JEŻELI ZAMAWIAJĄCY PRZEWIDUJE UDZIELANIE TAKICH ZAMÓWIEŃ Zamawiający nie przewiduje udzielania zamówień, o których mowa w art. 214 ust. 1 pkt 7 ustawy Pzp. Zamawiający nie przewiduje udzielania zamówień, o których mowa w art. 214 ust. 1 pkt 8 ustawy Pzp. OPIS KRYTERIÓW, KTÓRYMI ZAMAWIAJĄCY BĘDZIE SIĘ KIEROWAŁ PRZY WYBORZE OFERTY, WRAZ Z PODANIEM WAG TYCH KRYTERIÓW I SPOSOBU OCENY OFERT 13.1. Ocena ofert zostanie przeprowadzona na podstawie kryteriów określonych w SWZ oraz ich wag. Oferty oceniane będą punktowo odrębnie w odniesieniu do poszczególnych Zadań. W trakcie oceny ofert kolejno rozpatrywanym i ocenianym ofertom przyznawane są punkty za poniższe kryteria według następujących zasad: W odniesieniu do wszystkich zadań: KRYTERIUM CENA waga: 80 % (Pn) KRYTERIUM TERMIN WYKONANIA ZAMÓWIENIA CZĄSTKOWEGO waga: 20 % (Tn)",selec-w,,,cat_0074,src_ted_opendata,file_ted_0077,lot:LOT-0042,2026-08-19
lot_00198,LOT-0043,not_0077,pro_0072,Zad. 43 – Sterylny zestaw do zabiegów w okolicy szyi – B. O. O. Chirurgii,"3.3. Wymagania Zamawiającego dotyczące przedmiotu zamówienia: 1) oferowany wyrób medyczny musi posiadać atesty, certyfikaty i być zarejestrowany zgodnie z przepisami prawa wymagającymi posiadania atestów, certyfikatów oraz rejestracji, 2) oferowany wyrób medyczny musi być wprowadzony do obrotu i używania zgodnie z wymaganiami ustawy z dnia 7 kwietnia 2022 r. o wyrobach medycznych (Dz. U. z 2022 r., poz. 974 z późn. zm.), 3) oferowany wyrób medyczny musi odpowiadać normom lub specyfikacjom technicznym obowiązującym dla tego wyrobu; W przypadku, gdyby oferowany wyrób medyczny nie wymagał zgłoszenia do Prezesa Urzędu Rejestracji Produktów Leczniczych, Wyrobów Medycznych i Produktów Biobójczych Wykonawca zobowiązany jest do wykonania na własny koszt i we własnym zakresie wszelkich czynności niezbędnych do wypełnienia wszystkich wymogów prawa związanych z wprowadzeniem wyrobu do obrotu i używania na terenie Rzeczypospolitej Polskiej. Wykonawca zobowiązany jest wykonać takie czynności w terminach wynikających z obowiązujących przepisów oraz dostarczyć Zamawiającemu w tych terminach stosowne dokumenty potwierdzające wykonanie takich czynności. 3.4. W przypadkach, kiedy w opisie przedmiotu zamówienia wskazane zostały znaki towarowe, patenty lub pochodzenie, źródło lub szczególny proces, który charakteryzuje określone produkty lub usługi dostarczane przez konkretnego wykonawcę, oznacza to, że Zamawiający nie może opisać przedmiotu zamówienia w wystarczająco precyzyjny i zrozumiały sposób, jednakże w każdej takiej sytuacji Zamawiający dopuszcza rozwiązanie równoważne do opisanych w powyższy sposób. W takich sytuacjach ewentualne wskazania na znaki towarowe, patenty, pochodzenie, źródło lub szczególny proces, który charakteryzuje określone produkty lub usługi dostarczane przez konkretnego wykonawcę należy odczytywać łącznie z wyrazami „lub równoważne”. Opisując przedmiot zamówienia przez odniesienie do norm, ocen technicznych, specyfikacji technicznych i systemów referencji technicznych, o których mowa w art. 101 ust. 1 pkt 2 oraz ust. 3, Zamawiający dopuszcza rozwiązania równoważne opisywanym W takich sytuacjach ewentualne wskazania należy odczytywać łącznie z wyrazami „lub równoważne”. 3.5. Zamawiający wymaga realizacji przedmiotu zamówienia na zasadach określonych w umowie. Projektowane postanowienia umowy w sprawie zamówienia publicznego, które zostaną wprowadzone do umowy stanowią załączniki do SWZ. 3.6. Zamawiający zastrzega sobie prawo do wezwania Wykonawców w przypadku jakichkolwiek wątpliwości, do złożenia próbek oferowanego asortymentu w celu weryfikacji jego zgodności z opisami zawartymi w SWZ. Nie złożenie wymaganego próbek lub złożenie próbek niespełniających wymagań określonych w SWZ spowoduje odrzucenie oferty na podstawie art. 226 ust. 1 pkt 5 Ustawy Pzp. 20. INFORMACJA O PRZEWIDYWANYCH ZAMÓWIENIACH, O KTÓRYCH MOWA W ART. 214 UST. 1 PKT 7 I 8, JEŻELI ZAMAWIAJĄCY PRZEWIDUJE UDZIELANIE TAKICH ZAMÓWIEŃ Zamawiający nie przewiduje udzielania zamówień, o których mowa w art. 214 ust. 1 pkt 7 ustawy Pzp. Zamawiający nie przewiduje udzielania zamówień, o których mowa w art. 214 ust. 1 pkt 8 ustawy Pzp. OPIS KRYTERIÓW, KTÓRYMI ZAMAWIAJĄCY BĘDZIE SIĘ KIEROWAŁ PRZY WYBORZE OFERTY, WRAZ Z PODANIEM WAG TYCH KRYTERIÓW I SPOSOBU OCENY OFERT 13.1. Ocena ofert zostanie przeprowadzona na podstawie kryteriów określonych w SWZ oraz ich wag. Oferty oceniane będą punktowo odrębnie w odniesieniu do poszczególnych Zadań. W trakcie oceny ofert kolejno rozpatrywanym i ocenianym ofertom przyznawane są punkty za poniższe kryteria według następujących zasad: W odniesieniu do wszystkich zadań: KRYTERIUM CENA waga: 80 % (Pn) KRYTERIUM TERMIN WYKONANIA ZAMÓWIENIA CZĄSTKOWEGO waga: 20 % (Tn)",selec-w,,,cat_0074,src_ted_opendata,file_ted_0077,lot:LOT-0043,2026-08-19
lot_00199,LOT-0044,not_0077,pro_0072,Zad. 44 – Sterylny zestaw do zabiegu aortalno dwu udowego – B. O. O. Chirurgii,"3.3. Wymagania Zamawiającego dotyczące przedmiotu zamówienia: 1) oferowany wyrób medyczny musi posiadać atesty, certyfikaty i być zarejestrowany zgodnie z przepisami prawa wymagającymi posiadania atestów, certyfikatów oraz rejestracji, 2) oferowany wyrób medyczny musi być wprowadzony do obrotu i używania zgodnie z wymaganiami ustawy z dnia 7 kwietnia 2022 r. o wyrobach medycznych (Dz. U. z 2022 r., poz. 974 z późn. zm.), 3) oferowany wyrób medyczny musi odpowiadać normom lub specyfikacjom technicznym obowiązującym dla tego wyrobu; W przypadku, gdyby oferowany wyrób medyczny nie wymagał zgłoszenia do Prezesa Urzędu Rejestracji Produktów Leczniczych, Wyrobów Medycznych i Produktów Biobójczych Wykonawca zobowiązany jest do wykonania na własny koszt i we własnym zakresie wszelkich czynności niezbędnych do wypełnienia wszystkich wymogów prawa związanych z wprowadzeniem wyrobu do obrotu i używania na terenie Rzeczypospolitej Polskiej. Wykonawca zobowiązany jest wykonać takie czynności w terminach wynikających z obowiązujących przepisów oraz dostarczyć Zamawiającemu w tych terminach stosowne dokumenty potwierdzające wykonanie takich czynności. 3.4. W przypadkach, kiedy w opisie przedmiotu zamówienia wskazane zostały znaki towarowe, patenty lub pochodzenie, źródło lub szczególny proces, który charakteryzuje określone produkty lub usługi dostarczane przez konkretnego wykonawcę, oznacza to, że Zamawiający nie może opisać przedmiotu zamówienia w wystarczająco precyzyjny i zrozumiały sposób, jednakże w każdej takiej sytuacji Zamawiający dopuszcza rozwiązanie równoważne do opisanych w powyższy sposób. W takich sytuacjach ewentualne wskazania na znaki towarowe, patenty, pochodzenie, źródło lub szczególny proces, który charakteryzuje określone produkty lub usługi dostarczane przez konkretnego wykonawcę należy odczytywać łącznie z wyrazami „lub równoważne”. Opisując przedmiot zamówienia przez odniesienie do norm, ocen technicznych, specyfikacji technicznych i systemów referencji technicznych, o których mowa w art. 101 ust. 1 pkt 2 oraz ust. 3, Zamawiający dopuszcza rozwiązania równoważne opisywanym W takich sytuacjach ewentualne wskazania należy odczytywać łącznie z wyrazami „lub równoważne”. 3.5. Zamawiający wymaga realizacji przedmiotu zamówienia na zasadach określonych w umowie. Projektowane postanowienia umowy w sprawie zamówienia publicznego, które zostaną wprowadzone do umowy stanowią załączniki do SWZ. 3.6. Zamawiający zastrzega sobie prawo do wezwania Wykonawców w przypadku jakichkolwiek wątpliwości, do złożenia próbek oferowanego asortymentu w celu weryfikacji jego zgodności z opisami zawartymi w SWZ. Nie złożenie wymaganego próbek lub złożenie próbek niespełniających wymagań określonych w SWZ spowoduje odrzucenie oferty na podstawie art. 226 ust. 1 pkt 5 Ustawy Pzp. 20. INFORMACJA O PRZEWIDYWANYCH ZAMÓWIENIACH, O KTÓRYCH MOWA W ART. 214 UST. 1 PKT 7 I 8, JEŻELI ZAMAWIAJĄCY PRZEWIDUJE UDZIELANIE TAKICH ZAMÓWIEŃ Zamawiający nie przewiduje udzielania zamówień, o których mowa w art. 214 ust. 1 pkt 7 ustawy Pzp. Zamawiający nie przewiduje udzielania zamówień, o których mowa w art. 214 ust. 1 pkt 8 ustawy Pzp. OPIS KRYTERIÓW, KTÓRYMI ZAMAWIAJĄCY BĘDZIE SIĘ KIEROWAŁ PRZY WYBORZE OFERTY, WRAZ Z PODANIEM WAG TYCH KRYTERIÓW I SPOSOBU OCENY OFERT 13.1. Ocena ofert zostanie przeprowadzona na podstawie kryteriów określonych w SWZ oraz ich wag. Oferty oceniane będą punktowo odrębnie w odniesieniu do poszczególnych Zadań. W trakcie oceny ofert kolejno rozpatrywanym i ocenianym ofertom przyznawane są punkty za poniższe kryteria według następujących zasad: W odniesieniu do wszystkich zadań: KRYTERIUM CENA waga: 80 % (Pn) KRYTERIUM TERMIN WYKONANIA ZAMÓWIENIA CZĄSTKOWEGO waga: 20 % (Tn)",selec-w,,,cat_0074,src_ted_opendata,file_ted_0077,lot:LOT-0044,2026-08-19
lot_00200,LOT-0045,not_0077,pro_0072,Zad. 45 – Sterylny zestaw do zabiegów chirurgicznych CHUSTY – B. O. O. Chirurgii,"3.3. Wymagania Zamawiającego dotyczące przedmiotu zamówienia: 1) oferowany wyrób medyczny musi posiadać atesty, certyfikaty i być zarejestrowany zgodnie z przepisami prawa wymagającymi posiadania atestów, certyfikatów oraz rejestracji, 2) oferowany wyrób medyczny musi być wprowadzony do obrotu i używania zgodnie z wymaganiami ustawy z dnia 7 kwietnia 2022 r. o wyrobach medycznych (Dz. U. z 2022 r., poz. 974 z późn. zm.), 3) oferowany wyrób medyczny musi odpowiadać normom lub specyfikacjom technicznym obowiązującym dla tego wyrobu; W przypadku, gdyby oferowany wyrób medyczny nie wymagał zgłoszenia do Prezesa Urzędu Rejestracji Produktów Leczniczych, Wyrobów Medycznych i Produktów Biobójczych Wykonawca zobowiązany jest do wykonania na własny koszt i we własnym zakresie wszelkich czynności niezbędnych do wypełnienia wszystkich wymogów prawa związanych z wprowadzeniem wyrobu do obrotu i używania na terenie Rzeczypospolitej Polskiej. Wykonawca zobowiązany jest wykonać takie czynności w terminach wynikających z obowiązujących przepisów oraz dostarczyć Zamawiającemu w tych terminach stosowne dokumenty potwierdzające wykonanie takich czynności. 3.4. W przypadkach, kiedy w opisie przedmiotu zamówienia wskazane zostały znaki towarowe, patenty lub pochodzenie, źródło lub szczególny proces, który charakteryzuje określone produkty lub usługi dostarczane przez konkretnego wykonawcę, oznacza to, że Zamawiający nie może opisać przedmiotu zamówienia w wystarczająco precyzyjny i zrozumiały sposób, jednakże w każdej takiej sytuacji Zamawiający dopuszcza rozwiązanie równoważne do opisanych w powyższy sposób. W takich sytuacjach ewentualne wskazania na znaki towarowe, patenty, pochodzenie, źródło lub szczególny proces, który charakteryzuje określone produkty lub usługi dostarczane przez konkretnego wykonawcę należy odczytywać łącznie z wyrazami „lub równoważne”. Opisując przedmiot zamówienia przez odniesienie do norm, ocen technicznych, specyfikacji technicznych i systemów referencji technicznych, o których mowa w art. 101 ust. 1 pkt 2 oraz ust. 3, Zamawiający dopuszcza rozwiązania równoważne opisywanym W takich sytuacjach ewentualne wskazania należy odczytywać łącznie z wyrazami „lub równoważne”. 3.5. Zamawiający wymaga realizacji przedmiotu zamówienia na zasadach określonych w umowie. Projektowane postanowienia umowy w sprawie zamówienia publicznego, które zostaną wprowadzone do umowy stanowią załączniki do SWZ. 3.6. Zamawiający zastrzega sobie prawo do wezwania Wykonawców w przypadku jakichkolwiek wątpliwości, do złożenia próbek oferowanego asortymentu w celu weryfikacji jego zgodności z opisami zawartymi w SWZ. Nie złożenie wymaganego próbek lub złożenie próbek niespełniających wymagań określonych w SWZ spowoduje odrzucenie oferty na podstawie art. 226 ust. 1 pkt 5 Ustawy Pzp. 20. INFORMACJA O PRZEWIDYWANYCH ZAMÓWIENIACH, O KTÓRYCH MOWA W ART. 214 UST. 1 PKT 7 I 8, JEŻELI ZAMAWIAJĄCY PRZEWIDUJE UDZIELANIE TAKICH ZAMÓWIEŃ Zamawiający nie przewiduje udzielania zamówień, o których mowa w art. 214 ust. 1 pkt 7 ustawy Pzp. Zamawiający nie przewiduje udzielania zamówień, o których mowa w art. 214 ust. 1 pkt 8 ustawy Pzp. OPIS KRYTERIÓW, KTÓRYMI ZAMAWIAJĄCY BĘDZIE SIĘ KIEROWAŁ PRZY WYBORZE OFERTY, WRAZ Z PODANIEM WAG TYCH KRYTERIÓW I SPOSOBU OCENY OFERT 13.1. Ocena ofert zostanie przeprowadzona na podstawie kryteriów określonych w SWZ oraz ich wag. Oferty oceniane będą punktowo odrębnie w odniesieniu do poszczególnych Zadań. W trakcie oceny ofert kolejno rozpatrywanym i ocenianym ofertom przyznawane są punkty za poniższe kryteria według następujących zasad: W odniesieniu do wszystkich zadań: KRYTERIUM CENA waga: 80 % (Pn) KRYTERIUM TERMIN WYKONANIA ZAMÓWIENIA CZĄSTKOWEGO waga: 20 % (Tn)",selec-w,,,cat_0074,src_ted_opendata,file_ted_0077,lot:LOT-0045,2026-08-19
lot_00201,LOT-0047,not_0077,pro_0072,Zad. 47 – Zestaw do laparoskopii – B. O. O. Chirurgii,"3.3. Wymagania Zamawiającego dotyczące przedmiotu zamówienia: 1) oferowany wyrób medyczny musi posiadać atesty, certyfikaty i być zarejestrowany zgodnie z przepisami prawa wymagającymi posiadania atestów, certyfikatów oraz rejestracji, 2) oferowany wyrób medyczny musi być wprowadzony do obrotu i używania zgodnie z wymaganiami ustawy z dnia 7 kwietnia 2022 r. o wyrobach medycznych (Dz. U. z 2022 r., poz. 974 z późn. zm.), 3) oferowany wyrób medyczny musi odpowiadać normom lub specyfikacjom technicznym obowiązującym dla tego wyrobu; W przypadku, gdyby oferowany wyrób medyczny nie wymagał zgłoszenia do Prezesa Urzędu Rejestracji Produktów Leczniczych, Wyrobów Medycznych i Produktów Biobójczych Wykonawca zobowiązany jest do wykonania na własny koszt i we własnym zakresie wszelkich czynności niezbędnych do wypełnienia wszystkich wymogów prawa związanych z wprowadzeniem wyrobu do obrotu i używania na terenie Rzeczypospolitej Polskiej. Wykonawca zobowiązany jest wykonać takie czynności w terminach wynikających z obowiązujących przepisów oraz dostarczyć Zamawiającemu w tych terminach stosowne dokumenty potwierdzające wykonanie takich czynności. 3.4. W przypadkach, kiedy w opisie przedmiotu zamówienia wskazane zostały znaki towarowe, patenty lub pochodzenie, źródło lub szczególny proces, który charakteryzuje określone produkty lub usługi dostarczane przez konkretnego wykonawcę, oznacza to, że Zamawiający nie może opisać przedmiotu zamówienia w wystarczająco precyzyjny i zrozumiały sposób, jednakże w każdej takiej sytuacji Zamawiający dopuszcza rozwiązanie równoważne do opisanych w powyższy sposób. W takich sytuacjach ewentualne wskazania na znaki towarowe, patenty, pochodzenie, źródło lub szczególny proces, który charakteryzuje określone produkty lub usługi dostarczane przez konkretnego wykonawcę należy odczytywać łącznie z wyrazami „lub równoważne”. Opisując przedmiot zamówienia przez odniesienie do norm, ocen technicznych, specyfikacji technicznych i systemów referencji technicznych, o których mowa w art. 101 ust. 1 pkt 2 oraz ust. 3, Zamawiający dopuszcza rozwiązania równoważne opisywanym W takich sytuacjach ewentualne wskazania należy odczytywać łącznie z wyrazami „lub równoważne”. 3.5. Zamawiający wymaga realizacji przedmiotu zamówienia na zasadach określonych w umowie. Projektowane postanowienia umowy w sprawie zamówienia publicznego, które zostaną wprowadzone do umowy stanowią załączniki do SWZ. 3.6. Zamawiający zastrzega sobie prawo do wezwania Wykonawców w przypadku jakichkolwiek wątpliwości, do złożenia próbek oferowanego asortymentu w celu weryfikacji jego zgodności z opisami zawartymi w SWZ. Nie złożenie wymaganego próbek lub złożenie próbek niespełniających wymagań określonych w SWZ spowoduje odrzucenie oferty na podstawie art. 226 ust. 1 pkt 5 Ustawy Pzp. 20. INFORMACJA O PRZEWIDYWANYCH ZAMÓWIENIACH, O KTÓRYCH MOWA W ART. 214 UST. 1 PKT 7 I 8, JEŻELI ZAMAWIAJĄCY PRZEWIDUJE UDZIELANIE TAKICH ZAMÓWIEŃ Zamawiający nie przewiduje udzielania zamówień, o których mowa w art. 214 ust. 1 pkt 7 ustawy Pzp. Zamawiający nie przewiduje udzielania zamówień, o których mowa w art. 214 ust. 1 pkt 8 ustawy Pzp. OPIS KRYTERIÓW, KTÓRYMI ZAMAWIAJĄCY BĘDZIE SIĘ KIEROWAŁ PRZY WYBORZE OFERTY, WRAZ Z PODANIEM WAG TYCH KRYTERIÓW I SPOSOBU OCENY OFERT 13.1. Ocena ofert zostanie przeprowadzona na podstawie kryteriów określonych w SWZ oraz ich wag. Oferty oceniane będą punktowo odrębnie w odniesieniu do poszczególnych Zadań. W trakcie oceny ofert kolejno rozpatrywanym i ocenianym ofertom przyznawane są punkty za poniższe kryteria według następujących zasad: W odniesieniu do wszystkich zadań: KRYTERIUM CENA waga: 80 % (Pn) KRYTERIUM TERMIN WYKONANIA ZAMÓWIENIA CZĄSTKOWEGO waga: 20 % (Tn)",selec-w,,,cat_0074,src_ted_opendata,file_ted_0077,lot:LOT-0047,2026-08-19
lot_00202,LOT-0048,not_0077,pro_0072,Zad. 48 – Zestaw do laparotomii brzusznej – B. O. O. Chirurgii,"3.3. Wymagania Zamawiającego dotyczące przedmiotu zamówienia: 1) oferowany wyrób medyczny musi posiadać atesty, certyfikaty i być zarejestrowany zgodnie z przepisami prawa wymagającymi posiadania atestów, certyfikatów oraz rejestracji, 2) oferowany wyrób medyczny musi być wprowadzony do obrotu i używania zgodnie z wymaganiami ustawy z dnia 7 kwietnia 2022 r. o wyrobach medycznych (Dz. U. z 2022 r., poz. 974 z późn. zm.), 3) oferowany wyrób medyczny musi odpowiadać normom lub specyfikacjom technicznym obowiązującym dla tego wyrobu; W przypadku, gdyby oferowany wyrób medyczny nie wymagał zgłoszenia do Prezesa Urzędu Rejestracji Produktów Leczniczych, Wyrobów Medycznych i Produktów Biobójczych Wykonawca zobowiązany jest do wykonania na własny koszt i we własnym zakresie wszelkich czynności niezbędnych do wypełnienia wszystkich wymogów prawa związanych z wprowadzeniem wyrobu do obrotu i używania na terenie Rzeczypospolitej Polskiej. Wykonawca zobowiązany jest wykonać takie czynności w terminach wynikających z obowiązujących przepisów oraz dostarczyć Zamawiającemu w tych terminach stosowne dokumenty potwierdzające wykonanie takich czynności. 3.4. W przypadkach, kiedy w opisie przedmiotu zamówienia wskazane zostały znaki towarowe, patenty lub pochodzenie, źródło lub szczególny proces, który charakteryzuje określone produkty lub usługi dostarczane przez konkretnego wykonawcę, oznacza to, że Zamawiający nie może opisać przedmiotu zamówienia w wystarczająco precyzyjny i zrozumiały sposób, jednakże w każdej takiej sytuacji Zamawiający dopuszcza rozwiązanie równoważne do opisanych w powyższy sposób. W takich sytuacjach ewentualne wskazania na znaki towarowe, patenty, pochodzenie, źródło lub szczególny proces, który charakteryzuje określone produkty lub usługi dostarczane przez konkretnego wykonawcę należy odczytywać łącznie z wyrazami „lub równoważne”. Opisując przedmiot zamówienia przez odniesienie do norm, ocen technicznych, specyfikacji technicznych i systemów referencji technicznych, o których mowa w art. 101 ust. 1 pkt 2 oraz ust. 3, Zamawiający dopuszcza rozwiązania równoważne opisywanym W takich sytuacjach ewentualne wskazania należy odczytywać łącznie z wyrazami „lub równoważne”. 3.5. Zamawiający wymaga realizacji przedmiotu zamówienia na zasadach określonych w umowie. Projektowane postanowienia umowy w sprawie zamówienia publicznego, które zostaną wprowadzone do umowy stanowią załączniki do SWZ. 3.6. Zamawiający zastrzega sobie prawo do wezwania Wykonawców w przypadku jakichkolwiek wątpliwości, do złożenia próbek oferowanego asortymentu w celu weryfikacji jego zgodności z opisami zawartymi w SWZ. Nie złożenie wymaganego próbek lub złożenie próbek niespełniających wymagań określonych w SWZ spowoduje odrzucenie oferty na podstawie art. 226 ust. 1 pkt 5 Ustawy Pzp. 20. INFORMACJA O PRZEWIDYWANYCH ZAMÓWIENIACH, O KTÓRYCH MOWA W ART. 214 UST. 1 PKT 7 I 8, JEŻELI ZAMAWIAJĄCY PRZEWIDUJE UDZIELANIE TAKICH ZAMÓWIEŃ Zamawiający nie przewiduje udzielania zamówień, o których mowa w art. 214 ust. 1 pkt 7 ustawy Pzp. Zamawiający nie przewiduje udzielania zamówień, o których mowa w art. 214 ust. 1 pkt 8 ustawy Pzp. OPIS KRYTERIÓW, KTÓRYMI ZAMAWIAJĄCY BĘDZIE SIĘ KIEROWAŁ PRZY WYBORZE OFERTY, WRAZ Z PODANIEM WAG TYCH KRYTERIÓW I SPOSOBU OCENY OFERT 13.1. Ocena ofert zostanie przeprowadzona na podstawie kryteriów określonych w SWZ oraz ich wag. Oferty oceniane będą punktowo odrębnie w odniesieniu do poszczególnych Zadań. W trakcie oceny ofert kolejno rozpatrywanym i ocenianym ofertom przyznawane są punkty za poniższe kryteria według następujących zasad: W odniesieniu do wszystkich zadań: KRYTERIUM CENA waga: 80 % (Pn) KRYTERIUM TERMIN WYKONANIA ZAMÓWIENIA CZĄSTKOWEGO waga: 20 % (Tn)",selec-w,,,cat_0074,src_ted_opendata,file_ted_0077,lot:LOT-0048,2026-08-19
lot_00203,LOT-0051,not_0077,pro_0072,Zad. 51 – Sterylny jednorazowy zestaw do zabiegów hybrydowych – B. O. O. Chirurgii,"3.3. Wymagania Zamawiającego dotyczące przedmiotu zamówienia: 1) oferowany wyrób medyczny musi posiadać atesty, certyfikaty i być zarejestrowany zgodnie z przepisami prawa wymagającymi posiadania atestów, certyfikatów oraz rejestracji, 2) oferowany wyrób medyczny musi być wprowadzony do obrotu i używania zgodnie z wymaganiami ustawy z dnia 7 kwietnia 2022 r. o wyrobach medycznych (Dz. U. z 2022 r., poz. 974 z późn. zm.), 3) oferowany wyrób medyczny musi odpowiadać normom lub specyfikacjom technicznym obowiązującym dla tego wyrobu; W przypadku, gdyby oferowany wyrób medyczny nie wymagał zgłoszenia do Prezesa Urzędu Rejestracji Produktów Leczniczych, Wyrobów Medycznych i Produktów Biobójczych Wykonawca zobowiązany jest do wykonania na własny koszt i we własnym zakresie wszelkich czynności niezbędnych do wypełnienia wszystkich wymogów prawa związanych z wprowadzeniem wyrobu do obrotu i używania na terenie Rzeczypospolitej Polskiej. Wykonawca zobowiązany jest wykonać takie czynności w terminach wynikających z obowiązujących przepisów oraz dostarczyć Zamawiającemu w tych terminach stosowne dokumenty potwierdzające wykonanie takich czynności. 3.4. W przypadkach, kiedy w opisie przedmiotu zamówienia wskazane zostały znaki towarowe, patenty lub pochodzenie, źródło lub szczególny proces, który charakteryzuje określone produkty lub usługi dostarczane przez konkretnego wykonawcę, oznacza to, że Zamawiający nie może opisać przedmiotu zamówienia w wystarczająco precyzyjny i zrozumiały sposób, jednakże w każdej takiej sytuacji Zamawiający dopuszcza rozwiązanie równoważne do opisanych w powyższy sposób. W takich sytuacjach ewentualne wskazania na znaki towarowe, patenty, pochodzenie, źródło lub szczególny proces, który charakteryzuje określone produkty lub usługi dostarczane przez konkretnego wykonawcę należy odczytywać łącznie z wyrazami „lub równoważne”. Opisując przedmiot zamówienia przez odniesienie do norm, ocen technicznych, specyfikacji technicznych i systemów referencji technicznych, o których mowa w art. 101 ust. 1 pkt 2 oraz ust. 3, Zamawiający dopuszcza rozwiązania równoważne opisywanym W takich sytuacjach ewentualne wskazania należy odczytywać łącznie z wyrazami „lub równoważne”. 3.5. Zamawiający wymaga realizacji przedmiotu zamówienia na zasadach określonych w umowie. Projektowane postanowienia umowy w sprawie zamówienia publicznego, które zostaną wprowadzone do umowy stanowią załączniki do SWZ. 3.6. Zamawiający zastrzega sobie prawo do wezwania Wykonawców w przypadku jakichkolwiek wątpliwości, do złożenia próbek oferowanego asortymentu w celu weryfikacji jego zgodności z opisami zawartymi w SWZ. Nie złożenie wymaganego próbek lub złożenie próbek niespełniających wymagań określonych w SWZ spowoduje odrzucenie oferty na podstawie art. 226 ust. 1 pkt 5 Ustawy Pzp. 20. INFORMACJA O PRZEWIDYWANYCH ZAMÓWIENIACH, O KTÓRYCH MOWA W ART. 214 UST. 1 PKT 7 I 8, JEŻELI ZAMAWIAJĄCY PRZEWIDUJE UDZIELANIE TAKICH ZAMÓWIEŃ Zamawiający nie przewiduje udzielania zamówień, o których mowa w art. 214 ust. 1 pkt 7 ustawy Pzp. Zamawiający nie przewiduje udzielania zamówień, o których mowa w art. 214 ust. 1 pkt 8 ustawy Pzp. OPIS KRYTERIÓW, KTÓRYMI ZAMAWIAJĄCY BĘDZIE SIĘ KIEROWAŁ PRZY WYBORZE OFERTY, WRAZ Z PODANIEM WAG TYCH KRYTERIÓW I SPOSOBU OCENY OFERT 13.1. Ocena ofert zostanie przeprowadzona na podstawie kryteriów określonych w SWZ oraz ich wag. Oferty oceniane będą punktowo odrębnie w odniesieniu do poszczególnych Zadań. W trakcie oceny ofert kolejno rozpatrywanym i ocenianym ofertom przyznawane są punkty za poniższe kryteria według następujących zasad: W odniesieniu do wszystkich zadań: KRYTERIUM CENA waga: 80 % (Pn) KRYTERIUM TERMIN WYKONANIA ZAMÓWIENIA CZĄSTKOWEGO waga: 20 % (Tn)",selec-w,,,cat_0074,src_ted_opendata,file_ted_0077,lot:LOT-0051,2026-08-19
lot_00204,LOT-0052,not_0077,pro_0072,Zad. 52 – Sterylny zestaw przeznaczony do zabiegów brzuszno-kroczowych – B. O. O. Chirurgii,"3.3. Wymagania Zamawiającego dotyczące przedmiotu zamówienia: 1) oferowany wyrób medyczny musi posiadać atesty, certyfikaty i być zarejestrowany zgodnie z przepisami prawa wymagającymi posiadania atestów, certyfikatów oraz rejestracji, 2) oferowany wyrób medyczny musi być wprowadzony do obrotu i używania zgodnie z wymaganiami ustawy z dnia 7 kwietnia 2022 r. o wyrobach medycznych (Dz. U. z 2022 r., poz. 974 z późn. zm.), 3) oferowany wyrób medyczny musi odpowiadać normom lub specyfikacjom technicznym obowiązującym dla tego wyrobu; W przypadku, gdyby oferowany wyrób medyczny nie wymagał zgłoszenia do Prezesa Urzędu Rejestracji Produktów Leczniczych, Wyrobów Medycznych i Produktów Biobójczych Wykonawca zobowiązany jest do wykonania na własny koszt i we własnym zakresie wszelkich czynności niezbędnych do wypełnienia wszystkich wymogów prawa związanych z wprowadzeniem wyrobu do obrotu i używania na terenie Rzeczypospolitej Polskiej. Wykonawca zobowiązany jest wykonać takie czynności w terminach wynikających z obowiązujących przepisów oraz dostarczyć Zamawiającemu w tych terminach stosowne dokumenty potwierdzające wykonanie takich czynności. 3.4. W przypadkach, kiedy w opisie przedmiotu zamówienia wskazane zostały znaki towarowe, patenty lub pochodzenie, źródło lub szczególny proces, który charakteryzuje określone produkty lub usługi dostarczane przez konkretnego wykonawcę, oznacza to, że Zamawiający nie może opisać przedmiotu zamówienia w wystarczająco precyzyjny i zrozumiały sposób, jednakże w każdej takiej sytuacji Zamawiający dopuszcza rozwiązanie równoważne do opisanych w powyższy sposób. W takich sytuacjach ewentualne wskazania na znaki towarowe, patenty, pochodzenie, źródło lub szczególny proces, który charakteryzuje określone produkty lub usługi dostarczane przez konkretnego wykonawcę należy odczytywać łącznie z wyrazami „lub równoważne”. Opisując przedmiot zamówienia przez odniesienie do norm, ocen technicznych, specyfikacji technicznych i systemów referencji technicznych, o których mowa w art. 101 ust. 1 pkt 2 oraz ust. 3, Zamawiający dopuszcza rozwiązania równoważne opisywanym W takich sytuacjach ewentualne wskazania należy odczytywać łącznie z wyrazami „lub równoważne”. 3.5. Zamawiający wymaga realizacji przedmiotu zamówienia na zasadach określonych w umowie. Projektowane postanowienia umowy w sprawie zamówienia publicznego, które zostaną wprowadzone do umowy stanowią załączniki do SWZ. 3.6. Zamawiający zastrzega sobie prawo do wezwania Wykonawców w przypadku jakichkolwiek wątpliwości, do złożenia próbek oferowanego asortymentu w celu weryfikacji jego zgodności z opisami zawartymi w SWZ. Nie złożenie wymaganego próbek lub złożenie próbek niespełniających wymagań określonych w SWZ spowoduje odrzucenie oferty na podstawie art. 226 ust. 1 pkt 5 Ustawy Pzp. 20. INFORMACJA O PRZEWIDYWANYCH ZAMÓWIENIACH, O KTÓRYCH MOWA W ART. 214 UST. 1 PKT 7 I 8, JEŻELI ZAMAWIAJĄCY PRZEWIDUJE UDZIELANIE TAKICH ZAMÓWIEŃ Zamawiający nie przewiduje udzielania zamówień, o których mowa w art. 214 ust. 1 pkt 7 ustawy Pzp. Zamawiający nie przewiduje udzielania zamówień, o których mowa w art. 214 ust. 1 pkt 8 ustawy Pzp. OPIS KRYTERIÓW, KTÓRYMI ZAMAWIAJĄCY BĘDZIE SIĘ KIEROWAŁ PRZY WYBORZE OFERTY, WRAZ Z PODANIEM WAG TYCH KRYTERIÓW I SPOSOBU OCENY OFERT 13.1. Ocena ofert zostanie przeprowadzona na podstawie kryteriów określonych w SWZ oraz ich wag. Oferty oceniane będą punktowo odrębnie w odniesieniu do poszczególnych Zadań. W trakcie oceny ofert kolejno rozpatrywanym i ocenianym ofertom przyznawane są punkty za poniższe kryteria według następujących zasad: W odniesieniu do wszystkich zadań: KRYTERIUM CENA waga: 80 % (Pn) KRYTERIUM TERMIN WYKONANIA ZAMÓWIENIA CZĄSTKOWEGO waga: 20 % (Tn)",selec-w,,,cat_0074,src_ted_opendata,file_ted_0077,lot:LOT-0052,2026-08-19
lot_00205,LOT-0054,not_0077,pro_0072,Zad. 54 – Zestaw do dysku szyjnego – B. O. O. Neurochirurgii,"3.3. Wymagania Zamawiającego dotyczące przedmiotu zamówienia: 1) oferowany wyrób medyczny musi posiadać atesty, certyfikaty i być zarejestrowany zgodnie z przepisami prawa wymagającymi posiadania atestów, certyfikatów oraz rejestracji, 2) oferowany wyrób medyczny musi być wprowadzony do obrotu i używania zgodnie z wymaganiami ustawy z dnia 7 kwietnia 2022 r. o wyrobach medycznych (Dz. U. z 2022 r., poz. 974 z późn. zm.), 3) oferowany wyrób medyczny musi odpowiadać normom lub specyfikacjom technicznym obowiązującym dla tego wyrobu; W przypadku, gdyby oferowany wyrób medyczny nie wymagał zgłoszenia do Prezesa Urzędu Rejestracji Produktów Leczniczych, Wyrobów Medycznych i Produktów Biobójczych Wykonawca zobowiązany jest do wykonania na własny koszt i we własnym zakresie wszelkich czynności niezbędnych do wypełnienia wszystkich wymogów prawa związanych z wprowadzeniem wyrobu do obrotu i używania na terenie Rzeczypospolitej Polskiej. Wykonawca zobowiązany jest wykonać takie czynności w terminach wynikających z obowiązujących przepisów oraz dostarczyć Zamawiającemu w tych terminach stosowne dokumenty potwierdzające wykonanie takich czynności. 3.4. W przypadkach, kiedy w opisie przedmiotu zamówienia wskazane zostały znaki towarowe, patenty lub pochodzenie, źródło lub szczególny proces, który charakteryzuje określone produkty lub usługi dostarczane przez konkretnego wykonawcę, oznacza to, że Zamawiający nie może opisać przedmiotu zamówienia w wystarczająco precyzyjny i zrozumiały sposób, jednakże w każdej takiej sytuacji Zamawiający dopuszcza rozwiązanie równoważne do opisanych w powyższy sposób. W takich sytuacjach ewentualne wskazania na znaki towarowe, patenty, pochodzenie, źródło lub szczególny proces, który charakteryzuje określone produkty lub usługi dostarczane przez konkretnego wykonawcę należy odczytywać łącznie z wyrazami „lub równoważne”. Opisując przedmiot zamówienia przez odniesienie do norm, ocen technicznych, specyfikacji technicznych i systemów referencji technicznych, o których mowa w art. 101 ust. 1 pkt 2 oraz ust. 3, Zamawiający dopuszcza rozwiązania równoważne opisywanym W takich sytuacjach ewentualne wskazania należy odczytywać łącznie z wyrazami „lub równoważne”. 3.5. Zamawiający wymaga realizacji przedmiotu zamówienia na zasadach określonych w umowie. Projektowane postanowienia umowy w sprawie zamówienia publicznego, które zostaną wprowadzone do umowy stanowią załączniki do SWZ. 3.6. Zamawiający zastrzega sobie prawo do wezwania Wykonawców w przypadku jakichkolwiek wątpliwości, do złożenia próbek oferowanego asortymentu w celu weryfikacji jego zgodności z opisami zawartymi w SWZ. Nie złożenie wymaganego próbek lub złożenie próbek niespełniających wymagań określonych w SWZ spowoduje odrzucenie oferty na podstawie art. 226 ust. 1 pkt 5 Ustawy Pzp. 20. INFORMACJA O PRZEWIDYWANYCH ZAMÓWIENIACH, O KTÓRYCH MOWA W ART. 214 UST. 1 PKT 7 I 8, JEŻELI ZAMAWIAJĄCY PRZEWIDUJE UDZIELANIE TAKICH ZAMÓWIEŃ Zamawiający nie przewiduje udzielania zamówień, o których mowa w art. 214 ust. 1 pkt 7 ustawy Pzp. Zamawiający nie przewiduje udzielania zamówień, o których mowa w art. 214 ust. 1 pkt 8 ustawy Pzp. OPIS KRYTERIÓW, KTÓRYMI ZAMAWIAJĄCY BĘDZIE SIĘ KIEROWAŁ PRZY WYBORZE OFERTY, WRAZ Z PODANIEM WAG TYCH KRYTERIÓW I SPOSOBU OCENY OFERT 13.1. Ocena ofert zostanie przeprowadzona na podstawie kryteriów określonych w SWZ oraz ich wag. Oferty oceniane będą punktowo odrębnie w odniesieniu do poszczególnych Zadań. W trakcie oceny ofert kolejno rozpatrywanym i ocenianym ofertom przyznawane są punkty za poniższe kryteria według następujących zasad: W odniesieniu do wszystkich zadań: KRYTERIUM CENA waga: 80 % (Pn) KRYTERIUM TERMIN WYKONANIA ZAMÓWIENIA CZĄSTKOWEGO waga: 20 % (Tn)",selec-w,,,cat_0074,src_ted_opendata,file_ted_0077,lot:LOT-0054,2026-08-19
lot_00206,LOT-0055,not_0077,pro_0072,Zad. 55 – Zestaw do dysku lędźwiowego – B. O. O. Neurochirurgii,"3.3. Wymagania Zamawiającego dotyczące przedmiotu zamówienia: 1) oferowany wyrób medyczny musi posiadać atesty, certyfikaty i być zarejestrowany zgodnie z przepisami prawa wymagającymi posiadania atestów, certyfikatów oraz rejestracji, 2) oferowany wyrób medyczny musi być wprowadzony do obrotu i używania zgodnie z wymaganiami ustawy z dnia 7 kwietnia 2022 r. o wyrobach medycznych (Dz. U. z 2022 r., poz. 974 z późn. zm.), 3) oferowany wyrób medyczny musi odpowiadać normom lub specyfikacjom technicznym obowiązującym dla tego wyrobu; W przypadku, gdyby oferowany wyrób medyczny nie wymagał zgłoszenia do Prezesa Urzędu Rejestracji Produktów Leczniczych, Wyrobów Medycznych i Produktów Biobójczych Wykonawca zobowiązany jest do wykonania na własny koszt i we własnym zakresie wszelkich czynności niezbędnych do wypełnienia wszystkich wymogów prawa związanych z wprowadzeniem wyrobu do obrotu i używania na terenie Rzeczypospolitej Polskiej. Wykonawca zobowiązany jest wykonać takie czynności w terminach wynikających z obowiązujących przepisów oraz dostarczyć Zamawiającemu w tych terminach stosowne dokumenty potwierdzające wykonanie takich czynności. 3.4. W przypadkach, kiedy w opisie przedmiotu zamówienia wskazane zostały znaki towarowe, patenty lub pochodzenie, źródło lub szczególny proces, który charakteryzuje określone produkty lub usługi dostarczane przez konkretnego wykonawcę, oznacza to, że Zamawiający nie może opisać przedmiotu zamówienia w wystarczająco precyzyjny i zrozumiały sposób, jednakże w każdej takiej sytuacji Zamawiający dopuszcza rozwiązanie równoważne do opisanych w powyższy sposób. W takich sytuacjach ewentualne wskazania na znaki towarowe, patenty, pochodzenie, źródło lub szczególny proces, który charakteryzuje określone produkty lub usługi dostarczane przez konkretnego wykonawcę należy odczytywać łącznie z wyrazami „lub równoważne”. Opisując przedmiot zamówienia przez odniesienie do norm, ocen technicznych, specyfikacji technicznych i systemów referencji technicznych, o których mowa w art. 101 ust. 1 pkt 2 oraz ust. 3, Zamawiający dopuszcza rozwiązania równoważne opisywanym W takich sytuacjach ewentualne wskazania należy odczytywać łącznie z wyrazami „lub równoważne”. 3.5. Zamawiający wymaga realizacji przedmiotu zamówienia na zasadach określonych w umowie. Projektowane postanowienia umowy w sprawie zamówienia publicznego, które zostaną wprowadzone do umowy stanowią załączniki do SWZ. 3.6. Zamawiający zastrzega sobie prawo do wezwania Wykonawców w przypadku jakichkolwiek wątpliwości, do złożenia próbek oferowanego asortymentu w celu weryfikacji jego zgodności z opisami zawartymi w SWZ. Nie złożenie wymaganego próbek lub złożenie próbek niespełniających wymagań określonych w SWZ spowoduje odrzucenie oferty na podstawie art. 226 ust. 1 pkt 5 Ustawy Pzp. 20. INFORMACJA O PRZEWIDYWANYCH ZAMÓWIENIACH, O KTÓRYCH MOWA W ART. 214 UST. 1 PKT 7 I 8, JEŻELI ZAMAWIAJĄCY PRZEWIDUJE UDZIELANIE TAKICH ZAMÓWIEŃ Zamawiający nie przewiduje udzielania zamówień, o których mowa w art. 214 ust. 1 pkt 7 ustawy Pzp. Zamawiający nie przewiduje udzielania zamówień, o których mowa w art. 214 ust. 1 pkt 8 ustawy Pzp. OPIS KRYTERIÓW, KTÓRYMI ZAMAWIAJĄCY BĘDZIE SIĘ KIEROWAŁ PRZY WYBORZE OFERTY, WRAZ Z PODANIEM WAG TYCH KRYTERIÓW I SPOSOBU OCENY OFERT 13.1. Ocena ofert zostanie przeprowadzona na podstawie kryteriów określonych w SWZ oraz ich wag. Oferty oceniane będą punktowo odrębnie w odniesieniu do poszczególnych Zadań. W trakcie oceny ofert kolejno rozpatrywanym i ocenianym ofertom przyznawane są punkty za poniższe kryteria według następujących zasad: W odniesieniu do wszystkich zadań: KRYTERIUM CENA waga: 80 % (Pn) KRYTERIUM TERMIN WYKONANIA ZAMÓWIENIA CZĄSTKOWEGO waga: 20 % (Tn)",selec-w,,,cat_0074,src_ted_opendata,file_ted_0077,lot:LOT-0055,2026-08-19
lot_00207,LOT-0056,not_0077,pro_0072,Zad. 56 – Zestaw do kraniotomii – B. O. O. Neurochirurgii,"3.3. Wymagania Zamawiającego dotyczące przedmiotu zamówienia: 1) oferowany wyrób medyczny musi posiadać atesty, certyfikaty i być zarejestrowany zgodnie z przepisami prawa wymagającymi posiadania atestów, certyfikatów oraz rejestracji, 2) oferowany wyrób medyczny musi być wprowadzony do obrotu i używania zgodnie z wymaganiami ustawy z dnia 7 kwietnia 2022 r. o wyrobach medycznych (Dz. U. z 2022 r., poz. 974 z późn. zm.), 3) oferowany wyrób medyczny musi odpowiadać normom lub specyfikacjom technicznym obowiązującym dla tego wyrobu; W przypadku, gdyby oferowany wyrób medyczny nie wymagał zgłoszenia do Prezesa Urzędu Rejestracji Produktów Leczniczych, Wyrobów Medycznych i Produktów Biobójczych Wykonawca zobowiązany jest do wykonania na własny koszt i we własnym zakresie wszelkich czynności niezbędnych do wypełnienia wszystkich wymogów prawa związanych z wprowadzeniem wyrobu do obrotu i używania na terenie Rzeczypospolitej Polskiej. Wykonawca zobowiązany jest wykonać takie czynności w terminach wynikających z obowiązujących przepisów oraz dostarczyć Zamawiającemu w tych terminach stosowne dokumenty potwierdzające wykonanie takich czynności. 3.4. W przypadkach, kiedy w opisie przedmiotu zamówienia wskazane zostały znaki towarowe, patenty lub pochodzenie, źródło lub szczególny proces, który charakteryzuje określone produkty lub usługi dostarczane przez konkretnego wykonawcę, oznacza to, że Zamawiający nie może opisać przedmiotu zamówienia w wystarczająco precyzyjny i zrozumiały sposób, jednakże w każdej takiej sytuacji Zamawiający dopuszcza rozwiązanie równoważne do opisanych w powyższy sposób. W takich sytuacjach ewentualne wskazania na znaki towarowe, patenty, pochodzenie, źródło lub szczególny proces, który charakteryzuje określone produkty lub usługi dostarczane przez konkretnego wykonawcę należy odczytywać łącznie z wyrazami „lub równoważne”. Opisując przedmiot zamówienia przez odniesienie do norm, ocen technicznych, specyfikacji technicznych i systemów referencji technicznych, o których mowa w art. 101 ust. 1 pkt 2 oraz ust. 3, Zamawiający dopuszcza rozwiązania równoważne opisywanym W takich sytuacjach ewentualne wskazania należy odczytywać łącznie z wyrazami „lub równoważne”. 3.5. Zamawiający wymaga realizacji przedmiotu zamówienia na zasadach określonych w umowie. Projektowane postanowienia umowy w sprawie zamówienia publicznego, które zostaną wprowadzone do umowy stanowią załączniki do SWZ. 3.6. Zamawiający zastrzega sobie prawo do wezwania Wykonawców w przypadku jakichkolwiek wątpliwości, do złożenia próbek oferowanego asortymentu w celu weryfikacji jego zgodności z opisami zawartymi w SWZ. Nie złożenie wymaganego próbek lub złożenie próbek niespełniających wymagań określonych w SWZ spowoduje odrzucenie oferty na podstawie art. 226 ust. 1 pkt 5 Ustawy Pzp. 20. INFORMACJA O PRZEWIDYWANYCH ZAMÓWIENIACH, O KTÓRYCH MOWA W ART. 214 UST. 1 PKT 7 I 8, JEŻELI ZAMAWIAJĄCY PRZEWIDUJE UDZIELANIE TAKICH ZAMÓWIEŃ Zamawiający nie przewiduje udzielania zamówień, o których mowa w art. 214 ust. 1 pkt 7 ustawy Pzp. Zamawiający nie przewiduje udzielania zamówień, o których mowa w art. 214 ust. 1 pkt 8 ustawy Pzp. OPIS KRYTERIÓW, KTÓRYMI ZAMAWIAJĄCY BĘDZIE SIĘ KIEROWAŁ PRZY WYBORZE OFERTY, WRAZ Z PODANIEM WAG TYCH KRYTERIÓW I SPOSOBU OCENY OFERT 13.1. Ocena ofert zostanie przeprowadzona na podstawie kryteriów określonych w SWZ oraz ich wag. Oferty oceniane będą punktowo odrębnie w odniesieniu do poszczególnych Zadań. W trakcie oceny ofert kolejno rozpatrywanym i ocenianym ofertom przyznawane są punkty za poniższe kryteria według następujących zasad: W odniesieniu do wszystkich zadań: KRYTERIUM CENA waga: 80 % (Pn) KRYTERIUM TERMIN WYKONANIA ZAMÓWIENIA CZĄSTKOWEGO waga: 20 % (Tn)",selec-w,,,cat_0074,src_ted_opendata,file_ted_0077,lot:LOT-0056,2026-08-19
lot_00208,LOT-0057,not_0077,pro_0072,Zad. 57 – Zestaw do zabiegów wewnątrznaczyniowych – B. O. O. Neurochirurgii,"3.3. Wymagania Zamawiającego dotyczące przedmiotu zamówienia: 1) oferowany wyrób medyczny musi posiadać atesty, certyfikaty i być zarejestrowany zgodnie z przepisami prawa wymagającymi posiadania atestów, certyfikatów oraz rejestracji, 2) oferowany wyrób medyczny musi być wprowadzony do obrotu i używania zgodnie z wymaganiami ustawy z dnia 7 kwietnia 2022 r. o wyrobach medycznych (Dz. U. z 2022 r., poz. 974 z późn. zm.), 3) oferowany wyrób medyczny musi odpowiadać normom lub specyfikacjom technicznym obowiązującym dla tego wyrobu; W przypadku, gdyby oferowany wyrób medyczny nie wymagał zgłoszenia do Prezesa Urzędu Rejestracji Produktów Leczniczych, Wyrobów Medycznych i Produktów Biobójczych Wykonawca zobowiązany jest do wykonania na własny koszt i we własnym zakresie wszelkich czynności niezbędnych do wypełnienia wszystkich wymogów prawa związanych z wprowadzeniem wyrobu do obrotu i używania na terenie Rzeczypospolitej Polskiej. Wykonawca zobowiązany jest wykonać takie czynności w terminach wynikających z obowiązujących przepisów oraz dostarczyć Zamawiającemu w tych terminach stosowne dokumenty potwierdzające wykonanie takich czynności. 3.4. W przypadkach, kiedy w opisie przedmiotu zamówienia wskazane zostały znaki towarowe, patenty lub pochodzenie, źródło lub szczególny proces, który charakteryzuje określone produkty lub usługi dostarczane przez konkretnego wykonawcę, oznacza to, że Zamawiający nie może opisać przedmiotu zamówienia w wystarczająco precyzyjny i zrozumiały sposób, jednakże w każdej takiej sytuacji Zamawiający dopuszcza rozwiązanie równoważne do opisanych w powyższy sposób. W takich sytuacjach ewentualne wskazania na znaki towarowe, patenty, pochodzenie, źródło lub szczególny proces, który charakteryzuje określone produkty lub usługi dostarczane przez konkretnego wykonawcę należy odczytywać łącznie z wyrazami „lub równoważne”. Opisując przedmiot zamówienia przez odniesienie do norm, ocen technicznych, specyfikacji technicznych i systemów referencji technicznych, o których mowa w art. 101 ust. 1 pkt 2 oraz ust. 3, Zamawiający dopuszcza rozwiązania równoważne opisywanym W takich sytuacjach ewentualne wskazania należy odczytywać łącznie z wyrazami „lub równoważne”. 3.5. Zamawiający wymaga realizacji przedmiotu zamówienia na zasadach określonych w umowie. Projektowane postanowienia umowy w sprawie zamówienia publicznego, które zostaną wprowadzone do umowy stanowią załączniki do SWZ. 3.6. Zamawiający zastrzega sobie prawo do wezwania Wykonawców w przypadku jakichkolwiek wątpliwości, do złożenia próbek oferowanego asortymentu w celu weryfikacji jego zgodności z opisami zawartymi w SWZ. Nie złożenie wymaganego próbek lub złożenie próbek niespełniających wymagań określonych w SWZ spowoduje odrzucenie oferty na podstawie art. 226 ust. 1 pkt 5 Ustawy Pzp. 20. INFORMACJA O PRZEWIDYWANYCH ZAMÓWIENIACH, O KTÓRYCH MOWA W ART. 214 UST. 1 PKT 7 I 8, JEŻELI ZAMAWIAJĄCY PRZEWIDUJE UDZIELANIE TAKICH ZAMÓWIEŃ Zamawiający nie przewiduje udzielania zamówień, o których mowa w art. 214 ust. 1 pkt 7 ustawy Pzp. Zamawiający nie przewiduje udzielania zamówień, o których mowa w art. 214 ust. 1 pkt 8 ustawy Pzp. OPIS KRYTERIÓW, KTÓRYMI ZAMAWIAJĄCY BĘDZIE SIĘ KIEROWAŁ PRZY WYBORZE OFERTY, WRAZ Z PODANIEM WAG TYCH KRYTERIÓW I SPOSOBU OCENY OFERT 13.1. Ocena ofert zostanie przeprowadzona na podstawie kryteriów określonych w SWZ oraz ich wag. Oferty oceniane będą punktowo odrębnie w odniesieniu do poszczególnych Zadań. W trakcie oceny ofert kolejno rozpatrywanym i ocenianym ofertom przyznawane są punkty za poniższe kryteria według następujących zasad: W odniesieniu do wszystkich zadań: KRYTERIUM CENA waga: 80 % (Pn) KRYTERIUM TERMIN WYKONANIA ZAMÓWIENIA CZĄSTKOWEGO waga: 20 % (Tn)",selec-w,,,cat_0074,src_ted_opendata,file_ted_0077,lot:LOT-0057,2026-08-19
lot_00209,LOT-0001,not_0078,pro_0073,"Travaux, entretien et contrôle de Défense Extérieure Contre l'Incendie (DECI) sur le territoire de la Gironde.","Le présent marché a pour objet les travaux de création, de maintenance préventive et de maintenance curative des Points d'Eau Incendie (PEI), ainsi que l'assistance à la réalisation d'un schéma communal ou intercommunal, pour les communes adhérentes au SDEEG et situées sur le territoire de la Gironde.",selec-w,200000,EUR,cat_0075,src_ted_opendata,file_ted_0078,lot:LOT-0001,2026-08-19
lot_00210,LOT-0002,not_0078,pro_0073,"Travaux, entretien et contrôle de Défense Extérieure Contre l'Incendie (DECI) sur le territoire de la Gironde.","Le présent marché a pour objet les travaux de création, de maintenance préventive et de maintenance curative des Points d'Eau Incendie (PEI), ainsi que l'assistance à la réalisation d'un schéma communal ou intercommunal, pour les communes adhérentes au SDEEG et situées sur le territoire de la Gironde.",selec-w,150000,EUR,cat_0075,src_ted_opendata,file_ted_0078,lot:LOT-0002,2026-08-19
lot_00211,LOT-0000,not_0079,pro_0074,Elektrienergia ostmine 2025-2027,"Hankelepingu esemeks elektrienergia ostmine Lüganuse Vallavalitsusele, tema allasutustele ning partneritele vastavalt hankedokumentides toodud tingimustele.",selec-w,,,cat_0037,src_ted_opendata,file_ted_0079,lot:LOT-0000,2026-08-19
lot_00212,LOT-0000,not_0080,pro_0075,Kompetenzzentrum für zirkuläre Wirtschaft,"Die Leistung dient der Unterstützung des BMUV im Rahmen seiner Ressortzuständigkeit. Die/der AN hat zur Abwicklung der administrativen Prozesse eine angemessene Geschäftsstelle mit dauerhaften Ansprechpartner:innen für die Unternehmen, Stakeholder/Akteure und die AG`in einzurichten. Die maßgeblichen Aufgaben des Kompetenzzentrums sind insbesondere: • Fortführung des Dialogprozesses zur Umsetzung der Nationalen Kreislaufwirtschaftsstrategie (Dialog zur NKWS) ab 2025 und Übernahme der Geschäftsstellenfunktion und der Website (Dialog zur NKWS) ab 2026 • Beratung und Unterstützung des BMUV in Fragen der Kreislaufwirtschaft und damit zusammenhängenden Fragen digitaler Technologien • Bereitstellung von Wissen und Informationen für unterschiedliche Zielgruppen aus Wirtschaft, Politik und Zivilgesellschaft, insbesondere für KMU, Start-ups • Erarbeitung von Grundlagen für Themenfelder mit hohem Potential für Kreislaufwirtschaft und verbesserte Ressourceneffizienz • Beratung von Unternehmen, Erstellung interaktiver Arbeitsmittel, wie zum Beispiel Handlungsempfehlungen und webbasierte Werkzeuge für die Zielgruppen • Pflege und Ausbau eines inhaltlich umfassenden, adressatenorientierten, interaktiven und weitestgehend barrierefreien Internetangebots (Websites) einschließlich ggf. der Social-Media-Angeboten bzw. alternativer Ansätze der Öffentlichkeitsarbeit, insbesondere zu den Themen, Kreislaufwirtschaft, Ressourceneffizienz und Digitalisierung mit dem Fokus auf der Verbreitung von Informationen und Anwendungsmöglichkeiten (http://www.ressource-deutschland.de sowie http://www.ressource-deutschland.tv und diversen Social-Media-Kanälen) • Konzeption und Durchführung von Veranstaltungen, insbesondere für den Mittel-stand und Start-Ups • Beteiligung an Veranstaltungen und Messen mit großer Multiplikator-Wirkung • Öffentlichkeitsarbeit und Netzwerkpflege für das Netzwerk Ressourceneffizienz (http://www.netzwerk-ressourceneffizienz.de) des BMUV • Durchführung internationaler Aktivitäten, beispielsweise Vernetzung und Erfahrungsaustausch mit Fachagenturen sowie relevanten Institutionen (europäisch, international) • Qualifizierung, Bildung sowie Weiterbildung einschließlich der Zusammenarbeit mit entsprechenden Anbietern • Unterstützung und Mitarbeit in Normungsgremien, wie VDI und DIN, CEN und ISO. Im Einzelnen sind die ab dem 1. Januar 2025 bis zum 31. Dezember 2028 zu erbringenden Leistungen in neun Arbeitspaketen in Dokument 03.01 Leistungsbeschreibung als Bestandteil der Vergabeunterlagen beschrieben. Die bisherigen Strukturen bzw. der organisatorische Aufbau des Kompetenzzentrums sollen grundsätzlich übernommen und wo erforderlich, aktualisiert und angepasst werden. Das beinhaltet die Übernahme aller bisher erstellten Produkte des Kompetenzzentrums, die technischen Arbeitsmittel, die Websites, Datenbanken, Apps, Webvideomagazin und Social-Media-Kanäle (s. Anlage 1 zur Leistungsbeschreibung „Technische Hinweise Internetangebot VDI ZRE“, Dokument 03.01 der Vergabeunterlagen). Das umfasst die Organisation und Pflege der Netzwerke und Schulungen sowie die direkte Kontaktfunktion für Unternehmen und interessierte Personen. Eine Übernahme von Personal oder Sachmitteln wie Büroausstattung o.ä. des bestehenden Kompetenzzentrums ist nicht vorgesehen. Die unter Nr. 4.9 der Leistungsbeschreibung (s. Dokument 03.01 der Vergabeunterlagen) beschriebenen optionalen Leistungen sollen möglichst innerhalb des Leistungszeitraums vom 01.01.2025 bis 31.12.2028 umgesetzt werden. Eine Einzelbeauftragung soll bei Vorliegen der haushaltsrechtlichen Voraussetzungen erfolgen. Ein Anspruch der/des AN auf Beauftragung der einzelnen Leistungen ist damit nicht verbunden. Die Verlängerungsoptionen bei Vorliegen der haushaltsrechtlichen Voraussetzungen, beschrieben unter Nr. 5.2 und unter Nr. 5.3 der Leistungsbeschreibung (Dokument 03.01 der Vergabeunterlagen),umfassen den durchschnittlichen jährlichen Leistungsumfang der Arbeitspakete 1 bis 9.",selec-w,,,cat_0076,src_ted_opendata,file_ted_0080,lot:LOT-0000,2026-08-19
lot_00213,LOT-0001,not_0081,pro_0076,Duomenų nutekėjimo prevencijos (DLP) projekto diegimo konsultantų paslaugos,Duomenų nutekėjimo prevencijos (DLP) projekto diegimo konsultantų paslaugos,selec-w,,,cat_0049,src_ted_opendata,file_ted_0081,lot:LOT-0001,2026-08-19
lot_00214,LOT-0001,not_0082,pro_0077,"la conception, la production et la livraison de boîtes multi-activités délivrées dans le cadre du Plan Famille aux enfants de 3 à 5 ans de militaires lors des absences opérationnelles","la conception, la production et la livraison de boîtes multi-activités délivrées dans le cadre du Plan Famille aux enfants de 3 à 5 ans de militaires lors des absences opérationnelles",selec-w,917000,EUR,cat_0077,src_ted_opendata,file_ted_0082,lot:LOT-0001,2026-08-19
lot_00215,LOT-0003,not_0082,pro_0077,"la conception, la production et la livraison de boîtes multi-activités délivrées dans le cadre du Plan Famille aux enfants de 10 à 12 ans de militaires lors des absences opérationnelles","la conception, la production et la livraison de boîtes multi-activités délivrées dans le cadre du Plan Famille aux enfants de 10 à 12 ans de militaires lors des absences opérationnelles",selec-w,917000,EUR,cat_0077,src_ted_opendata,file_ted_0082,lot:LOT-0003,2026-08-19
lot_00216,LOT-0001,not_0083,pro_0078,SELEZIONE SOGGETTO ESECUTORE PER PROGETTO QUALITY HERITAGE OF EUROPE,"Bando di Gara per la selezione, mediante procedura competitiva aperta, di un organismo di esecuzione (qui nominato “organismo di esecuzione”) incaricato della realizzazione delle azioni rivolte al raggiungimento degli obiettivi previsti dal Programma triennale denominato Quality Heritage of Europe (“QHE”), avente come mercati target Italia, Francia, Germania e prodotto VINO e FORMAGGIO. Il suddetto programma è stato presentato alla Commissione Europea nell’ambito del reg EU 1144/2014, “Call for proposals AGRIP-SIMPLE-2024 – Promotion of agricultural products (AGRIP-SIMPLE-2024-IM-EU QS)” che è stato presentato nella CALL 2024.",selec-w,4883411.7,EUR,cat_0078,src_ted_opendata,file_ted_0083,lot:LOT-0001,2026-08-19
lot_00217,LOT-0001,not_0084,pro_0079,2024-19 - 1,Fourniture d’appareils électro-ménagers,clos-nw,,,cat_0079,src_ted_opendata,file_ted_0084,lot:LOT-0001,2026-08-19
lot_00218,LOT-0002,not_0084,pro_0079,2024-19 - 2,Machines industrielles de buanderie,clos-nw,,,cat_0080,src_ted_opendata,file_ted_0084,lot:LOT-0002,2026-08-19
lot_00219,LOT-0003,not_0084,pro_0079,2024-19 - 3,Industriële schoonmaakmachines en accessoires,selec-w,,,cat_0080,src_ted_opendata,file_ted_0084,lot:LOT-0003,2026-08-19
lot_00220,LOT-0004,not_0084,pro_0079,2024-19 - 4,Industriële machines voor grootkeukens,clos-nw,,,cat_0080,src_ted_opendata,file_ted_0084,lot:LOT-0004,2026-08-19
lot_00221,LOT-0001,not_0085,pro_0080,Prestations de services d'assurance Flotte automobile,"Le marché a pour objet la souscription et la gestion d'un contrat d'assurance couvrant les risques parc automobile de la commune de Joinville-le-Pont. Le marché comporte une tranche optionnelle facultative concernant la garantie ""préposés en mission"".",selec-w,,,cat_0081,src_ted_opendata,file_ted_0085,lot:LOT-0001,2026-08-19
lot_00222,LOT-0001,not_0086,pro_0081,Dostawa drobiu i wędlin drobiowych dla 25. WOG w Białymstoku,Dostawa drobiu i wędlin drobiowych dla 25. WOG w Białymstoku,selec-w,,,cat_0082,src_ted_opendata,file_ted_0086,lot:LOT-0001,2026-08-19
lot_00223,LOT-0001,not_0087,pro_0082,"„Доставка на елементи за функционен вентил за пътнически вагони (ПВ), собственост на „БДЖ-Пътнически превози“ ЕООД“","Предмет на поръчката представлява доставка на гумени и металогумени елементи за функционен вентил за пътнически вагони (ПВ), който е част от автоматичната влакова спирачка (АВС), съгласно приложените Спецификация за доставка и Техническа спецификация.",selec-w,23346.95,BGN,cat_0083,src_ted_opendata,file_ted_0087,lot:LOT-0001,2026-08-19
lot_00224,LOT-0001,not_0088,pro_0083,"Location, installation et maintien en condition opérationnelle de caméras de vidéoprotection sur le patrimoine de Nov'Habitat","Location, installation et maintien en condition opérationnelle de caméras de vidéoprotection sur le patrimoine de Nov'Habitat",clos-nw,,,cat_0084,src_ted_opendata,file_ted_0088,lot:LOT-0001,2026-08-19
lot_00225,LOT-0001,not_0089,pro_0084,Набор от консумативи и реактиви за подготовка на библиотеки за цялостно геномно секвениране на NovaSeq6000,"В Обособена позиция №1 ""Набор от консумативи и реактиви за подготовка на библиотеки за цялостно геномно секвениране на NovaSeq6000"" са включени – 5 вида артикули.",selec-w,1289709.20,BGN,cat_0085,src_ted_opendata,file_ted_0089,lot:LOT-0001,2026-08-19
lot_00226,LOT-0000,not_0090,pro_0085,Leistungen des Technischen Gebäudemanagements im Bundesministerium für Ernährung und Landwirtschaft in Berlin,"Fortsetzung aus Ziffer 2.1 Die Leistungserbringung erfordert die erweiterte Sicherheitsüberprüfung gem. § 9 Abs. 1 Nr. 1 und 2 SÜG (sog. Ü2) des zum Einsatz kommenden Personals. Nachunternehmer müssen vom AN begleitet werden, sofern diese nicht über die erweiterte Sicherheits-überprüfung Ü2 nach § 9 SÜG verfügen. Noch nicht sicherheitsüberprüftes Personal wird durch die AG überprüft, sofern sich der AN nicht in der Geheimschutzbetreuung des BMWK befindet. In der Leistungsphase ist stets eine ausreichende Personenanzahl mit der Sicherheitsstufe Ü2 vorzuhalten. --- Für die Leistungserbringung wird das folgende Personal und dessen Vertretung benötigt: -ein Objektleiter (OL) -ein Servicetechniker (ST) -zwei Haustechniker (HT). --- Der OL ist für die Koordination und Erbringung aller vertragsgegenständlichen Leistungen, die Gesamtaufsicht sowie für Sicherstellung der Qualität und Quantität der Leistungserbringung verantwortlich. Er muss zwischen 08:00-15:00 Uhr (38 Stunden wöchentlich) vor Ort und ständig erreichbar sein. --- Der ST bzw. dessen Vertreter muss zwischen 06:30 - 17:00 Uhr 7,6 Stunden vor Ort anwesend sein. --- Die vertragsgegenständlichen Leistungen der HT sind arbeitstäglich im 2-Schicht- Betrieb im Präsenzzeitraum von 06:30 bis 17:00 Uhr zu erbringen. Seitens des AN ist eine hohe Personalkontinuität zu gewährleisten. --- Der AN hat 24 Stunden an 365/366 Tagen im Jahr einen Bereitschaftsdienst zu betreiben, bei welchem Störmeldungen der AG sowie automatisierte Meldungen der GLT auflaufen. Das Störungsmanagement muss ständig erreichbar sein. Hinsichtlich der Reaktionszeiten sind für den AN grundsätzlich alle gesetzlichen Anforderungen bindend. Darüber hinaus sind die Reaktions- und Störungsbeseitigungs-zeiten sicherzustellen: -für Aufzugsanlagen eine Reaktionszeit nach TRBS 3121 von max. 30 Minuten -für sicherheitsrelevante Anlagen (Energieversorgung, Sicherheitsbeleuchtung, NEA, USV, Kommunikationsanlagen etc.) und Hilfsanlagen (Kühlung, Lüftung etc.) eine Reaktionszeit von max. 30 Minuten -bei innerhalb der vereinbarten Anwesenheitszeit des AN auftretenden Störungen, deren Beseitigung unter den Begriff Kleinreparatur (< 1.000,00 € netto/UVgO bzw. 3.000,00 € netto/VOB/A) fällt, ist unverzüglich mit der Störungsbeseitigung zu beginnen -bei allen außerhalb der vereinbarten Anwesenheitszeit des AN auftretenden Störungen sowie bei Störungen, deren Beseitigung nicht unter den Begriff Kleinreparatur (< 1.000,00 € netto/UVgO bzw. 3.000,00 € netto/VOB/A) fällt, ist unverzüglich, spätestens jedoch 60 Minuten nach Eingang der Störmeldung beim AN, mit der Störungsbeseitigung zu beginnen Für die zur Störungsbeseitigung einzuhaltenden Zeiten werden übliche Richtwerte, die z. B. von den Anlagenherstellern oder von der AG angegeben werden, zugrunde gelegt. --- Der AN setzt moderne EDV- bzw. CAFM-Systeme ein. Das CAFM-System des AN muss software- und hardware- seitig den IT-Sicherheitsanforderungen des Bundesamtes für Sicherheit in der Informationstechnik (BSI) entsprechen, es muss in einer nach ISO 27001 auf Basis von IT-Grundschutz oder gleichwertig zertifizierten Betriebsumgebung implementiert sein. --- Die Start-Up-Phase beginnt nach Zuschlagserteilung. Während dieser hat sich der AN in sämtliche Aufgabenbereiche/Abläufe einzuarbeiten. Für die Liegenschaftsübernahme hat der AN ein Start-Up-Team bereitzustellen, dem OL, die HT, ST und ein mit Objekt-übernahmen erfahrener Projektleiter (PL) angehören. --- In der Vertragsauslaufphase übergibt der AN das Objekt an die AG bzw. an den neuen Dienstleister. --- Der AN ist verpflichtet, über den vertraglich vereinbarten Leistungsumfang hinausgehende (schriftliche) Aufträge der AG gegen Entgelt zu übernehmen. Die Handlungsweise richtet sich nach Kostengrenzen und Leistungsart (VOB/VOL) und sind der LB zu entnehmen. --- Alle weiteren Angaben sind der Leistungsbeschreibung / dem Leistungsverzeichnis und den Besonderen Vertragsbedingungen zu entnehmen.",selec-w,,,cat_0086,src_ted_opendata,file_ted_0090,lot:LOT-0000,2026-08-19
lot_00227,LOT-0001,not_0091,pro_0086,Świadczenie usług w zakresie publicznego transportu zbiorowego na obszarze Powiatu Bytowskiego,"1. Przedmiotem zamówienia jest świadczenie usług w zakresie publicznego transportu zbiorowego na liniach użyteczności publicznej w zakresie powiatowych przewozów pasażerskich na obszarze Powiatu Bytowskiego obejmującego 13 linii komunikacyjnych o łącznej długości 839 km, na których zostanie wykonana szacowana łączna praca eksploatacyjna 2 494 500 wozokilometrów. 2. Wspólny Słownik Zamówień (CPV): 60112000- 6: Usługi w zakresie publicznego transportu drogowego. 3. Zamówienie obejmuje świadczenie usług w zakresie publicznego transportu zbiorowego na następujących liniach komunikacyjnych: 1) Miastko - Człuchów przez Koczałę i Przechlewo 2) Bytów – Osława Dąbrowa przez Studzienice 3) Bytów – Trzebielino przez Kołczygłowy 4) Bytów – Wargowo przez Czarną Dąbrówkę 5) Borowy Młyn – Bytów przez Lipnicę 6) Bytów – Miastko przez Tuchomie 7) Bytów – Miastko przez Brzeźno Szlacheckie 8) Bytów – Bytów przez Rokity, Czarną Dąbrówkę 9) Bytów - Brzeźno Szlacheckie przez Płotowo – Lipnica 10) Bytów - Słupsk przez Czarna Dąbrówka, Łupawa; 11) Kołczygłowy – Kawcze przez Miastko; 12) Bytów – Bytów przez Grzmiąca, Borzytuchom; 13) Miastko – Miastko przez Przęsin, Piaszczyna, Kramarzyny.",selec-w,,,cat_0087,src_ted_opendata,file_ted_0091,lot:LOT-0001,2026-08-19
lot_00228,LOT-0001,not_0092,pro_0087,sukcesywna sprzedaż i dostawa specjalistycznych odczynników laboratoryjnych,specjalistyczne odczynniki do wysoko wyspecjalizowanych zastosowań laboratoryjnych przeznaczonych do celów naukowo-badawczych,selec-w,,,cat_0088,src_ted_opendata,file_ted_0092,lot:LOT-0001,2026-08-19
lot_00229,LOT-0000,not_0093,pro_0088,ETUDE DE DÉFINITION DE LA LOCALISATION ET DU DIMENSIONNEMENT DES AIRES DE COVOITURAGE STRUCTURANTES À L'ÉCHELLE DE L'AIRE URBAINE ÉLARGIE DE RENNES,"L'accord-cadre sera exécuté par l'émission de bons de commande. Le détail des missions confiées au titulaire figure au cahier des charges. Les prestations sont réglées par des prix unitaires. Cette étude s'inscrit dans le &amp;quot;Contrat de coopération métropolitaine&amp;quot;, adossé au Pacte métropolitain d'innovation signé entre Rennes Métropole, l'État, la Région Bretagne et associant le Département d'Ille-et-Vilaine, consacré aux mobilités intelligentes. Dans la poursuite du Schéma directeur d'aménagement et de gestion du trafic (SDAGT) de la rocade de Rennes et dans la perspective d'aménagement de voies réservées aux transports collectifs et au covoiturage sur les voies d'accès au coeur de métropole, Rennes Métropole souhaite engager avec les EPCI, la Région et le Département, une étude visant à définir les localisations et le dimensionnement les plus pertinents pour de futures aires de covoiturage structurantes offrant un niveau de service et une capacité en cohérence avec les enjeux de développement du covoiturage",selec-w,,,cat_0089,src_ted_opendata,file_ted_0093,lot:LOT-0000,2026-08-19
lot_00230,LOT-0003,not_0094,pro_0089,Los 3: Paket Unfall- und Kranken-Taggeldversicherung,Los 3: Paket Unfall- und Kranken-Taggeldversicherung,selec-w,,,cat_0028,src_ted_opendata,file_ted_0094,lot:LOT-0003,2026-08-19
lot_00231,LOT-0001,not_0095,pro_0090,"Consultoría, asistencia y servicios técnicos del proyecto integral de energía limpia de Seròs (Ref/Exp: 3066)","El presente expediente tiene por objetivo la contratación de una serie de servicios técnicos relacionados con la subvención obtenida por éste ayuntamiento para las actuaciones incluidas en el PROYECTO INTEGRAL DE ENERGÍA LIMPIA EN EL MUNICIPIO DE SERÓS, expediente número PR-D5000-2021-003066 financiadas con fondos NextGeneration EU, al amparo del Real Decreto 692/2021, de 3 de agosto, por el que se regula la concesión directa de ayudas para inversiones a proyectos singulares locales de energía limpia en municipios de reto demográfico (PROGRAMA DUS 5000), en el marco del Programa de Regeneración y Reto Demográfico del Plan de Recuperación, Transformación y Resiliencia.",clos-nw,,,cat_0090,src_ted_opendata,file_ted_0095,lot:LOT-0001,2026-08-19
lot_00232,LOT-0001,not_0096,pro_0091,Konserwacja i eksploatacja oświetlenia ulicznego w 2025 roku na terenie Gminy Żory i stanowiącego własność Gminy Żory,"Usługa obejmująca konserwację i eksploatację oświetlenia ulicznego w 2025 roku na terenie Gminy Żory i stanowiącego własność Gminy Żory. Zakres rzeczowy zadania: Konserwacja i eksploatacja urządzeń oświetlenia ulic, placów, dróg i miejsc publicznych na terenie administrowanym przez Gminę Żory tj.: − 5701 szt. punktów świetlnych stanowiących własność Gminy Żory (w tym 2345 szt. będących na gwarancji) wg załącznika do umowy, − 138 szt. szaf oświetlenia ulicznego z pomiarem energii elektrycznej i sterowaniem oświetleniem ulicznym stanowiących własność Gminy Żory wg załącznika do umowy, − pozostałych elementów, czyli oświetlenia gablot reklamowych, wiat przystankowych, pylonów na rondach. Oświetlenie jest przyłączone do sieci dystrybucyjnej Operatora Systemu Dystrybucyjnego (OSD) TAURON Dystrybucja S.A. oraz ESV9 Sp. z o.o.",selec-w,,,cat_0034,src_ted_opendata,file_ted_0096,lot:LOT-0001,2026-08-19
lot_00233,LOT-0001,not_0097,pro_0004,Pakiet 192 Świadczenie usług serwisowania aparatury medycznej,Świadczenie usług serwisowania aparatury medycznej,clos-nw,,,cat_0005,src_ted_opendata,file_ted_0097,lot:LOT-0001,2026-08-19
lot_00234,LOT-0001,not_0098,pro_0004,Pakiet 182 Świadczenie usług serwisowania aparatury medycznej,Świadczenie usług serwisowania aparatury medycznej,clos-nw,,,cat_0005,src_ted_opendata,file_ted_0098,lot:LOT-0001,2026-08-19
lot_00235,LOT-0001,not_0099,pro_0092,Karty na čerpanie pohonných látok a súvisiacich tovarov a služieb,"Dodanie 15 ks kariet na odber PHM v SR a ČR BA natural 95 15 000,- litrov MN 150 000,- litrov",selec-w,,,cat_0091,src_ted_opendata,file_ted_0099,lot:LOT-0001,2026-08-19
lot_00236,LOT-0000,not_0100,pro_0093,Empreitada de “Construção da Residência de Estudantes do Campus 1 - Breiner”,Empreitada de “Construção da Residência de Estudantes do Campus 1 - Breiner”,selec-w,,,cat_0092,src_ted_opendata,file_ted_0100,lot:LOT-0000,2026-08-19
lot_00237,LOT-0000,not_0101,pro_0094,Lukitustöiden hankinta 2025-2028,Kouvolan Asunnot Oy pyytää tarjoustanne lukitustöistä tarjouspyyntöasiakirjojen mukaisesti.,selec-w,,,cat_0093,src_ted_opendata,file_ted_0101,lot:LOT-0000,2026-08-19
lot_00238,LOT-0001,not_0102,pro_0095,Lieferung Lizenzen für ZNA für AMEOS Klinikum Bremerhaven mbH,Lieferung Lizenzen für ZNA für AMEOS Klinikum Bremerhaven mbH,clos-nw,,,cat_0094,src_ted_opendata,file_ted_0102,lot:LOT-0001,2026-08-19
lot_00239,LOT-0002,not_0102,pro_0095,Lieferung Lizenzen für ZNA für AMEOS Krankenhausgesellschaft Vorpommern mbH,Lieferung Lizenzen für ZNA für AMEOS Krankenhausgesellschaft Vorpommern mbH,clos-nw,,,cat_0094,src_ted_opendata,file_ted_0102,lot:LOT-0002,2026-08-19
lot_00240,LOT-0003,not_0102,pro_0095,Lieferung Lizenzen für ZNA für AMEOS Krankenhausgesellschaft Ostholstein mbH,Lieferung Lizenzen für ZNA für AMEOS Krankenhausgesellschaft Ostholstein mbH,clos-nw,,,cat_0094,src_ted_opendata,file_ted_0102,lot:LOT-0003,2026-08-19
lot_00241,LOT-0004,not_0102,pro_0095,Lieferung Lizenzen für ZNA für AMEOS Krankenhausgesellschaft Neuburg mbH,Lieferung Lizenzen für ZNA für AMEOS Krankenhausgesellschaft Neuburg mbH,clos-nw,,,cat_0094,src_ted_opendata,file_ted_0102,lot:LOT-0004,2026-08-19
lot_00242,LOT-0005,not_0102,pro_0095,Lieferung Lizenzen für ZNA für AMEOS Klinikum Aschersleben-Stassfurt GmbH,Lieferung Lizenzen für ZNA für AMEOS Klinikum Aschersleben-Stassfurt GmbH,clos-nw,,,cat_0094,src_ted_opendata,file_ted_0102,lot:LOT-0005,2026-08-19
lot_00243,LOT-0006,not_0102,pro_0095,Lieferung Lizenzen für ZNA für AMEOS Klinikum Alfeld GmbH,Lieferung Lizenzen für ZNA für AMEOS Klinikum Alfeld GmbH,clos-nw,,,cat_0094,src_ted_opendata,file_ted_0102,lot:LOT-0006,2026-08-19
lot_00244,LOT-0007,not_0102,pro_0095,Lieferung Lizenzen für ZNA für AMEOS Klinikum Schönebeck GmbH,Lieferung Lizenzen für ZNA für AMEOS Klinikum Schönebeck GmbH,clos-nw,,,cat_0094,src_ted_opendata,file_ted_0102,lot:LOT-0007,2026-08-19
lot_00245,LOT-0008,not_0102,pro_0095,Lieferung Lizenzen für ZNA für AMEOS Klinikum Halberstadt GmbH,Lieferung Lizenzen für ZNA für AMEOS Klinikum Halberstadt GmbH,clos-nw,,,cat_0094,src_ted_opendata,file_ted_0102,lot:LOT-0008,2026-08-19
lot_00246,LOT-0009,not_0102,pro_0095,Lieferung Lizenzen für ZNA für AMEOS Klinikum Haldensleben GmbH,Lieferung Lizenzen für ZNA für AMEOS Klinikum Haldensleben GmbH,clos-nw,,,cat_0094,src_ted_opendata,file_ted_0102,lot:LOT-0009,2026-08-19
lot_00247,LOT-0010,not_0102,pro_0095,Lieferung Lizenzen für ZNA für AMEOS Klinikum Bernburg GmbH,Lieferung Lizenzen für ZNA für AMEOS Klinikum Bernburg GmbH,clos-nw,,,cat_0094,src_ted_opendata,file_ted_0102,lot:LOT-0010,2026-08-19
lot_00248,LOT-0001,not_0103,pro_0004,Pakiet 12 Świadczenie usług serwisowania aparatury medycznej,Świadczenie usług serwisowania aparatury medycznej,clos-nw,,,cat_0005,src_ted_opendata,file_ted_0103,lot:LOT-0001,2026-08-19
lot_00249,LOT-0000,not_0104,pro_0096,"Maintenance des extincteurs, RIA, poteaux incendie/bouches d'incendie et colonnes sèches - Fourniture d'extincteurs, RIA neufs et autres équipements","&amp;lt;br/&amp;gt;L'accord-cadre sera exécuté par l'émission de bons de commande.&amp;lt;br/&amp;gt;Les prestations sont réglées par des prix unitaires.&amp;lt;br/&amp;gt;Le marché comprend : - la maintenance préventive, - la maintenance curative, - la fourniture de pièces détachées, accessoires et consommables, - la fourniture d'extincteurs, RIA neufs et autres équipements.&amp;lt;br/&amp;gt;",selec-w,,,cat_0095,src_ted_opendata,file_ted_0104,lot:LOT-0000,2026-08-19
lot_00250,LOT-0001,not_0105,pro_0097,Élaboration du SAGE Vézère-Corrèze,"Les caractéristiques principales sont les suivantes : Le département est structure porteuse du SAGE Vézère-Corrèze. Dans ce cadre, il assure l'animation et porte la maîtrise d'ouvrage des études nécessaires à l'élaboration du SAGE. Le SAGE Vézère-Corrèze est dans sa phase d'élaboration. Le travail mené jusqu'à présent a permis de dresser l'état initial du bassin de la Vézère. Les étapes suivantes consistent à : - Réaliser le diagnostic du bassin pour identifier et hiérarchiser les enjeux du territoire - Établir des scénarios prospectifs, en vue de définir la stratégie du bassin - Élaborer l'ensemble des documents du SAGE (PAGD, règlement, rapport d'évaluation environnementale) - Soumettre les documents du SAGE pour consultation et enquête publique avant approbation du SAGE par le Préfet",clos-nw,,,cat_0096,src_ted_opendata,file_ted_0105,lot:LOT-0001,2026-08-19
lot_00251,LOT-0001,not_0106,pro_0098,Bojové vozidlo LTATV - nákup,Pořízení 6 kusů bojových vozidel LTATV,selec-w,52066115,CZK,cat_0097,src_ted_opendata,file_ted_0106,lot:LOT-0001,2026-08-19
lot_00252,LOT-0001,not_0107,pro_0099,Dostawa żywności do bieżącego żywienia wojsk w 2025 r. – PRODUKTY GARMAŻERYJNE CHŁODZONE,"1. Przedmiotem zamówienia jest sukcesywna dostawa produktów garmażeryjnych chłodzonych. 2. Szczegółowy opis przedmiotu zamówienia w zakresie minimalnych wymagań jakościowych stanowi: załącznik nr 5 do SWZ. 3. Szczegółową specyfikację ilościową określa załącznik nr 1A do SWZ. Załącznik ten stanowi równocześnie formularz kalkulacji ceny ofertowej. 4. Integralną część opisu przedmiotu zamówienia stanowią również projektowane postanowienia umowy (załącznik nr 4 do SWZ). 5. Termin wykonania umowy: od daty podpisania umowy, nie wcześniej niż od dnia 01.01.2025 r. do dnia 31.12.2025 r. 6. Miejscem dostawy jest: 1) magazyn żywnościowy GZ Rzeszów – ul. Lwowska 5 Rzeszów; 2) magazyn żywnościowy GZ Nisko – ul. Sandomierska 20; 3) magazyn żywnościowy GZ Przemyśl – ul. 29 Listopada 1; 4) magazyn żywnościowy GZ Jarosław – ul. 3 Maja 80;",selec-w,,,cat_0098,src_ted_opendata,file_ted_0107,lot:LOT-0001,2026-08-19
lot_00253,LOT-0000,not_0108,pro_0100,Assurance des Prestations Statutaires,&amp;lt;br/&amp;gt;Les prestations sont réglées par des prix forfaitaires.&amp;lt;br/&amp;gt;&amp;lt;br/&amp;gt;,selec-w,,,cat_0047,src_ted_opendata,file_ted_0108,lot:LOT-0000,2026-08-19
lot_00254,LOT-0001,not_0109,pro_0101,Obsługa przewozów pasażerskich w transporcie zbiorowym organizowanym przez Miasto Rybnik,"Przedmiotem zamówienia jest obsługa przewozów pasażerskich w transporcie zbiorowym minimum dziesięcioma autobusami przegubowymi o parametrach technicznych opisanych w załączniku nr 7 do SWZ oraz wyposażenia wg formularza oferty oraz minimum jednym rezerwowym. Ogólne wymagania Zamawiającego. 1. Szacowana planowana wielkość pracy eksploatacyjnej w całym okresie świadczenia usług wynosi 1 801 454 wozokilometry. 2. W całym okresie realizacji umowy łączna wielkość pracy eksploatacyjnej nie zmniejszy się o więcej niż 15%, tj. 270 218,1 wozokilometra. Łączna gwarantowana minimalna wielkość pracy eksploatacyjnej wyniesie 1 531 235,9 wozokilometra. 3. Zamawiający informuje, że praca eksploatacyjna będzie wykonywana przede wszystkim w dni robocze podczas roku szkolnego. Nie przewiduje się zaangażowania autobusów w dni wolne od pracy (soboty, niedziele, święta) w okresie roku szkolnego. Ma to jednak charakter elastyczny. W okresach poza rokiem szkolnym wielkość przewozów jest mniejsza niż w roku szkolnym, co może być związane także ze zmniejszonym zaangażowaniem taboru. 4. Autobusy wyprodukowane nie wcześniej niż w 2014 roku. 5. Autobusy mogą być napędzane silnikiem zasilanym olejem napędowym spełniającym poziom emisji spalin min EURO VI lub gazem ziemnym (CNG lub LNG) lub o napędzie zeroemisyjnym (zgodnie Ustawą z dnia 11 stycznia 2018 r. o elektromobilności i paliwach alternatywnych; Dz. U. 2018 poz. 317). 6. Autobusy mają być wyposażone w automatyczną skrzynię biegów (dotyczy autobusów zasilanych olejem napędowym lub gazem ziemnym). 7. Stosownie do treści art. 29 ust. 3a ustawy Pzp, Zamawiający poniżej określa czynności w zakresie realizacji zamówienia przez osoby zatrudnione przez Wykonawcę lub podwykonawcę na podstawie umowy o pracę, tj. kierowanie autobusem w ramach obsługi przewozów pasażerskich w transporcie zbiorowym. Szczegółowe wymagania dotyczące przedmiotu zamówienia zostały określone w SWZ.",selec-w,,,cat_0087,src_ted_opendata,file_ted_0109,lot:LOT-0001,2026-08-19
lot_00255,LOT-0001,not_0110,pro_0004,Pakiet 155 Świadczenie usług serwisowania aparatury medycznej,Świadczenie usług serwisowania aparatury medycznej,clos-nw,,,cat_0005,src_ted_opendata,file_ted_0110,lot:LOT-0001,2026-08-19
lot_00256,LOT-0000,not_0111,pro_0102,242105/VRA/DCAMG/ AO ACBDC - Entretien des VMC,"Prestations de nettoyage des conduits, de vérification du fonctionnement et de remplacement de pièces défectueuses sur les Ventilations Mécanisées Contrôlées simple flux, dans les bâtiments de la Ville de Valence et de Valence Romans Agglo",selec-w,,,cat_0099,src_ted_opendata,file_ted_0111,lot:LOT-0000,2026-08-19
lot_00257,LOT-0000,not_0112,pro_0103,Default lot,"Materiale sanitare, conform caietului de sarcini. Valoarea maxima a unui contract subsecvent = 1000000 lei; Valoarea minima a unui contract subsecvent =100000 lei; Cantitatile minime si maxime si contracte subsevente sunt prezentate in anexele caietului de sarcini. Numar zile pana la care se pot solicita clarificari inainte de data limita de depunere a ofertelor : 10. Autoritatea contractanta va raspunde la solicitarile de clarificari in a 5 a zi inainte de data limita de depunere a ofertelor. Valoarea estimata, fara TVA; intre 1000000 lei si 5387811lei",selec-w,,,cat_0100,src_ted_opendata,file_ted_0112,lot:LOT-0000,2026-08-19
lot_00258,LOT-0001,not_0113,pro_0004,Pakiet 160 Świadczenie usług serwisowania aparatury medycznej,Świadczenie usług serwisowania aparatury medycznej,clos-nw,,,cat_0005,src_ted_opendata,file_ted_0113,lot:LOT-0001,2026-08-19
lot_00259,LOT-0001,not_0114,pro_0104,Postępowanie o udzielenie zamówienia publicznego w trybie przetargu nieograniczonego na zakup i dostawę zestawu narzędzi chirurgicznych,Narzędzia chirurgiczne I,selec-w,,,cat_0101,src_ted_opendata,file_ted_0114,lot:LOT-0001,2026-08-19
lot_00260,LOT-0002,not_0114,pro_0104,Postępowanie o udzielenie zamówienia publicznego w trybie przetargu nieograniczonego na zakup i dostawę zestawu narzędzi chirurgicznych,Narzędzia chirurgiczne II,selec-w,,,cat_0101,src_ted_opendata,file_ted_0114,lot:LOT-0002,2026-08-19
lot_00261,LOT-0003,not_0114,pro_0104,Postępowanie o udzielenie zamówienia publicznego w trybie przetargu nieograniczonego na zakup i dostawę zestawu narzędzi chirurgicznych,Narzędzia ortopedyczne/artroskopowe,selec-w,,,cat_0101,src_ted_opendata,file_ted_0114,lot:LOT-0003,2026-08-19
lot_00262,LOT-0004,not_0114,pro_0104,Postępowanie o udzielenie zamówienia publicznego w trybie przetargu nieograniczonego na zakup i dostawę zestawu narzędzi chirurgicznych,Narzędzia ortopedyczne /artroskopowe do małych stawów,selec-w,,,cat_0101,src_ted_opendata,file_ted_0114,lot:LOT-0004,2026-08-19
lot_00263,LOT-0005,not_0114,pro_0104,Postępowanie o udzielenie zamówienia publicznego w trybie przetargu nieograniczonego na zakup i dostawę zestawu narzędzi chirurgicznych,Zestaw do mikrochirurgii,selec-w,,,cat_0101,src_ted_opendata,file_ted_0114,lot:LOT-0005,2026-08-19
lot_00264,LOT-0008,not_0115,pro_0105,Część nr 8 - Produkty lecznicze,"1. Przedmiotem zamówienia jest sukcesywna dostawa produktów leczniczych stosowanych w ramach programów lekowych i chemioterapii oraz poza programami w podziale na 140 Części, z dostawą do trzech lokalizacji UCK WUM: - Apteki UCK WUM CSK przy ul. Nielubowicza 5, 02-097 Warszawa - Apteki UCK WUM DSK przy ul. Żwirki i Wigury 63a, 02-091 Warszawa - Apteki UCK WUM SKDJ przy ul. Lindleya 4, 02-005 Warszawa 2. Szczegółowy opis przedmiotu zamówienia stanowi Załącznik nr 2 do SWZ - Formularz asortymentowo-cenowy (odpowiednio w zakresie Części, której dotyczy).",selec-w,,,cat_0018,src_ted_opendata,file_ted_0115,lot:LOT-0008,2026-08-19
lot_00265,LOT-0030,not_0115,pro_0105,Część nr 30 - Produkty lecznicze,"1. Przedmiotem zamówienia jest sukcesywna dostawa produktów leczniczych stosowanych w ramach programów lekowych i chemioterapii oraz poza programami w podziale na 140 Części, z dostawą do trzech lokalizacji UCK WUM: - Apteki UCK WUM CSK przy ul. Nielubowicza 5, 02-097 Warszawa - Apteki UCK WUM DSK przy ul. Żwirki i Wigury 63a, 02-091 Warszawa - Apteki UCK WUM SKDJ przy ul. Lindleya 4, 02-005 Warszawa 2. Szczegółowy opis przedmiotu zamówienia stanowi Załącznik nr 2 do SWZ - Formularz asortymentowo-cenowy (odpowiednio w zakresie Części, której dotyczy).",selec-w,,,cat_0018,src_ted_opendata,file_ted_0115,lot:LOT-0030,2026-08-19
lot_00266,LOT-0052,not_0115,pro_0105,Część nr 52 - Produkty lecznicze,"1. Przedmiotem zamówienia jest sukcesywna dostawa produktów leczniczych stosowanych w ramach programów lekowych i chemioterapii oraz poza programami w podziale na 140 Części, z dostawą do trzech lokalizacji UCK WUM: - Apteki UCK WUM CSK przy ul. Nielubowicza 5, 02-097 Warszawa - Apteki UCK WUM DSK przy ul. Żwirki i Wigury 63a, 02-091 Warszawa - Apteki UCK WUM SKDJ przy ul. Lindleya 4, 02-005 Warszawa 2. Szczegółowy opis przedmiotu zamówienia stanowi Załącznik nr 2 do SWZ - Formularz asortymentowo-cenowy (odpowiednio w zakresie Części, której dotyczy).",selec-w,,,cat_0018,src_ted_opendata,file_ted_0115,lot:LOT-0052,2026-08-19
lot_00267,LOT-0053,not_0115,pro_0105,Część nr 53 - Produkty lecznicze,"1. Przedmiotem zamówienia jest sukcesywna dostawa produktów leczniczych stosowanych w ramach programów lekowych i chemioterapii oraz poza programami w podziale na 140 Części, z dostawą do trzech lokalizacji UCK WUM: - Apteki UCK WUM CSK przy ul. Nielubowicza 5, 02-097 Warszawa - Apteki UCK WUM DSK przy ul. Żwirki i Wigury 63a, 02-091 Warszawa - Apteki UCK WUM SKDJ przy ul. Lindleya 4, 02-005 Warszawa 2. Szczegółowy opis przedmiotu zamówienia stanowi Załącznik nr 2 do SWZ - Formularz asortymentowo-cenowy (odpowiednio w zakresie Części, której dotyczy).",selec-w,,,cat_0018,src_ted_opendata,file_ted_0115,lot:LOT-0053,2026-08-19
lot_00268,LOT-0057,not_0115,pro_0105,Część nr 57 - Produkty lecznicze,"1. Przedmiotem zamówienia jest sukcesywna dostawa produktów leczniczych stosowanych w ramach programów lekowych i chemioterapii oraz poza programami w podziale na 140 Części, z dostawą do trzech lokalizacji UCK WUM: - Apteki UCK WUM CSK przy ul. Nielubowicza 5, 02-097 Warszawa - Apteki UCK WUM DSK przy ul. Żwirki i Wigury 63a, 02-091 Warszawa - Apteki UCK WUM SKDJ przy ul. Lindleya 4, 02-005 Warszawa 2. Szczegółowy opis przedmiotu zamówienia stanowi Załącznik nr 2 do SWZ - Formularz asortymentowo-cenowy (odpowiednio w zakresie Części, której dotyczy).",selec-w,,,cat_0018,src_ted_opendata,file_ted_0115,lot:LOT-0057,2026-08-19
lot_00269,LOT-0068,not_0115,pro_0105,Część nr 68 - Produkty lecznicze,"1. Przedmiotem zamówienia jest sukcesywna dostawa produktów leczniczych stosowanych w ramach programów lekowych i chemioterapii oraz poza programami w podziale na 140 Części, z dostawą do trzech lokalizacji UCK WUM: - Apteki UCK WUM CSK przy ul. Nielubowicza 5, 02-097 Warszawa - Apteki UCK WUM DSK przy ul. Żwirki i Wigury 63a, 02-091 Warszawa - Apteki UCK WUM SKDJ przy ul. Lindleya 4, 02-005 Warszawa 2. Szczegółowy opis przedmiotu zamówienia stanowi Załącznik nr 2 do SWZ - Formularz asortymentowo-cenowy (odpowiednio w zakresie Części, której dotyczy).",selec-w,,,cat_0018,src_ted_opendata,file_ted_0115,lot:LOT-0068,2026-08-19
lot_00270,LOT-0069,not_0115,pro_0105,Część nr 69 - Produkty lecznicze,"1. Przedmiotem zamówienia jest sukcesywna dostawa produktów leczniczych stosowanych w ramach programów lekowych i chemioterapii oraz poza programami w podziale na 140 Części, z dostawą do trzech lokalizacji UCK WUM: - Apteki UCK WUM CSK przy ul. Nielubowicza 5, 02-097 Warszawa - Apteki UCK WUM DSK przy ul. Żwirki i Wigury 63a, 02-091 Warszawa - Apteki UCK WUM SKDJ przy ul. Lindleya 4, 02-005 Warszawa 2. Szczegółowy opis przedmiotu zamówienia stanowi Załącznik nr 2 do SWZ - Formularz asortymentowo-cenowy (odpowiednio w zakresie Części, której dotyczy).",selec-w,,,cat_0018,src_ted_opendata,file_ted_0115,lot:LOT-0069,2026-08-19
lot_00271,LOT-0074,not_0115,pro_0105,Część nr 74 - Produkty lecznicze,"1. Przedmiotem zamówienia jest sukcesywna dostawa produktów leczniczych stosowanych w ramach programów lekowych i chemioterapii oraz poza programami w podziale na 140 Części, z dostawą do trzech lokalizacji UCK WUM: - Apteki UCK WUM CSK przy ul. Nielubowicza 5, 02-097 Warszawa - Apteki UCK WUM DSK przy ul. Żwirki i Wigury 63a, 02-091 Warszawa - Apteki UCK WUM SKDJ przy ul. Lindleya 4, 02-005 Warszawa 2. Szczegółowy opis przedmiotu zamówienia stanowi Załącznik nr 2 do SWZ - Formularz asortymentowo-cenowy (odpowiednio w zakresie Części, której dotyczy).",selec-w,,,cat_0018,src_ted_opendata,file_ted_0115,lot:LOT-0074,2026-08-19
lot_00272,LOT-0081,not_0115,pro_0105,Część nr 81 - Produkty lecznicze,"1. Przedmiotem zamówienia jest sukcesywna dostawa produktów leczniczych stosowanych w ramach programów lekowych i chemioterapii oraz poza programami w podziale na 140 Części, z dostawą do trzech lokalizacji UCK WUM: - Apteki UCK WUM CSK przy ul. Nielubowicza 5, 02-097 Warszawa - Apteki UCK WUM DSK przy ul. Żwirki i Wigury 63a, 02-091 Warszawa - Apteki UCK WUM SKDJ przy ul. Lindleya 4, 02-005 Warszawa 2. Szczegółowy opis przedmiotu zamówienia stanowi Załącznik nr 2 do SWZ - Formularz asortymentowo-cenowy (odpowiednio w zakresie Części, której dotyczy).",selec-w,,,cat_0018,src_ted_opendata,file_ted_0115,lot:LOT-0081,2026-08-19
lot_00273,LOT-0088,not_0115,pro_0105,Część nr 88 - Produkty lecznicze,"1. Przedmiotem zamówienia jest sukcesywna dostawa produktów leczniczych stosowanych w ramach programów lekowych i chemioterapii oraz poza programami w podziale na 140 Części, z dostawą do trzech lokalizacji UCK WUM: - Apteki UCK WUM CSK przy ul. Nielubowicza 5, 02-097 Warszawa - Apteki UCK WUM DSK przy ul. Żwirki i Wigury 63a, 02-091 Warszawa - Apteki UCK WUM SKDJ przy ul. Lindleya 4, 02-005 Warszawa 2. Szczegółowy opis przedmiotu zamówienia stanowi Załącznik nr 2 do SWZ - Formularz asortymentowo-cenowy (odpowiednio w zakresie Części, której dotyczy).",selec-w,,,cat_0018,src_ted_opendata,file_ted_0115,lot:LOT-0088,2026-08-19
lot_00274,LOT-0089,not_0115,pro_0105,Część nr 89 - Produkty lecznicze,"1. Przedmiotem zamówienia jest sukcesywna dostawa produktów leczniczych stosowanych w ramach programów lekowych i chemioterapii oraz poza programami w podziale na 140 Części, z dostawą do trzech lokalizacji UCK WUM: - Apteki UCK WUM CSK przy ul. Nielubowicza 5, 02-097 Warszawa - Apteki UCK WUM DSK przy ul. Żwirki i Wigury 63a, 02-091 Warszawa - Apteki UCK WUM SKDJ przy ul. Lindleya 4, 02-005 Warszawa 2. Szczegółowy opis przedmiotu zamówienia stanowi Załącznik nr 2 do SWZ - Formularz asortymentowo-cenowy (odpowiednio w zakresie Części, której dotyczy).",selec-w,,,cat_0018,src_ted_opendata,file_ted_0115,lot:LOT-0089,2026-08-19
lot_00275,LOT-0101,not_0115,pro_0105,Część nr 101 - Produkty lecznicze,"1. Przedmiotem zamówienia jest sukcesywna dostawa produktów leczniczych stosowanych w ramach programów lekowych i chemioterapii oraz poza programami w podziale na 140 Części, z dostawą do trzech lokalizacji UCK WUM: - Apteki UCK WUM CSK przy ul. Nielubowicza 5, 02-097 Warszawa - Apteki UCK WUM DSK przy ul. Żwirki i Wigury 63a, 02-091 Warszawa - Apteki UCK WUM SKDJ przy ul. Lindleya 4, 02-005 Warszawa 2. Szczegółowy opis przedmiotu zamówienia stanowi Załącznik nr 2 do SWZ - Formularz asortymentowo-cenowy (odpowiednio w zakresie Części, której dotyczy).",selec-w,,,cat_0018,src_ted_opendata,file_ted_0115,lot:LOT-0101,2026-08-19
lot_00276,LOT-0132,not_0115,pro_0105,Część nr 132 - Produkty lecznicze,"1. Przedmiotem zamówienia jest sukcesywna dostawa produktów leczniczych stosowanych w ramach programów lekowych i chemioterapii oraz poza programami w podziale na 140 Części, z dostawą do trzech lokalizacji UCK WUM: - Apteki UCK WUM CSK przy ul. Nielubowicza 5, 02-097 Warszawa - Apteki UCK WUM DSK przy ul. Żwirki i Wigury 63a, 02-091 Warszawa - Apteki UCK WUM SKDJ przy ul. Lindleya 4, 02-005 Warszawa 2. Szczegółowy opis przedmiotu zamówienia stanowi Załącznik nr 2 do SWZ - Formularz asortymentowo-cenowy (odpowiednio w zakresie Części, której dotyczy).",selec-w,,,cat_0018,src_ted_opendata,file_ted_0115,lot:LOT-0132,2026-08-19
lot_00277,LOT-0138,not_0115,pro_0105,Część nr 138 - Produkty lecznicze,"1. Przedmiotem zamówienia jest sukcesywna dostawa produktów leczniczych stosowanych w ramach programów lekowych i chemioterapii oraz poza programami w podziale na 140 Części, z dostawą do trzech lokalizacji UCK WUM: - Apteki UCK WUM CSK przy ul. Nielubowicza 5, 02-097 Warszawa - Apteki UCK WUM DSK przy ul. Żwirki i Wigury 63a, 02-091 Warszawa - Apteki UCK WUM SKDJ przy ul. Lindleya 4, 02-005 Warszawa 2. Szczegółowy opis przedmiotu zamówienia stanowi Załącznik nr 2 do SWZ - Formularz asortymentowo-cenowy (odpowiednio w zakresie Części, której dotyczy).",selec-w,,,cat_0018,src_ted_opendata,file_ted_0115,lot:LOT-0138,2026-08-19
lot_00278,LOT-0001,not_0116,pro_0106,Konkurs ofert na zawarcie umowy o udzielenie zamówienia na świadczenia zdrowotne na potrzeby Szpitala Wielospecjalistycznego im. L. Błażka w Inowrocławiu,Przedmiotem konkursu ofert jest wybór wykonawcy -Przyjmującego Zamówienia na świadczenia zdrowotne na potrzeby Szpitala Wielospecjalistycznego im. L. Błażka w Inowrocławiu,selec-w,,,cat_0102,src_ted_opendata,file_ted_0116,lot:LOT-0001,2026-08-19
lot_00279,LOT-0062,not_0117,pro_0105,Część nr 62 - Produkty lecznicze,"1. Przedmiotem zamówienia jest sukcesywna dostawa produktów leczniczych stosowanych w ramach programów lekowych i chemioterapii oraz poza programami w podziale na 140 Części, z dostawą do trzech lokalizacji UCK WUM: - Apteki UCK WUM CSK przy ul. Nielubowicza 5, 02-097 Warszawa - Apteki UCK WUM DSK przy ul. Żwirki i Wigury 63a, 02-091 Warszawa - Apteki UCK WUM SKDJ przy ul. Lindleya 4, 02-005 Warszawa 2. Szczegółowy opis przedmiotu zamówienia stanowi Załącznik nr 2 do SWZ - Formularz asortymentowo-cenowy (odpowiednio w zakresie Części, której dotyczy).",selec-w,,,cat_0018,src_ted_opendata,file_ted_0117,lot:LOT-0062,2026-08-19
lot_00280,LOT-0080,not_0117,pro_0105,Część nr 80 - Produkty lecznicze,"1. Przedmiotem zamówienia jest sukcesywna dostawa produktów leczniczych stosowanych w ramach programów lekowych i chemioterapii oraz poza programami w podziale na 140 Części, z dostawą do trzech lokalizacji UCK WUM: - Apteki UCK WUM CSK przy ul. Nielubowicza 5, 02-097 Warszawa - Apteki UCK WUM DSK przy ul. Żwirki i Wigury 63a, 02-091 Warszawa - Apteki UCK WUM SKDJ przy ul. Lindleya 4, 02-005 Warszawa 2. Szczegółowy opis przedmiotu zamówienia stanowi Załącznik nr 2 do SWZ - Formularz asortymentowo-cenowy (odpowiednio w zakresie Części, której dotyczy).",selec-w,,,cat_0018,src_ted_opendata,file_ted_0117,lot:LOT-0080,2026-08-19
lot_00281,LOT-0085,not_0117,pro_0105,Część nr 85 - Produkty lecznicze,"1. Przedmiotem zamówienia jest sukcesywna dostawa produktów leczniczych stosowanych w ramach programów lekowych i chemioterapii oraz poza programami w podziale na 140 Części, z dostawą do trzech lokalizacji UCK WUM: - Apteki UCK WUM CSK przy ul. Nielubowicza 5, 02-097 Warszawa - Apteki UCK WUM DSK przy ul. Żwirki i Wigury 63a, 02-091 Warszawa - Apteki UCK WUM SKDJ przy ul. Lindleya 4, 02-005 Warszawa 2. Szczegółowy opis przedmiotu zamówienia stanowi Załącznik nr 2 do SWZ - Formularz asortymentowo-cenowy (odpowiednio w zakresie Części, której dotyczy).",selec-w,,,cat_0018,src_ted_opendata,file_ted_0117,lot:LOT-0085,2026-08-19
lot_00282,LOT-0090,not_0117,pro_0105,Część nr 90 - Produkty lecznicze,"1. Przedmiotem zamówienia jest sukcesywna dostawa produktów leczniczych stosowanych w ramach programów lekowych i chemioterapii oraz poza programami w podziale na 140 Części, z dostawą do trzech lokalizacji UCK WUM: - Apteki UCK WUM CSK przy ul. Nielubowicza 5, 02-097 Warszawa - Apteki UCK WUM DSK przy ul. Żwirki i Wigury 63a, 02-091 Warszawa - Apteki UCK WUM SKDJ przy ul. Lindleya 4, 02-005 Warszawa 2. Szczegółowy opis przedmiotu zamówienia stanowi Załącznik nr 2 do SWZ - Formularz asortymentowo-cenowy (odpowiednio w zakresie Części, której dotyczy).",selec-w,,,cat_0018,src_ted_opendata,file_ted_0117,lot:LOT-0090,2026-08-19
lot_00283,LOT-0098,not_0117,pro_0105,Część nr 98 - Produkty lecznicze,"1. Przedmiotem zamówienia jest sukcesywna dostawa produktów leczniczych stosowanych w ramach programów lekowych i chemioterapii oraz poza programami w podziale na 140 Części, z dostawą do trzech lokalizacji UCK WUM: - Apteki UCK WUM CSK przy ul. Nielubowicza 5, 02-097 Warszawa - Apteki UCK WUM DSK przy ul. Żwirki i Wigury 63a, 02-091 Warszawa - Apteki UCK WUM SKDJ przy ul. Lindleya 4, 02-005 Warszawa 2. Szczegółowy opis przedmiotu zamówienia stanowi Załącznik nr 2 do SWZ - Formularz asortymentowo-cenowy (odpowiednio w zakresie Części, której dotyczy).",selec-w,,,cat_0018,src_ted_opendata,file_ted_0117,lot:LOT-0098,2026-08-19
lot_00284,LOT-0112,not_0117,pro_0105,Część nr 112 - Produkty lecznicze,"1. Przedmiotem zamówienia jest sukcesywna dostawa produktów leczniczych stosowanych w ramach programów lekowych i chemioterapii oraz poza programami w podziale na 140 Części, z dostawą do trzech lokalizacji UCK WUM: - Apteki UCK WUM CSK przy ul. Nielubowicza 5, 02-097 Warszawa - Apteki UCK WUM DSK przy ul. Żwirki i Wigury 63a, 02-091 Warszawa - Apteki UCK WUM SKDJ przy ul. Lindleya 4, 02-005 Warszawa 2. Szczegółowy opis przedmiotu zamówienia stanowi Załącznik nr 2 do SWZ - Formularz asortymentowo-cenowy (odpowiednio w zakresie Części, której dotyczy).",selec-w,,,cat_0018,src_ted_opendata,file_ted_0117,lot:LOT-0112,2026-08-19
lot_00285,LOT-0118,not_0117,pro_0105,Część nr 118 - Produkty lecznicze,"1. Przedmiotem zamówienia jest sukcesywna dostawa produktów leczniczych stosowanych w ramach programów lekowych i chemioterapii oraz poza programami w podziale na 140 Części, z dostawą do trzech lokalizacji UCK WUM: - Apteki UCK WUM CSK przy ul. Nielubowicza 5, 02-097 Warszawa - Apteki UCK WUM DSK przy ul. Żwirki i Wigury 63a, 02-091 Warszawa - Apteki UCK WUM SKDJ przy ul. Lindleya 4, 02-005 Warszawa 2. Szczegółowy opis przedmiotu zamówienia stanowi Załącznik nr 2 do SWZ - Formularz asortymentowo-cenowy (odpowiednio w zakresie Części, której dotyczy).",selec-w,,,cat_0018,src_ted_opendata,file_ted_0117,lot:LOT-0118,2026-08-19
lot_00286,LOT-0125,not_0117,pro_0105,Część nr 125 - Produkty lecznicze,"1. Przedmiotem zamówienia jest sukcesywna dostawa produktów leczniczych stosowanych w ramach programów lekowych i chemioterapii oraz poza programami w podziale na 140 Części, z dostawą do trzech lokalizacji UCK WUM: - Apteki UCK WUM CSK przy ul. Nielubowicza 5, 02-097 Warszawa - Apteki UCK WUM DSK przy ul. Żwirki i Wigury 63a, 02-091 Warszawa - Apteki UCK WUM SKDJ przy ul. Lindleya 4, 02-005 Warszawa 2. Szczegółowy opis przedmiotu zamówienia stanowi Załącznik nr 2 do SWZ - Formularz asortymentowo-cenowy (odpowiednio w zakresie Części, której dotyczy).",selec-w,,,cat_0018,src_ted_opendata,file_ted_0117,lot:LOT-0125,2026-08-19
lot_00287,LOT-0135,not_0117,pro_0105,Część nr 135 - Produkty lecznicze,"1. Przedmiotem zamówienia jest sukcesywna dostawa produktów leczniczych stosowanych w ramach programów lekowych i chemioterapii oraz poza programami w podziale na 140 Części, z dostawą do trzech lokalizacji UCK WUM: - Apteki UCK WUM CSK przy ul. Nielubowicza 5, 02-097 Warszawa - Apteki UCK WUM DSK przy ul. Żwirki i Wigury 63a, 02-091 Warszawa - Apteki UCK WUM SKDJ przy ul. Lindleya 4, 02-005 Warszawa 2. Szczegółowy opis przedmiotu zamówienia stanowi Załącznik nr 2 do SWZ - Formularz asortymentowo-cenowy (odpowiednio w zakresie Części, której dotyczy).",selec-w,,,cat_0018,src_ted_opendata,file_ted_0117,lot:LOT-0135,2026-08-19
lot_00288,LOT-0001,not_0118,pro_0004,Pakiet 161 Świadczenie usług serwisowania aparatury medycznej,Świadczenie usług serwisowania aparatury medycznej,clos-nw,,,cat_0005,src_ted_opendata,file_ted_0118,lot:LOT-0001,2026-08-19
lot_00289,LOT-0000,not_0119,pro_0107,UREĐAJ ZA OBRADU INFEKTIVNOG OTPADA,"Predmet nabave je roba: uređaj za obradu infektivnog otpada za potrebe KBC-a Osijek uključujući isporuku uređaja, instalaciju i puštanje u punu funkciju rada uređaja, edukaciju korisnika o rukovanju i radu na uređaju u trajanju od najmanje 5 (pet) radnih dana te redovno održavanje opreme tijekom jamstvenog perioda u trajanju minimalno od 12 (dvanaest) mjeseci. Opis predmeta nabave potpuno je utvrđen u Tehničkoj specifikaciji u kojem su detaljno opisane minimalne karakteristike traženog predmeta nabave. Ponuditelji su dužni ponuditi predmet nabave sukladno zahtjevima i potrebama Naručitelja opisanih u tehničkoj specifikaciji predmeta nabave te svim ostalim uvjetima i zahtjevima navedenima u ovoj Dokumentaciji.",selec-w,222974.40,EUR,cat_0104,src_ted_opendata,file_ted_0119,lot:LOT-0000,2026-08-19
lot_00290,LOT-0001,not_0120,pro_0108,Zadanie nr 1,Ubezpieczenie mienia od wszystkich ryzyk.,selec-w,,,cat_0028,src_ted_opendata,file_ted_0120,lot:LOT-0001,2026-08-19
lot_00291,LOT-0002,not_0120,pro_0108,Zadanie nr 2,Dobrowolne ubezpieczenie odpowiedzialności cywilnej (pozamedyczne),selec-w,,,cat_0028,src_ted_opendata,file_ted_0120,lot:LOT-0002,2026-08-19
lot_00292,LOT-0003,not_0120,pro_0108,Zadanie nr 3,Obowiązkowe Ubezpieczenie OC Podmiotu Wykonującego Działalność Leczniczą oraz Dobrowolne Ubezpieczenie Odpowiedzialności Cywilnej (Medyczne Nadwyżkowe),selec-w,,,cat_0028,src_ted_opendata,file_ted_0120,lot:LOT-0003,2026-08-19
lot_00293,LOT-0004,not_0120,pro_0108,Zadanie nr 4,"Ubezpieczenia komunikacyjne (OC, AC+KR, NNW, ASS)",selec-w,,,cat_0028,src_ted_opendata,file_ted_0120,lot:LOT-0004,2026-08-19
lot_00294,LOT-0001,not_0121,pro_0109,"Zadanie nr 1 - Przewody nawojowe, w asortymencie ujętym w wykazie stanowiącym załącznik nr 5, zgodnie z postanowieniami SWZ.","1. Przedmiotem zamówienia jest dostawa kabli i przewodów elektroenergetycznych niskiego i średniego napięcia oraz kabli sygnalizacyjnych i teletechnicznych do zastosowania w zakładzie górniczym na powierzchni i w wyrobiskach podziemnych w pomieszczeniach ze stopniem „a”, „b” i ,,c” niebezpieczeństwa wybuchu metanu oraz klasy „A” i „B” zagrożenia wybuchem pyłu węglowego”– zgodnie z postanowieniami SWZ. 2. Szczegółowy opis przedmiotu zamówienia zawiera Część III SWZ Opis Przedmiotu Zamówienia. 3. Przedmiotowe zamówienie jest zamówieniem sektorowym w rozumieniu art. 7 pkt 35) ustawy Pzp.",selec-w,,,cat_0105,src_ted_opendata,file_ted_0121,lot:LOT-0001,2026-08-19
lot_00295,LOT-0002,not_0121,pro_0109,"Zadanie nr 2 - Przewody elektroenergetyczne do układania na stałe, w asortymencie ujętym w wykazie stanowiącym załącznik nr 5, zgodnie z postanowieniami SWZ","1. Przedmiotem zamówienia jest dostawa kabli i przewodów elektroenergetycznych niskiego i średniego napięcia oraz kabli sygnalizacyjnych i teletechnicznych do zastosowania w zakładzie górniczym na powierzchni i w wyrobiskach podziemnych w pomieszczeniach ze stopniem „a”, „b” i ,,c” niebezpieczeństwa wybuchu metanu oraz klasy „A” i „B” zagrożenia wybuchem pyłu węglowego”– zgodnie z postanowieniami SWZ. 2. Szczegółowy opis przedmiotu zamówienia zawiera Część III SWZ Opis Przedmiotu Zamówienia. 3. Przedmiotowe zamówienie jest zamówieniem sektorowym w rozumieniu art. 7 pkt 35) ustawy Pzp.",selec-w,,,cat_0105,src_ted_opendata,file_ted_0121,lot:LOT-0002,2026-08-19
lot_00296,LOT-0003,not_0121,pro_0109,"Zadanie nr 3 - Kable sterownicze i sygnalizacyjne, w asortymencie ujętym w wykazie stanowiącym załącznik nr 5, zgodnie z postanowieniami SWZ","1. Przedmiotem zamówienia jest dostawa kabli i przewodów elektroenergetycznych niskiego i średniego napięcia oraz kabli sygnalizacyjnych i teletechnicznych do zastosowania w zakładzie górniczym na powierzchni i w wyrobiskach podziemnych w pomieszczeniach ze stopniem „a”, „b” i ,,c” niebezpieczeństwa wybuchu metanu oraz klasy „A” i „B” zagrożenia wybuchem pyłu węglowego”– zgodnie z postanowieniami SWZ. 2. Szczegółowy opis przedmiotu zamówienia zawiera Część III SWZ Opis Przedmiotu Zamówienia. 3. Przedmiotowe zamówienie jest zamówieniem sektorowym w rozumieniu art. 7 pkt 35) ustawy Pzp.",selec-w,,,cat_0105,src_ted_opendata,file_ted_0121,lot:LOT-0003,2026-08-19
lot_00297,LOT-0005,not_0121,pro_0109,"Zadanie nr 4 - Przewody elektroenergetyczne do odbiorników ruchomych i przenośnych, w asortymencie ujętym w wykazie stanowiącym załącznik nr 5, zgodnie z postanowieniami SWZ","1. Przedmiotem zamówienia jest dostawa kabli i przewodów elektroenergetycznych niskiego i średniego napięcia oraz kabli sygnalizacyjnych i teletechnicznych do zastosowania w zakładzie górniczym na powierzchni i w wyrobiskach podziemnych w pomieszczeniach ze stopniem „a”, „b” i ,,c” niebezpieczeństwa wybuchu metanu oraz klasy „A” i „B” zagrożenia wybuchem pyłu węglowego”– zgodnie z postanowieniami SWZ. 2. Szczegółowy opis przedmiotu zamówienia zawiera Część III SWZ Opis Przedmiotu Zamówienia. 3. Przedmiotowe zamówienie jest zamówieniem sektorowym w rozumieniu art. 7 pkt 35) ustawy Pzp.",selec-w,,,cat_0105,src_ted_opendata,file_ted_0121,lot:LOT-0005,2026-08-19
lot_00298,LOT-0006,not_0121,pro_0109,"Zadanie nr 6 - Przewody oponowe elektroenergetyczne gumowe Protomont, w asortymencie ujętym w wykazie stanowiącym załącznik nr 5, zgodnie z postanowieniami SWZ.","1. Przedmiotem zamówienia jest dostawa kabli i przewodów elektroenergetycznych niskiego i średniego napięcia oraz kabli sygnalizacyjnych i teletechnicznych do zastosowania w zakładzie górniczym na powierzchni i w wyrobiskach podziemnych w pomieszczeniach ze stopniem „a”, „b” i ,,c” niebezpieczeństwa wybuchu metanu oraz klasy „A” i „B” zagrożenia wybuchem pyłu węglowego”– zgodnie z postanowieniami SWZ. 2. Szczegółowy opis przedmiotu zamówienia zawiera Część III SWZ Opis Przedmiotu Zamówienia. 3. Przedmiotowe zamówienie jest zamówieniem sektorowym w rozumieniu art. 7 pkt 35) ustawy Pzp.",selec-w,,,cat_0105,src_ted_opendata,file_ted_0121,lot:LOT-0006,2026-08-19
lot_00299,LOT-0007,not_0121,pro_0109,"Zadanie nr 7 - Przewody oponowe elektroenergetyczne polwinitowe, w asortymencie ujętym w wykazie stanowiącym załącznik nr 5, zgodnie z postanowieniami SWZ.","1. Przedmiotem zamówienia jest dostawa kabli i przewodów elektroenergetycznych niskiego i średniego napięcia oraz kabli sygnalizacyjnych i teletechnicznych do zastosowania w zakładzie górniczym na powierzchni i w wyrobiskach podziemnych w pomieszczeniach ze stopniem „a”, „b” i ,,c” niebezpieczeństwa wybuchu metanu oraz klasy „A” i „B” zagrożenia wybuchem pyłu węglowego”– zgodnie z postanowieniami SWZ. 2. Szczegółowy opis przedmiotu zamówienia zawiera Część III SWZ Opis Przedmiotu Zamówienia. 3. Przedmiotowe zamówienie jest zamówieniem sektorowym w rozumieniu art. 7 pkt 35) ustawy Pzp.",selec-w,,,cat_0105,src_ted_opendata,file_ted_0121,lot:LOT-0007,2026-08-19
lot_00300,LOT-0009,not_0121,pro_0109,"Zadanie nr 8 - Kable elektroenergetyczne, w asortymencie ujętym w wykazie stanowiącym załącznik nr 5, zgodnie z postanowieniami SWZ.","1. Przedmiotem zamówienia jest dostawa kabli i przewodów elektroenergetycznych niskiego i średniego napięcia oraz kabli sygnalizacyjnych i teletechnicznych do zastosowania w zakładzie górniczym na powierzchni i w wyrobiskach podziemnych w pomieszczeniach ze stopniem „a”, „b” i ,,c” niebezpieczeństwa wybuchu metanu oraz klasy „A” i „B” zagrożenia wybuchem pyłu węglowego”– zgodnie z postanowieniami SWZ. 2. Szczegółowy opis przedmiotu zamówienia zawiera Część III SWZ Opis Przedmiotu Zamówienia. 3. Przedmiotowe zamówienie jest zamówieniem sektorowym w rozumieniu art. 7 pkt 35) ustawy Pzp.",selec-w,,,cat_0105,src_ted_opendata,file_ted_0121,lot:LOT-0009,2026-08-19
lot_00301,LOT-0010,not_0121,pro_0109,"Zadanie nr 9 -Kable telekomunikacyjne, w asortymencie ujętym w wykazie stanowiącym załącznik nr 5, zgodnie z postanowieniami SWZ.","1. Przedmiotem zamówienia jest dostawa kabli i przewodów elektroenergetycznych niskiego i średniego napięcia oraz kabli sygnalizacyjnych i teletechnicznych do zastosowania w zakładzie górniczym na powierzchni i w wyrobiskach podziemnych w pomieszczeniach ze stopniem „a”, „b” i ,,c” niebezpieczeństwa wybuchu metanu oraz klasy „A” i „B” zagrożenia wybuchem pyłu węglowego”– zgodnie z postanowieniami SWZ. 2. Szczegółowy opis przedmiotu zamówienia zawiera Część III SWZ Opis Przedmiotu Zamówienia. 3. Przedmiotowe zamówienie jest zamówieniem sektorowym w rozumieniu art. 7 pkt 35) ustawy Pzp.",selec-w,,,cat_0105,src_ted_opendata,file_ted_0121,lot:LOT-0010,2026-08-19
lot_00302,LOT-0011,not_0121,pro_0109,"Zadanie nr 10 - Kable światłowodowe, w asortymencie ujętym w wykazie stanowiącym załącznik nr 5, zgodnie z postanowieniami SWZ.","1. Przedmiotem zamówienia jest dostawa kabli i przewodów elektroenergetycznych niskiego i średniego napięcia oraz kabli sygnalizacyjnych i teletechnicznych do zastosowania w zakładzie górniczym na powierzchni i w wyrobiskach podziemnych w pomieszczeniach ze stopniem „a”, „b” i ,,c” niebezpieczeństwa wybuchu metanu oraz klasy „A” i „B” zagrożenia wybuchem pyłu węglowego”– zgodnie z postanowieniami SWZ. 2. Szczegółowy opis przedmiotu zamówienia zawiera Część III SWZ Opis Przedmiotu Zamówienia. 3. Przedmiotowe zamówienie jest zamówieniem sektorowym w rozumieniu art. 7 pkt 35) ustawy Pzp.",clos-nw,,,cat_0105,src_ted_opendata,file_ted_0121,lot:LOT-0011,2026-08-19
lot_00303,LOT-0012,not_0121,pro_0109,"Zadanie nr 11 - Przewody słaboprądowe, w asortymencie ujętym w wykazie stanowiącym załącznik nr 5, zgodnie z postanowieniami SWZ.","1. Przedmiotem zamówienia jest dostawa kabli i przewodów elektroenergetycznych niskiego i średniego napięcia oraz kabli sygnalizacyjnych i teletechnicznych do zastosowania w zakładzie górniczym na powierzchni i w wyrobiskach podziemnych w pomieszczeniach ze stopniem „a”, „b” i ,,c” niebezpieczeństwa wybuchu metanu oraz klasy „A” i „B” zagrożenia wybuchem pyłu węglowego”– zgodnie z postanowieniami SWZ. 2. Szczegółowy opis przedmiotu zamówienia zawiera Część III SWZ Opis Przedmiotu Zamówienia. 3. Przedmiotowe zamówienie jest zamówieniem sektorowym w rozumieniu art. 7 pkt 35) ustawy Pzp.",clos-nw,,,cat_0105,src_ted_opendata,file_ted_0121,lot:LOT-0012,2026-08-19
lot_00304,LOT-0013,not_0121,pro_0109,"Zadanie nr 12 - Przewody strzałowe, w asortymencie zgodnym z wykazem stanowiącym załącznik nr 5 do SWZ.","1. Przedmiotem zamówienia jest dostawa kabli i przewodów elektroenergetycznych niskiego i średniego napięcia oraz kabli sygnalizacyjnych i teletechnicznych do zastosowania w zakładzie górniczym na powierzchni i w wyrobiskach podziemnych w pomieszczeniach ze stopniem „a”, „b” i ,,c” niebezpieczeństwa wybuchu metanu oraz klasy „A” i „B” zagrożenia wybuchem pyłu węglowego”– zgodnie z postanowieniami SWZ. 2. Szczegółowy opis przedmiotu zamówienia zawiera Część III SWZ Opis Przedmiotu Zamówienia. 3. Przedmiotowe zamówienie jest zamówieniem sektorowym w rozumieniu art. 7 pkt 35) ustawy Pzp.",selec-w,,,cat_0105,src_ted_opendata,file_ted_0121,lot:LOT-0013,2026-08-19
lot_00305,LOT-0014,not_0121,pro_0109,"Zadanie nr 13 - Przewody spawalnicze, w asortymencie zgodnym z wykazem stanowiącym załącznik nr 5 do SWZ.","1. Przedmiotem zamówienia jest dostawa kabli i przewodów elektroenergetycznych niskiego i średniego napięcia oraz kabli sygnalizacyjnych i teletechnicznych do zastosowania w zakładzie górniczym na powierzchni i w wyrobiskach podziemnych w pomieszczeniach ze stopniem „a”, „b” i ,,c” niebezpieczeństwa wybuchu metanu oraz klasy „A” i „B” zagrożenia wybuchem pyłu węglowego”– zgodnie z postanowieniami SWZ. 2. Szczegółowy opis przedmiotu zamówienia zawiera Część III SWZ Opis Przedmiotu Zamówienia. 3. Przedmiotowe zamówienie jest zamówieniem sektorowym w rozumieniu art. 7 pkt 35) ustawy Pzp.",selec-w,,,cat_0105,src_ted_opendata,file_ted_0121,lot:LOT-0014,2026-08-19
lot_00306,LOT-0015,not_0121,pro_0109,"Zadanie nr 14 - Kable i przewody specjalne, w asortymencie zgodnym z wykazem stanowiącym załącznik nr 5 do SWZ.","1. Przedmiotem zamówienia jest dostawa kabli i przewodów elektroenergetycznych niskiego i średniego napięcia oraz kabli sygnalizacyjnych i teletechnicznych do zastosowania w zakładzie górniczym na powierzchni i w wyrobiskach podziemnych w pomieszczeniach ze stopniem „a”, „b” i ,,c” niebezpieczeństwa wybuchu metanu oraz klasy „A” i „B” zagrożenia wybuchem pyłu węglowego”– zgodnie z postanowieniami SWZ. 2. Szczegółowy opis przedmiotu zamówienia zawiera Część III SWZ Opis Przedmiotu Zamówienia. 3. Przedmiotowe zamówienie jest zamówieniem sektorowym w rozumieniu art. 7 pkt 35) ustawy Pzp.",clos-nw,,,cat_0105,src_ted_opendata,file_ted_0121,lot:LOT-0015,2026-08-19
lot_00307,LOT-0001,not_0122,pro_0110,"Рекламни материали за целите и нуждите на Звено „Център за младежки дейности“ – гр. Враца, съгласно списъка по чл. 12, ал. 1, т. 1 от Закона за обществените поръчки","Обособена позиция № 2 – „Рекламни материали за целите и нуждите на Звено „Център за младежки дейности“ – гр. Враца, съгласно списъка по чл. 12, ал. 1, т. 1 от Закона за обществените поръчки“ с предмет и обем, както следва: Брошури на български език - 500 бр. Брошури на английски език - 500 бр. Кръгли стикери - 1000 бр. Дамска тениска - 200 бр. Мъжка тениска - 200 бр. Суитшърти - 200 бр. Офис комплект с тефтер - 500 бр. На основание чл. 80 от ППЗОП, във връзка с чл. 12 от ЗОП, Възложителят запазва настоящата обособена позиция за участие на специализирани предприятия или кооперации на хора с увреждания във връзка със Списъка на стоките и услугите по чл. 12, ал. 1, т. 1 от ЗОП. Когато са подадени оферти, както от лица, за които поръчката е запазена, така и от други лица, първо се разглеждат офертите на лицата, за които позицията е запазена. Офертите на останалите лица се разглежда само ако няма допуснати оферти на лица, за които поръчката е запазена. !!! Прогнозната стойност за всяка от обособените позиции е крайна и предложенията за обща цена на участниците не може да я надвишават. Участник, чието предложение надхвърля прогнозната стойност ще бъде отстранен от участие в процедурата. Забележка. На основание чл. 104, ал. 2 от ЗОП председателят на комисията декриптира офертите и отваря ценовите предложения заедно с документите по чл. 39, ал. 2 и ал. 3, т. 1 от ППЗОП. Действията на комисията по разглеждане, оценка и класиране на офертите ще се извърши по реда на чл. 61, ал. 1, изречение първо, и ал. 2, 3 и 4 от ППЗОП.",selec-w,23637.22,BGN,cat_0106,src_ted_opendata,file_ted_0122,lot:LOT-0001,2026-08-19
lot_00308,LOT-0005,not_0123,pro_0111,Nákup mediálneho priestoru - online,"Predmetom zákaziek zadávaných v rámci tejto kategórie zriadeného dynamického nákupného systému bude na základe aktuálnych potrieb verejného obstarávateľa nákup mediálneho priestoru v online prostredí: najmä display reklama, rôzne formáty statických a dynamických bannerov, video bannerov, full branding stránok napríklad na sme.sk, seznam.cz a podobne, sociálnych médií (FB, Twitter a i.), Google Ads, SEO, podcastov (Spotify, Google, Apple podcast a i.) a iné online formáty v rámci SR v krajinách EU a v mimoeurópskych krajinách.",selec-w,4580000,EUR,cat_0107,src_ted_opendata,file_ted_0123,lot:LOT-0005,2026-08-19
lot_00309,LOT-0001,not_0124,pro_0112,Pakiet 1,"1 Szanty wieńcowe - rozmiary: 1,5mm-1,75mm-2,0mm-2,25mm-2,5mm szt. 200",selec-w,,,cat_0108,src_ted_opendata,file_ted_0124,lot:LOT-0001,2026-08-19
lot_00310,LOT-0002,not_0124,pro_0112,Pakiet 2,1 Cewnik do drenażu klatki piersiowej prosty szt. 1800 2 Cewnik do drenażu klatki piersiowej zagięty szt. 1800 3 Łącznik typu Y. szt. 3000,selec-w,,,cat_0108,src_ted_opendata,file_ted_0124,lot:LOT-0002,2026-08-19
lot_00311,LOT-0003,not_0124,pro_0112,Pakiet 3,"1 Prowadnik o nitinolowym rdzeniu pokrytym polimerową powłoką hydrofilną. szt. 300 2 Światło wewnętrzne dla 6F 1.42mm /.056”/, dla 5F lewy 1.19mm /.047”/, 5F prawy 1.14mm /.045”/ (dwie różne średnice przy 5F do prawej i lewej tętnicy: większy przepływ do LCA i lepsze podparcie do RCA) szt. 500",selec-w,,,cat_0108,src_ted_opendata,file_ted_0124,lot:LOT-0003,2026-08-19
lot_00312,LOT-0004,not_0124,pro_0112,Pakiet 4,"1 Cewnik balonowy wysokociśnieniowy do walwuloplastyki,szt. 50",selec-w,,,cat_0108,src_ted_opendata,file_ted_0124,lot:LOT-0004,2026-08-19
lot_00313,LOT-0005,not_0124,pro_0112,Pakiet 5,"1 Inflator z plastikową igłą tępą: zest. 120 2 Inflator:nie zawiera latexu, zest. 120",clos-nw,,,cat_0108,src_ted_opendata,file_ted_0124,lot:LOT-0005,2026-08-19
lot_00314,LOT-0006,not_0124,pro_0112,Pakiet 6,"Matryca kolagenowa z klejem do tkanek (fibrynogen 5,5mg ; trombina 2,0 j.m) 1 Opakowanie z 1 matrycą 3,0 cm x 2,5 cm szt. 100 2 Opakowanie z 2 matrycami 4,8 cm x 4,8 cm szt. 100 3 Opakowanie z 1 matrycą 9,5 cm x 4,8 cm szt. 120",clos-nw,,,cat_0108,src_ted_opendata,file_ted_0124,lot:LOT-0006,2026-08-19
lot_00315,LOT-0007,not_0124,pro_0112,Pakiet 7,"1 Klej tkankowy op a 5 szt. 10 2 Aplikator z elastyczną końcówką przedłużającą o długości 20 cm, op a 4 szt. 5",selec-w,,,cat_0108,src_ted_opendata,file_ted_0124,lot:LOT-0007,2026-08-19
lot_00316,LOT-0008,not_0124,pro_0112,Pakiet 8,"1 Siateczka homeostatyczna (rozmiar 5cm x 7,5cm) szt. 900",selec-w,,,cat_0108,src_ted_opendata,file_ted_0124,lot:LOT-0008,2026-08-19
lot_00317,LOT-0009,not_0124,pro_0112,Pakiet 9,"1 Dwuskładnikowy szybkowiążący uniwersalny klej chirurgiczny w formie płynu, op a 5 szt. 10",selec-w,,,cat_0108,src_ted_opendata,file_ted_0124,lot:LOT-0009,2026-08-19
lot_00318,LOT-0010,not_0124,pro_0112,Pakiet 10,1 Proszek hemostatyczny pochodzenia roślinnego op a 5 szt. 5,selec-w,,,cat_0108,src_ted_opendata,file_ted_0124,lot:LOT-0010,2026-08-19
lot_00319,LOT-0011,not_0124,pro_0112,Pakiet 11,1 Klej syntetyczny szt. 40 2 Aplikator służący do rozpylania kleju syntetycznego przy uzyciu sprężonego powietrza do chirurgii otwartej. Kompatybilny z klejem szt. 30 użyczenie urządzenia do podawania kleju.,selec-w,,,cat_0108,src_ted_opendata,file_ted_0124,lot:LOT-0011,2026-08-19
lot_00320,LOT-0012,not_0124,pro_0112,Pakiet 12,1 Klipsy tytanowe S magazynek po 6 szt klipsów 6000 2 Klipsy tytanowe M magazynek po 6 szt klipsów 6000 użyczenie następującego sprzętu: klipsownice do zabiegów chirurgicznych otwartych S – 12 szt. oraz klipsownice do zabiegów chirurgicznych otwartych M – 12 szt.,selec-w,,,cat_0108,src_ted_opendata,file_ted_0124,lot:LOT-0012,2026-08-19
lot_00321,LOT-0013,not_0124,pro_0112,Pakiet 13,"1 Jednorazowy,sterylny, dwuczęściowy licznik igieł z funkcją usuwania ostrzy, szt. 250",selec-w,,,cat_0108,src_ted_opendata,file_ted_0124,lot:LOT-0013,2026-08-19
lot_00322,LOT-0014,not_0124,pro_0112,Pakiet 14,"1 Zestaw jednorazowy do prowadzenia procedury ECMO, kompatybilny z biopompą Stockert Zestaw jednorazowy do prowadzenia procedury ECMO składający się z następujących elementów: 1) Oksygenator 2) Głowica pompy centryfugalnej 3) Pakiet drenów z możliwością sterylnego podania. szt. 24 2 Holder do oksygenatora z zestawu w poz. 1 szt. 4",selec-w,,,cat_0108,src_ted_opendata,file_ted_0124,lot:LOT-0014,2026-08-19
lot_00323,LOT-0015,not_0124,pro_0112,Pakiet 15,"Łaty naczyniowe 1 filcowe, wykonane z włókien PTFE, rozmiar 1,2 cm x 10,2 cm szt. 120 2 filcowe, wykonane z włókien PTFE, rozmiar 2,5 cm x 10,2 cm szt. 90 3 filcowe, wykonane z włókien PTFE, rozmiar 15,2 cm x 15,2 cm szt. 30 4 Daycron rozmiar 10,2 cm x 10,2 cm szt. 25",clos-nw,,,cat_0108,src_ted_opendata,file_ted_0124,lot:LOT-0015,2026-08-19
lot_00324,LOT-0016,not_0124,pro_0112,Pakiet 16,"1 łata teflonowa, rozmiar 15,2 cm x 15.2 cm, grubość 0,61mm, przepuszczalność 1800(ml/cm2/mn) szt. 20",clos-nw,,,cat_0108,src_ted_opendata,file_ted_0124,lot:LOT-0016,2026-08-19
lot_00325,LOT-0017,not_0124,pro_0112,Pakiet 17,1 Kaniule do ECMO szt. 10 2 Zestaw do wprowadzania kaniul szt. 10,selec-w,,,cat_0108,src_ted_opendata,file_ted_0124,lot:LOT-0017,2026-08-19
lot_00326,LOT-0018,not_0124,pro_0112,Pakiet 18,"1 Adsorber pełnej krwi wskazany do stosowania w warunkach, w których poziomy cytokin, DAMPS i / lub Pamps i / lub bilirubiny i/lub mioglobiny są podwyższone usuwania inhibitora agregacji płytek – tikagreloru i /lub inhibitora czynnika Xa rywaroksabanu u pacjentów w nagłych stanach wymagających interwencji chirurgicznej; szt. 30 2 Adaptery do ECMO szt. 20 3 Zestaw do przepłukiwania NaCl do CPB / ECMO szt. 30 4 Adaptery do CPB szt. 20 5 Adaptery do CRRT szt. 30 6 Zestaw do przepłukiwania NaCl do CRRT szt. 30",selec-w,,,cat_0108,src_ted_opendata,file_ted_0124,lot:LOT-0018,2026-08-19
lot_00327,LOT-0019,not_0124,pro_0112,Pakiet 19,"1 Proteza naczyniowa z zastawką aortalną konduit, szt. 30",selec-w,,,cat_0108,src_ted_opendata,file_ted_0124,lot:LOT-0019,2026-08-19
lot_00328,LOT-0020,not_0124,pro_0112,Pakiet 20,"1 Cewnik do embolektomii w rozmiarze 3,4,5 Fr szt. 30",selec-w,,,cat_0108,src_ted_opendata,file_ted_0124,lot:LOT-0020,2026-08-19
lot_00329,LOT-0001,not_0125,pro_0113,I. csoportba sorolt berendezések karbantartása,"Az 1. rész teljes elnevezése: ""I. csoportba sorolt berendezések karbantartása"". A Semmelweis Egyetem szervezeti egységeiben üzemben tartott beépített tűzjelző és tűzoltó rendszerek karbantartása, felülvizsgálata és hibaelhárítása a vonatkozó jogszabályok, szabványok, előírások alapján. A szerződés a keretösszeg kimerüléséig (mely az 1. rész esetében nettó 29.874.061 Ft), de legfeljebb 36 hó időtartamra jön létre. A teljes mennyiséget ennek megfelelően a keretösszeg mértéke képezi. Ajánlatkérő a keretösszeg 70 %-ára vállal lehívási kötelezettséget. - 1. rész (I. csoport): Tűzjelző központ: 8 db Siemens típusú , optikai füstérzékelő: 2062 db, kombinált érzékelő: 2 db, hősebesség-érzékelő száma: 72 db, kézi jelzésadó: 211 db, sziréna: 158 db Elvégzendő feladatok: - félévente rendszeres felülvizsgálat és karbantartás, - évente rendszeres felülvizsgálat és karbantartás, - rendkívüli felülvizsgálat és karbantartás, - tűzeset utáni felülvizsgálat és karbantartás - téves riasztás utáni felülvizsgálat és karbantartás - tűzjelző, és tűzoltó rendszer üzemeltetési napló rá vonatkozó részének megfelelő vezetése, - kezelők oktatása az éves és a féléves karbantartás alkalmával, - hiba és üzemzavar elhárítás Nyertes ajánlattevőnek vállalnia kell, hogy 0-24 órás, folyamatosan rendelkezésre álló és elérhető diszpécser szolgálatot/ügyeletet tart fenn a hiba- és üzemzavar elhárításokat érintő bejelentések fogadására és azonnali intézkedések megtételére, melyről az Ajánlatkérő bejelentéseket nyilvántartó rendszerén keresztül értesül. A Semmelweis Egyetem ticketing rendszerének használata kötelező, mivel a bejelentések kezelése ebben a rendszerben történik, a rendszerhez a Szolgáltató egyeztetett hozzáférési jogosultságokkal fog rendelkezni. A rendszer megismerése és felhasználói szintű használata Szolgáltató erre jogosult képviselőinek kötelező. Felelősségbiztosítás : Ajánlatkérő előírja, hogy nyertes ajánlattevő köteles – legkésőbb a szerződéskötés időpontjára – szolgáltatási tevékenységének hibáiból, hiányosságaiból származtatható károk ellentételezésére tűzjelző és tűzoltó rendszerek karbantartása, felülvizsgálata és hibaelhárítása tárgyú szakmai felelősségbiztosítást kötni, vagy meglévő biztosítását kiterjeszteni minimum 10.000.000 Ft/év összeghatárig. A felelősségbiztosítási részben a kártérítési összeghatár minimum 2.500.000 Ft/káresemény. Ajánlattevőnek ajánlatában nyilatkoznia kell a felelősségbiztosítási szerződés megkötéséről, vagy meglévő felelősségbiztosítása kiterjesztéséről. A BT-539, BT-540, BT-541, BT-542-es pontok kiegészítése: Ajánlatkérő a felhívás BT-539, BT-540, BT-541, BT-542-es pontokban meghatározott értékelési szempontokat a Kbt. 76. § (2) bekezdés c) pontjára tekintettel határozta meg: legjobb ár-érték arányt megjelenítő értékelési szempontok kerülnek alkalmazásra. Az értékelés során adható pontszám alsó és felső határának megadása: 0-10 pont. A Kbt. 76. § (9) bekezdés a) pontja szerinti adatokat az Ajánlati Felhívás BT-541 pontja tartalmazza. A Kbt. 76. § (9) bekezdés c)-d) pontja szerinti értékelés során adható pontszám alsó és felső határa, valamint a ponthatárok közötti pontszámok kiszámítási módszere a következő: Minőségi kritérium: 0 vagy 10 pontszám a pontkiosztás módszerével; Ár: 0-10 közötti pontszám a fordított arányosítás módszerével. 1. Nettó ajánlati ár értékelési szempont alszempontjai : 1/I. Időszakos felülvizsgálat (féléves) és karbantartás díja az I. csoportba sorolt berendezések tekintetében együttesen (nettó Ft) / Súlyszám: 30 1/II. Időszakos felülvizsgálat (éves) és karbantartás díja az I. csoportba sorolt berendezések tekintetében együttesen (nettó Ft) / Súlyszám: 30 1/III. Eseti hibajavítás és felülvizsgálat rezsióradíja munkaidőben (Ft/óra) / Súlyszám: 20 1/IV. Eseti hibajavítás és felülvizsgálat rezsióradíja munkaidőn túl (Ft/óra) / Súlyszám: 10",selec-w,29874061.00,HUF,cat_0005,src_ted_opendata,file_ted_0125,lot:LOT-0001,2026-08-19
lot_00330,LOT-0002,not_0125,pro_0113,II. csoportba sorolt berendezések karbantartása,"A 2. rész teljes elnevezése: ""II. csoportba sorolt berendezések karbantartása"". A Semmelweis Egyetem szervezeti egységeiben üzemben tartott beépített tűzjelző és tűzoltó rendszerek karbantartása, felülvizsgálata és hibaelhárítása a vonatkozó jogszabályok, szabványok, előírások alapján. A szerződés a keretösszeg kimerüléséig (mely a 2. rész esetében nettó 102 630 689 Ft ), de legfeljebb 36 hó időtartamra jön létre. A teljes mennyiséget ennek megfelelően a keretösszeg mértéke képezi. Ajánlatkérő a keretösszeg 70 %-ára vállal lehívási kötelezettséget. - 2. rész (II. csoport): Tűzjelző központ: 21 db, melyből 4 db. Esser FlexEs típusú; optikai füstérzékelő: 7275 db, kombinált érzékelő: 75 db, hősebesség-érzékelő száma: 222 db, hőmax érzékelő: 30 db, kézi jelzésadó: 681 db, sziréna: 830 db, vonali érzékelő: 7 db, légcsatorna érzékelő: 2 db, fényjelző: 2 db Elvégzendő feladatok: - félévente rendszeres felülvizsgálat és karbantartás, - évente rendszeres felülvizsgálat és karbantartás, - rendkívüli felülvizsgálat és karbantartás, - tűzeset utáni felülvizsgálat és karbantartás - téves riasztás utáni felülvizsgálat és karbantartás - tűzjelző, és tűzoltó rendszer üzemeltetési napló rá vonatkozó részének megfelelő vezetése, - kezelők oktatása az éves és a féléves karbantartás alkalmával, - hiba és üzemzavar elhárítás Nyertes ajánlattevőnek vállalnia kell, hogy 0-24 órás, folyamatosan rendelkezésre álló és elérhető diszpécser szolgálatot/ügyeletet tart fenn a hiba- és üzemzavar elhárításokat érintő bejelentések fogadására és azonnali intézkedések megtételére, melyről az Ajánlatkérő bejelentéseket nyilvántartó rendszerén keresztül értesül. A Semmelweis Egyetem ticketing rendszerének használata kötelező, mivel a bejelentések kezelése ebben a rendszerben történik, a rendszerhez a Szolgáltató egyeztetett hozzáférési jogosultságokkal fog rendelkezni. A rendszer megismerése és felhasználói szintű használata Szolgáltató erre jogosult képviselőinek kötelező. Felelősségbiztosítás: Ajánlatkérő előírja, hogy nyertes ajánlattevő köteles – legkésőbb a szerződéskötés időpontjára – szolgáltatási tevékenységének hibáiból, hiányosságaiból származtatható károk ellentételezésére tűzjelző és tűzoltó rendszerek karbantartása, felülvizsgálata és hibaelhárítása tárgyú szakmai felelősségbiztosítást kötni, vagy meglévő biztosítását kiterjeszteni minimum 100.000.000 Ft/év összeghatárig. A felelősségbiztosítási részben a kártérítési összeghatár minimum 33.000.000 Ft/káresemény. Ajánlattevőnek ajánlatában nyilatkoznia kell a felelősségbiztosítási szerződés megkötéséről, vagy meglévő felelősségbiztosítása kiterjesztéséről. A BT-539, BT-540, BT-541, BT-542-es pontok kiegészítése: Ajánlatkérő a felhívás BT-539, BT-540, BT-541, BT-542-es pontokban meghatározott értékelési szempontokat a Kbt. 76. § (2) bekezdés c) pontjára tekintettel határozta meg: legjobb ár-érték arányt megjelenítő értékelési szempontok kerülnek alkalmazásra. Az értékelés során adható pontszám alsó és felső határának megadása: 0-10 pont. A Kbt. 76. § (9) bekezdés a) pontja szerinti adatokat az Ajánlati Felhívás II.2.5) pontja tartalmazza. A Kbt. 76. § (9) bekezdés c)-d) pontja szerinti értékelés során adható pontszám alsó és felső határa, valamint a ponthatárok közötti pontszámok kiszámítási módszere a következő: Minőségi kritérium: 0 vagy 10 pontszám a pontkiosztás módszerével; Ár: 0-10 közötti pontszám a fordított arányosítás módszerével. 1/I. Időszakos felülvizsgálat (féléves) és karbantartás díja a II. csoportba sorolt berendezések tekintetében együttesen (nettó Ft) / Súlyszám: 30 1/II. Időszakos felülvizsgálat (éves) és karbantartás díja a II. csoportba sorolt berendezések tekintetében együttesen (nettó Ft) / Súlyszám: 30 1/III. Eseti hibajavítás és felülvizsgálat rezsióradíja munkaidőben (Ft/óra) / Súlyszám: 20 1/IV. Eseti hibajavítás és felülvizsgálat rezsióradíja munkaidőn túl (Ft/óra) / Súlyszám: 10",selec-w,102630689.00,HUF,cat_0005,src_ted_opendata,file_ted_0125,lot:LOT-0002,2026-08-19
lot_00331,LOT-0003,not_0125,pro_0113,III. csoportba sorolt berendezések karbantartása,"A 3. rész teljes elnevezése: ""III. csoportba sorolt berendezések karbantartása"". A Semmelweis Egyetem szervezeti egységeiben üzemben tartott beépített tűzjelző és tűzoltó rendszerek karbantartása, felülvizsgálata és hibaelhárítása a vonatkozó jogszabályok, szabványok, előírások alapján. A szerződés a keretösszeg kimerüléséig (mely a 3. rész esetében nettó 24 128 013 Ft ), de legfeljebb 36 hó időtartamra jön létre. A teljes mennyiséget ennek megfelelően a keretösszeg mértéke képezi. Ajánlatkérő a keretösszeg 70 %-ára vállal lehívási kötelezettséget. - 3. rész (III. csoport): Tűzjelző központ: 10 db, optikai füstérzékelő: 579db, ionizációs érzékelő: 317 db, hősebesség-érzékelő száma: 36 db, hőérzékelő kábel: 22 db, kézi jelzésadó: 220db, sziréna: 98db, fényjelző: 1 db Elvégzendő feladatok: - félévente rendszeres felülvizsgálat és karbantartás, - évente rendszeres felülvizsgálat és karbantartás, - rendkívüli felülvizsgálat és karbantartás, - tűzeset utáni felülvizsgálat és karbantartás - téves riasztás utáni felülvizsgálat és karbantartás - tűzjelző, és tűzoltó rendszer üzemeltetési napló rá vonatkozó részének megfelelő vezetése, - kezelők oktatása az éves és a féléves karbantartás alkalmával, - hiba- és üzemzavar elhárítás Nyertes ajánlattevőnek vállalnia kell, hogy 0-24 órás, folyamatosan rendelkezésre álló és elérhető diszpécser szolgálatot/ügyeletet tart fenn a hiba- és üzemzavar elhárításokat érintő bejelentések fogadására és azonnali intézkedések megtételére, melyről az Ajánlatkérő bejelentéseket nyilvántartó rendszerén keresztül értesül. A Semmelweis Egyetem ticketing rendszerének használata kötelező, mivel a bejelentések kezelése ebben a rendszerben történik, a rendszerhez a Szolgáltató egyeztetett hozzáférési jogosultságokkal fog rendelkezni. A rendszer megismerése és felhasználói szintű használata Szolgáltató erre jogosult képviselőinek kötelező. Felelősségbiztosítás: Ajánlatkérő előírja, hogy nyertes ajánlattevő köteles – legkésőbb a szerződéskötés időpontjára – szolgáltatási tevékenységének hibáiból, hiányosságaiból származtatható károk ellentételezésére tűzjelző és tűzoltó rendszerek karbantartása, felülvizsgálata és hibaelhárítása tárgyú szakmai felelősségbiztosítást kötni, vagy meglévő biztosítását kiterjeszteni minimum 10.000.000 Ft/év összeghatárig. A felelősségbiztosítási részben a kártérítési összeghatár minimum 2.500.000 Ft/káresemény. Ajánlattevőnek ajánlatában nyilatkoznia kell a felelősségbiztosítási szerződés megkötéséről, vagy meglévő felelősségbiztosítása kiterjesztéséről. A BT-539, BT-540, BT-541, BT-542-es pontok kiegészítése: Ajánlatkérő a felhívás BT-539, BT-540, BT-541, BT-542-es pontokban meghatározott értékelési szempontokat a Kbt. 76. § (2) bekezdés c) pontjára tekintettel határozta meg: legjobb ár-érték arányt megjelenítő értékelési szempontok kerülnek alkalmazásra. Az értékelés során adható pontszám alsó és felső határának megadása: 0-10 pont. A Kbt. 76. § (9) bekezdés a) pontja szerinti adatokat az Ajánlati Felhívás II.2.5) pontja tartalmazza. A Kbt. 76. § (9) bekezdés c)-d) pontja szerinti értékelés során adható pontszám alsó és felső határa, valamint a ponthatárok közötti pontszámok kiszámítási módszere a következő: Minőségi kritérium: 0 vagy 10 pontszám a pontkiosztás módszerével; Ár: 0-10 közötti pontszám a fordított arányosítás módszerével. 1/I. Időszakos felülvizsgálat (féléves) és karbantartás díja a III. csoportba sorolt berendezések tekintetében együttesen (nettó Ft) / Súlyszám: 30 1/II. Időszakos felülvizsgálat (éves) és karbantartás díja a III. csoportba sorolt berendezések tekintetében együttesen (nettó Ft) / Súlyszám: 30 1/III. Eseti hibajavítás és felülvizsgálat rezsióradíja munkaidőben (Ft/óra) / Súlyszám: 20 1/IV. Eseti hibajavítás és felülvizsgálat rezsióradíja munkaidőn túl (Ft/óra) / Súlyszám: 10",selec-w,24128013.00,HUF,cat_0005,src_ted_opendata,file_ted_0125,lot:LOT-0003,2026-08-19
lot_00332,LOT-0004,not_0125,pro_0113,IV. csoportba sorolt berendezések karbantartása,"A 4. rész teljes elnevezése: ""IV. csoportba sorolt berendezések karbantartása"". A Semmelweis Egyetem szervezeti egységeiben üzemben tartott beépített tűzjelző és tűzoltó rendszerek karbantartása, felülvizsgálata és hibaelhárítása a vonatkozó jogszabályok, szabványok, előírások alapján. A szerződés a keretösszeg kimerüléséig (mely a 4. rész esetében nettó 40 015 067 Ft ), de legfeljebb 36 hó időtartamra jön létre. A teljes mennyiséget ennek megfelelően a keretösszeg mértéke képezi. Ajánlatkérő a keretösszeg 70 %-ára vállal lehívási kötelezettséget. - 4. rész (IV. csoport): Tűzjelző központ: 4 db, Schrack típusú; optikai füstérzékelő: 2076 db, kombinált érzékelő: 20 db, hősebesség érzékelő: 1 db, hőérzékelő kábel: 2 db, kézi jelzésadó: 152db, sziréna: 295db, vonali érzékelő: 1 db, légcsatorna érzékelő: 30 db, fényjelző: 50 db Elvégzendő feladatok: - félévente rendszeres felülvizsgálat és karbantartás, - évente rendszeres felülvizsgálat és karbantartás, - rendkívüli felülvizsgálat és karbantartás, - tűzeset utáni felülvizsgálat és karbantartás - téves riasztás utáni felülvizsgálat és karbantartás - tűzjelző, és tűzoltó rendszer üzemeltetési napló rá vonatkozó részének megfelelő vezetése, - kezelők oktatása az éves és a féléves karbantartás alkalmával, - hiba- és üzemzavar elhárítás Nyertes ajánlattevőnek vállalnia kell, hogy 0-24 órás, folyamatosan rendelkezésre álló és elérhető diszpécser szolgálatot/ügyeletet tart fenn a hiba- és üzemzavar elhárításokat érintő bejelentések fogadására és azonnali intézkedések megtételére, melyről az Ajánlatkérő bejelentéseket nyilvántartó rendszerén keresztül értesül. A Semmelweis Egyetem ticketing rendszerének használata kötelező, mivel a bejelentések kezelése ebben a rendszerben történik, a rendszerhez a Szolgáltató egyeztetett hozzáférési jogosultságokkal fog rendelkezni. A rendszer megismerése és felhasználói szintű használata Szolgáltató erre jogosult képviselőinek kötelező. Felelősségbiztosítás: Ajánlatkérő előírja, hogy nyertes ajánlattevő köteles – legkésőbb a szerződéskötés időpontjára – szolgáltatási tevékenységének hibáiból, hiányosságaiból származtatható károk ellentételezésére tűzjelző és tűzoltó rendszerek karbantartása, felülvizsgálata és hibaelhárítása tárgyú szakmai felelősségbiztosítást kötni, vagy meglévő biztosítását kiterjeszteni minimum 20.000.000 Ft/év összeghatárig. A felelősségbiztosítási részben a kártérítési összeghatár minimum 5.000.000 Ft/káresemény. Ajánlattevőnek ajánlatában nyilatkoznia kell a felelősségbiztosítási szerződés megkötéséről, vagy meglévő felelősségbiztosítása kiterjesztéséről. A BT-539, BT-540, BT-541, BT-542-es pontok kiegészítése: Ajánlatkérő a felhívás BT-539, BT-540, BT-541, BT-542-es pontokban meghatározott értékelési szempontokat a Kbt. 76. § (2) bekezdés c) pontjára tekintettel határozta meg: legjobb ár-érték arányt megjelenítő értékelési szempontok kerülnek alkalmazásra. Az értékelés során adható pontszám alsó és felső határának megadása: 0-10 pont. A Kbt. 76. § (9) bekezdés a) pontja szerinti adatokat az Ajánlati Felhívás II.2.5) pontja tartalmazza. A Kbt. 76. § (9) bekezdés c)-d) pontja szerinti értékelés során adható pontszám alsó és felső határa, valamint a ponthatárok közötti pontszámok kiszámítási módszere a következő: Minőségi kritérium: 0 vagy 10 pontszám a pontkiosztás módszerével; Ár: 0-10 közötti pontszám a fordított arányosítás módszerével. 1/I. Időszakos felülvizsgálat (féléves) és karbantartás díja a IV. csoportba sorolt berendezések tekintetében együttesen (nettó Ft) / Súlyszám: 30 1/II. Időszakos felülvizsgálat (éves) és karbantartás díja a IV. csoportba sorolt berendezések tekintetében együttesen (nettó Ft) / Súlyszám: 30 1/III. Eseti hibajavítás és felülvizsgálat rezsióradíja munkaidőben (Ft/óra) / Súlyszám: 20 1/IV. Eseti hibajavítás és felülvizsgálat rezsióradíja munkaidőn túl (Ft/óra) / Súlyszám: 10",selec-w,40015067.00,HUF,cat_0005,src_ted_opendata,file_ted_0125,lot:LOT-0004,2026-08-19
lot_00333,LOT-0001,not_0126,pro_0114,LOT 1: Assurance de la flotte automobile et risques annexes pour la Ville de Muret,LOT 1: Assurance de la flotte automobile et risques annexes pour la Ville de Muret,selec-w,,,cat_0028,src_ted_opendata,file_ted_0126,lot:LOT-0001,2026-08-19
lot_00334,LOT-0001,not_0127,pro_0115,Assurance des dommages aux biens et des risques annexes,Assurance des dommages aux biens et des risques annexes,open-nw,,,cat_0109,src_ted_opendata,file_ted_0127,lot:LOT-0001,2026-08-19
lot_00335,LOT-0002,not_0127,pro_0115,Assurance des responsabilités et des risques annexes,Assurance des responsabilités et des risques annexes,selec-w,,,cat_0110,src_ted_opendata,file_ted_0127,lot:LOT-0002,2026-08-19
lot_00336,LOT-0003,not_0127,pro_0115,Assurance des véhicules à moteur et des risques annexes,Assurance des véhicules à moteur et des risques annexes,selec-w,,,cat_0081,src_ted_opendata,file_ted_0127,lot:LOT-0003,2026-08-19
lot_00337,LOT-0004,not_0127,pro_0115,Assurance de la protection fonctionnelle des agents et des élus,Assurance de la protection fonctionnelle des agents et des élus,selec-w,,,cat_0111,src_ted_opendata,file_ted_0127,lot:LOT-0004,2026-08-19
lot_00338,LOT-0005,not_0127,pro_0115,Assurance des prestations statutaires,Assurance des prestations statutaires,selec-w,,,cat_0112,src_ted_opendata,file_ted_0127,lot:LOT-0005,2026-08-19
lot_00339,LOT-0006,not_0127,pro_0115,Assurance tous risques expositions – musée,Assurance tous risques expositions – musée,selec-w,,,cat_0109,src_ted_opendata,file_ted_0127,lot:LOT-0006,2026-08-19
lot_00340,LOT-0007,not_0127,pro_0115,Assurance tous risques foire exposition (GRAND POITIERS COMMUNAUTE URBAINE),Assurance tous risques foire exposition (GRAND POITIERS COMMUNAUTE URBAINE),open-nw,,,cat_0109,src_ted_opendata,file_ted_0127,lot:LOT-0007,2026-08-19
lot_00341,LOT-0001,not_0128,pro_0116,Contrôle technique quinquennal des ascenseurs,Contrôle technique quinquennal des ascenseurs,selec-w,,,cat_0113,src_ted_opendata,file_ted_0128,lot:LOT-0001,2026-08-19
lot_00342,LOT-0002,not_0128,pro_0116,Contrôle des équipements sous pression,Contrôle des équipements sous pression,selec-w,,,cat_0113,src_ted_opendata,file_ted_0128,lot:LOT-0002,2026-08-19
lot_00343,LOT-0003,not_0128,pro_0116,Contrôle des appareils de levage et machines,Contrôle des appareils de levage et machines,clos-nw,,,cat_0113,src_ted_opendata,file_ted_0128,lot:LOT-0003,2026-08-19
lot_00344,LOT-0004,not_0128,pro_0116,Contrôle des équipements de travail,Contrôle des équipements de travail,selec-w,,,cat_0113,src_ted_opendata,file_ted_0128,lot:LOT-0004,2026-08-19
lot_00345,LOT-0005,not_0128,pro_0116,Contrôle des installations électriques,Contrôle des installations électriques,selec-w,,,cat_0113,src_ted_opendata,file_ted_0128,lot:LOT-0005,2026-08-19
lot_00346,LOT-0006,not_0128,pro_0116,Contrôle légionelles,Contrôle légionelles,selec-w,,,cat_0113,src_ted_opendata,file_ted_0128,lot:LOT-0006,2026-08-19
lot_00347,LOT-0007,not_0128,pro_0116,Contrôle de la qualité de l'air,Contrôle de la qualité de l'air,selec-w,,,cat_0113,src_ted_opendata,file_ted_0128,lot:LOT-0007,2026-08-19
lot_00348,LOT-0008,not_0128,pro_0116,Contrôle du radon,Contrôle du radon,selec-w,,,cat_0113,src_ted_opendata,file_ted_0128,lot:LOT-0008,2026-08-19
lot_00349,LOT-0001,not_0129,pro_0117,Zagospodarowanie odpadów komunalnych z nieruchomości położonych na terenie gminy Stare Babice w 2025 r.,"Przedmiotem zamówienia jest zagospodarowanie poprzez odzysk lub unieszkodliwienie odpadów komunalnych zmieszanych oraz odpadów segregowanych pochodzących z nieruchomości położonych na terenie Gminy Stare Babice, na których zamieszkują mieszkańcy, a także z Gminnego Punktu Selektywnego Zbiórki Odpadów Komunalnych (zwanym dalej GPSZOK), w okresie od dnia 01.01.2025 r. do 31.12.2025 r., zgodnie z obowiązującymi przepisami prawa.",selec-w,,,cat_0114,src_ted_opendata,file_ted_0129,lot:LOT-0001,2026-08-19
lot_00350,LOT-0001,not_0130,pro_0118,DOMMAGES AUX BIENS,Le présent cahier des charges a pour objet d'assurer l'ensemble des biens dont la CCPEVA est propriétaire,selec-w,,,cat_0028,src_ted_opendata,file_ted_0130,lot:LOT-0001,2026-08-19
lot_00351,LOT-0002,not_0130,pro_0118,RESPONSABILITE CIVILE,Le présent cahier des charges a pour objet l'assurance &amp;quot;responsabilité civile&amp;quot; de la CCPEVA,selec-w,,,cat_0028,src_ted_opendata,file_ted_0130,lot:LOT-0002,2026-08-19
lot_00352,LOT-0003,not_0130,pro_0118,PARC AUTOMOBILE,"Le présent cahier des charges a pour objet d'assurer l'ensemble des véhicules automobiles, engins, remorques, cyclo dont la CCPEVA est propriétaire ou dont elle la garde ou l'usage",selec-w,,,cat_0028,src_ted_opendata,file_ted_0130,lot:LOT-0003,2026-08-19
lot_00353,LOT-0004,not_0130,pro_0118,CYBER RISQUES,Le présent cahier des charges a pour objet la souscription d'un contrat cyber risques couvrant notamment les frais et pertes liés à une fraude ou une malveillance informatique,clos-nw,,,cat_0028,src_ted_opendata,file_ted_0130,lot:LOT-0004,2026-08-19
lot_00354,LOT-0001,not_0131,pro_0119,"Ubezpieczenie majątku, odpowiedzialności cywilnej i osób Miasta Jeleniej Góry wraz z Urzędem Miasta, jednostkami organizacyjnymi i instytucjami kultury oraz jednostkami Ochotniczych Straży Pożarnych","Przedmiotem zamówienia jest usługa polegająca na ubezpieczeniu majątku, odpowiedzialności cywilnej i osób Miasta Jeleniej Góry wraz z Urzędem Miasta, jednostkami organizacyjnymi i instytucjami kultury oraz jednostkami Ochotniczych Straży Pożarnych: 1) ubezpieczenie mienia od wszystkich ryzyk, 2) ubezpieczenie sprzętu elektronicznego od wszystkich ryzyk, 3) ubezpieczenie odpowiedzialności cywilnej, 4) obowiązkowe ubezpieczenie odpowiedzialności cywilnej zarządcy nieruchomości, 5) ubezpieczenie następstw nieszczęśliwych wypadków. Szczegółowy opis przedmiotu zamówienia zawarty jest w Tomie III Specyfikacji Warunków Zamówienia wraz z załącznikami.",clos-nw,,,cat_0028,src_ted_opendata,file_ted_0131,lot:LOT-0001,2026-08-19
lot_00355,LOT-0002,not_0131,pro_0119,"Ubezpieczenie pojazdów mechanicznych Miasta Jeleniej Góry wraz z Urzędem Miasta, jednostkami organizacyjnymi i instytucjami kultury oraz jednostkami Ochotniczych Straży Pożarnych","Przedmiotem zamówienia jest usługa polegająca na ubezpieczeniu pojazdów mechanicznych Miasta Jeleniej Góry wraz z Urzędem Miasta, jednostkami organizacyjnymi i instytucjami kultury oraz jednostkami Ochotniczych Straży Pożarnych: 1) obowiązkowe ubezpieczenie odpowiedzialności cywilnej posiadaczy pojazdów mechanicznych, 2) ubezpieczenie odpowiedzialności cywilnej posiadaczy pojazdów mechanicznych za szkody powstałe w związku z ruchem pojazdów na terenie państw należących do Systemu Zielonej Karty, a nie będących członkami Unii Europejskiej (tzw. Zielona Karta – ubezpieczenie bezskładkowe), 3) ubezpieczenie pojazdów od uszkodzenia i utraty auto casco, 4) ubezpieczenie następstw nieszczęśliwych wypadków kierowcy i pasażerów, 5) rozszerzone, odpłatne ubezpieczenie assistance, 6) ubezpieczenie mini assistance (ubezpieczenie bezskładkowe, jeśli Wykonawca takie posiada). Szczegółowy opis przedmiotu zamówienia zawarty jest w Tomie III Specyfikacji Warunków Zamówienia wraz z załącznikami.",selec-w,,,cat_0028,src_ted_opendata,file_ted_0131,lot:LOT-0002,2026-08-19
lot_00356,LOT-0003,not_0131,pro_0119,Ubezpieczenie następstw nieszczęśliwych wypadków członków Ochotniczych Straży Pożarnych Miasta Jeleniej Góry,"Przedmiotem zamówienia jest usługa polegająca na ubezpieczeniu następstw nieszczęśliwych wypadków członków Ochotniczych Straży Pożarnych Miasta Jeleniej Góry: Ubezpieczenie grupowe, bezimienne członków Ochotniczych Straży Pożarnych - w związku z art. 10 ust. 1 pkt 2 Ustawy z dnia 17 grudnia 2021r. o ochotniczych strażach pożarnych (t.j. Dz. U. z 2024 r. poz. 233). Szczegółowy opis przedmiotu zamówienia zawarty jest w Tomie III Specyfikacji Warunków Zamówienia wraz z załącznikami.",selec-w,,,cat_0028,src_ted_opendata,file_ted_0131,lot:LOT-0003,2026-08-19
lot_00357,LOT-0000,not_0132,pro_0120,Meerinzicht BI-specialist,"Meerinzicht is de organisatie die voor de gemeenten Ermelo, Harderwijk en Zeewolde de adviserende, faciliterende en uitvoerende taken met betrekking tot bedrijfsvoering verricht. Een sterk samenwerkingsverband waarbij een goede proactieve dienstverlening en ondersteuning aan de gemeenten ons hoofddoel is. We verliezen in de samenwerking met elkaar en de klant niet uit het oog. Een hart voor de samenleving helpt je ontzettend in je werk. Wil je meer weten over werken bij Meerinzicht of over Ermelo, Harderwijk en Zeewolde, kijk dan op werkenbij.meerinzicht.nl Vanwege een verlof periode van een medewerker is regulier vervanging voor reguliere werkzaamheden noodzakelijk. Reguliere werkzaamheden zijn onderhoud, operationele vragen, maar ook deelnemen aan projecten. De opdracht betreft: HR migratie Datalagen bouwen in DWH Datamodules bouwen in Cognos Rapporten bouwen in Cognos - BCS Dashboards bouwen in Cognos Dashboard duurzaamheid Infrastructuur huidige dashboard aanpassen aan Ermelo en Zeewolde in DWH Huidige dashboard door ontwikkelen, wensen Ermelo en Zeewolde verwerken (DWH, Cognos, Apex) Metadata, processen en definities Overige operationele vragen",selec-w,175000,EUR,cat_0014,src_ted_opendata,file_ted_0132,lot:LOT-0000,2026-08-19
lot_00358,LOT-0001,not_0133,pro_0121,Upphandling av revisionstjänster av stadens nämnder,"Uppdraget avser att som konsult till Revisionskontoret arbeta med planering, granskning och rapportering avseende delårsrapport och årsredovisning inklusive sammanställda räkenskaper. Utöver uppdraget att svara för finansiell revision enligt ovan kan uppdraget komma att omfatta behov av tilläggsuppdrag som anknyter till avtalade revisionstjänster. Omfattningen av uppdraget framgår av krav på tjänsten.",selec-w,100000000,SEK,cat_0115,src_ted_opendata,file_ted_0133,lot:LOT-0001,2026-08-19
lot_00359,LOT-0000,not_0134,pro_0122,Default lot,"Autoritatea contractanta doreste sa achizitioneze 2 laptopuri necesare derularii activitatilor din cadrul proiectului Digitalizare UBB: Dotarea cu infrastructură digitală în scop didactic și de cercetare (Digital HUBB) cod 1347494230 . Termenul de livrare incepe de la momentul semnarii contractului de catre ambele parti. Furnizorul va trebui sa livreze produsele in maxim 30 de zile de la semnarea contractului. In termenul de livrare este inclus atat livrarea cat si punerea in functiune. Termenul de livrare incepe de la semnarea contractului, are o durata de maxim 30 zile si se finalizeaza prin semnarea receptiei de catre ambele parti ( autoritatea contractanta si furnizor). In cazul in care la receptie produsele nu corespund, au defecte, au alte diferite probleme, nu respecta cerintele din caietul de sarcini, nu functioneaza in parametrii tehnici, atunci acele produse trebuie inlocuite de catre furnizor in maxim 30 de zile. Nota: în măsura în care una din obligațiile care nu au fost executate conform contractului a constituit factor de evaluare în cadrul procedurii de atribuire, contractantul este obligat să despăgubească achizitorul cu o sumă în cuantum de 10% din valoarea contractului conform ordin ANAP 1554/2023.",selec-w,,,cat_0116,src_ted_opendata,file_ted_0134,lot:LOT-0000,2026-08-19
lot_00360,LOT-0001,not_0135,pro_0123,Prijenosna računala,"Predmet nabave u Grupi 1 je nabava prijenosnih računala, isporuka na lokaciju naručitelja, usluga jamstva za ispravnost prodane stvari s ciljem implementacije sveobuhvatnog programa modernizacije hrvatskog visokog obrazovanja naziva “e-Sveučilišta“. Isporučena oprema se isporučuje s predinstaliranim operativnim sustavom i pripadajućom opremom.",open-nw,8000.00,EUR,cat_0117,src_ted_opendata,file_ted_0135,lot:LOT-0001,2026-08-19
lot_00361,LOT-0002,not_0135,pro_0123,Videokonferencijski sustav,"Predmet nabave u Grupi 2 je nabava videokonferencijskog sustava, isporuka na lokaciju naručitelja, korisničke upute za rad s ponuđenom opremom, usluga jamstva za ispravnost prodane stvari i tehničku podršku s ciljem implementacije sveobuhvatnog programa modernizacije hrvatskog visokog obrazovanja naziva “e-Sveučilišta“. Isporučena oprema se isporučuje s predinstaliranim operativnim sustavom i pripadajućom opremom.",selec-w,8000.00,EUR,cat_0117,src_ted_opendata,file_ted_0135,lot:LOT-0002,2026-08-19
lot_00362,LOT-0003,not_0135,pro_0123,Poslužitelji,"Predmet nabave u Grupi 3 je nabava poslužitelja, isporuka na lokaciju naručitelja i usluga jamstva za ispravnost prodane stvari, sukladno tehničkim specifikacijama.",selec-w,26000.00,EUR,cat_0117,src_ted_opendata,file_ted_0135,lot:LOT-0003,2026-08-19
lot_00363,LOT-0004,not_0135,pro_0123,Skeneri,"Predmet nabave u Grupi 4 je nabava skenera, isporuka na lokaciju naručitelja, instalacija u prostoru Naručitelja i usluga jamstva za ispravnost prodane stvari, sukladno tehničkim specifikacijama.",open-nw,50000.00,EUR,cat_0117,src_ted_opendata,file_ted_0135,lot:LOT-0004,2026-08-19
lot_00364,LOT-0005,not_0135,pro_0123,Mrežna oprema,"Predmet nabave u Grupi 5 je nabava mrežne opreme, isporuka na lokaciju naručitelja i usluga jamstva za ispravnost prodane stvari, sukladno tehničkim specifikacijama.",selec-w,25000.00,EUR,cat_0117,src_ted_opendata,file_ted_0135,lot:LOT-0005,2026-08-19
lot_00365,LOT-0006,not_0135,pro_0123,"AIO računalo, stolno računalo","Predmet nabave u Grupi 6 je nabava AIO računala i stolnih računala, isporuka na lokaciju naručitelja i usluga jamstva za ispravnost prodane stvari, sukladno tehničkim specifikacijama",open-nw,25000.00,EUR,cat_0117,src_ted_opendata,file_ted_0135,lot:LOT-0006,2026-08-19
lot_00366,LOT-0001,not_0136,pro_0124,Część 1 - Dostawa kombinezonów ochronnych wielokrotnego użytku,"Przedmiotem zamówienia w Części 1 zamówienia jest dostawa kombinezonów ochronnych wielokrotnego użytku w ilości 6.000,00 sztuk, zgodnie ze specyfikacją techniczną stanowiącą Załącznik nr 1 do SWZ – „Opis przedmiotu zamówienia”.",clos-nw,,,cat_0118,src_ted_opendata,file_ted_0136,lot:LOT-0001,2026-08-19
lot_00367,LOT-0002,not_0136,pro_0124,Część 2 - Dostawa hybrydowego systemu ochrony dróg oddechowych,"Przedmiotem zamówienia w Części 2 zamówienia jest dostawa hybrydowego systemu ochrony dróg oddechowych w ilości 120 sztuk, zgodnie ze specyfikacją techniczną stanowiącą Załącznik nr 1 do SWZ – „Opis przedmiotu zamówienia”.",clos-nw,,,cat_0119,src_ted_opendata,file_ted_0136,lot:LOT-0002,2026-08-19
lot_00368,LOT-0001,not_0137,pro_0125,Leveren van dranken (behalve wijnen),Leveren van dranken (behalve wijnen),selec-w,,,cat_0121,src_ted_opendata,file_ted_0137,lot:LOT-0001,2026-08-19
lot_00369,LOT-0002,not_0137,pro_0125,Leveren van wijnen,Leveren van wijnen,clos-nw,,,cat_0122,src_ted_opendata,file_ted_0137,lot:LOT-0002,2026-08-19
lot_00370,LOT-0001,not_0138,pro_0126,Tournée de St Pourçain sur Sioule,"Tournée de St Pourçain sur Sioule Montant HT estimé du lot pour la durée totale du contrat : 1 600 000,00 Euro(s) H.T. Les seuils sont exprimés en quantité au sein des documents de la consultation",clos-nw,,,cat_0123,src_ted_opendata,file_ted_0138,lot:LOT-0001,2026-08-19
lot_00371,LOT-0002,not_0138,pro_0126,Tournée d'Ebreuil,"Tournée d'Ebreuil Montant HT estimé du lot pour la durée totale du contrat : 800 000,00 Euro(s) H.T. Les seuils sont exprimés en quantité au sein des documents de la consultation",clos-nw,,,cat_0123,src_ted_opendata,file_ted_0138,lot:LOT-0002,2026-08-19
lot_00372,LOT-0003,not_0138,pro_0126,Tournée de Gannat,"Tournée de Gannat Montant HT estimé du lot pour la durée totale du contrat : 800 000,00 Euro(s) H.T. Les seuils sont exprimés en quantité au sein des documents de la consultation",selec-w,,,cat_0123,src_ted_opendata,file_ted_0138,lot:LOT-0003,2026-08-19
lot_00373,LOT-0001,not_0139,pro_0127,"Część 1. Budynek Starostwa Powiatowego w Ustrzykach Dolnych przy ul. Bełskiej 22, 38-700 Ustrzyki Dolne","1) Przedmiot zamówienia obejmuje kompleksowe zaprojektowanie, dostawę, montaż i uruchomienie instalacji fotowoltaicznych na dachach lub gruntach przy budynkach użyteczności publicznej Powiatu Bieszczadzkiego. 2) Zamówienie zostało podzielone na następujące części: Część 1. Budynek Starostwa Powiatowego w Ustrzykach Dolnych przy ul. Bełskiej 22, 38-700 Ustrzyki Dolne. – planowana moc instalacji: 46,64 kW na dachu budynku. Szczegółowy opis zamówienia został zawarty w załącznikach nr 1, 2.1 i 3.1. do SWZ",selec-w,,,cat_0124,src_ted_opendata,file_ted_0139,lot:LOT-0001,2026-08-19
lot_00374,LOT-0013,not_0139,pro_0127,"Część 2. Budynek przy ul. Fabrycznej 22, 38-700 Ustrzyki Dolne.","1) Przedmiot zamówienia obejmuje kompleksowe zaprojektowanie, dostawę, montaż i uruchomienie instalacji fotowoltaicznych na dachach lub gruntach przy budynkach użyteczności publicznej Powiatu Bieszczadzkiego. 2) Zamówienie zostało podzielone na następujące części: Część 2. Budynek przy ul. Fabrycznej 22, 38-700 Ustrzyki Dolne. – planowana moc instalacji: 31,68 kW – grunt Szczegółowy opis zamówienia został zawarty w załącznikach nr 1, 2.2 i 3.2. do SWZ. Zamawiający informuje, że działka o nr ewid. 1984 jest wpisana do rejestru zabytków. Przy projektowaniu należy uwzględnić wytyczne Podkarpackiego Wojewódzkiego Konserwatora Zabytków z dnia 24.05.2024r. nr K-IRN.5183.117.2024.BJ oraz uzyskać pozwolenie konserwatorskie na realizacje inwestycji. Pismo stanowi załącznik nr 3.2.1 do SWZ.",selec-w,,,cat_0124,src_ted_opendata,file_ted_0139,lot:LOT-0013,2026-08-19
lot_00375,LOT-0014,not_0139,pro_0127,"Część 3. Budynek Zespołu Szkół Licealnych w Ustrzykach Dolnych przy ul. Mikołaja Kopernika 4, 38-700 Ustrzyki Dolne.","1) Przedmiot zamówienia obejmuje kompleksowe zaprojektowanie, dostawę, montaż i uruchomienie instalacji fotowoltaicznych na dachach lub gruntach przy budynkach użyteczności publicznej Powiatu Bieszczadzkiego. 2) Zamówienie zostało podzielone na następujące części: Część 3. Budynek Zespołu Szkół Licealnych w Ustrzykach Dolnych przy ul. Mikołaja Kopernika 4, 38-700 Ustrzyki Dolne. – planowana moc instalacji: 58,96 kW (49,28+9,68 kWp) na dachu Sali gimnastycznej Szczegółowy opis zamówienia został zawarty w załącznikach nr 1, 2.3 i 3.3. do SWZ",selec-w,,,cat_0124,src_ted_opendata,file_ted_0139,lot:LOT-0014,2026-08-19
lot_00376,LOT-0015,not_0139,pro_0127,"Część 4. Dom Pomocy Społecznej w Moczarach, Moczary 41, 38-700 Ustrzyki Dolne","1) Przedmiot zamówienia obejmuje kompleksowe zaprojektowanie, dostawę, montaż i uruchomienie instalacji fotowoltaicznych na dachach lub gruntach przy budynkach użyteczności publicznej Powiatu Bieszczadzkiego. 2) Zamówienie zostało podzielone na następujące części: Część 4. Dom Pomocy Społecznej w Moczarach, Moczary 41, 38-700 Ustrzyki Dolne – planowana moc instalacji: 98,56 kW (49,28+49,28 kWp) – grunt Szczegółowy opis zamówienia został zawarty w załącznikach nr 1, 2.4 i 3.4. do SWZ",selec-w,,,cat_0124,src_ted_opendata,file_ted_0139,lot:LOT-0015,2026-08-19
lot_00377,LOT-0016,not_0139,pro_0127,"Część 5. Budynek Starostwa Powiatowego w Ustrzykach Dolnych przy ul. Pionierskiej 10, 38-700 Ustrzyki Dolne","1) Przedmiot zamówienia obejmuje kompleksowe zaprojektowanie, dostawę, montaż i uruchomienie instalacji fotowoltaicznych na dachach lub gruntach przy budynkach użyteczności publicznej Powiatu Bieszczadzkiego. 2) Zamówienie zostało podzielone na następujące części: Część 5. Budynek Starostwa Powiatowego w Ustrzykach Dolnych przy ul. Pionierskiej 10, 38-700 Ustrzyki Dolne. – planowana moc instalacji: 19,36 kW – grunt Szczegółowy opis zamówienia został zawarty w załącznikach nr 1, 2.5 i 3.5. do SWZ",selec-w,,,cat_0124,src_ted_opendata,file_ted_0139,lot:LOT-0016,2026-08-19
lot_00378,LOT-0017,not_0139,pro_0127,"Część 6. Budynek Bieszczadzkiego Zespołu Szkół Zawodowych w Ustrzykach Dolnych, ul. Przemysłowa 15, 38-700 Ustrzyki Dolne","1) Przedmiot zamówienia obejmuje kompleksowe zaprojektowanie, dostawę, montaż i uruchomienie instalacji fotowoltaicznych na dachach lub gruntach przy budynkach użyteczności publicznej Powiatu Bieszczadzkiego. 2) Zamówienie zostało podzielone na następujące części: Część 6. Budynek Bieszczadzkiego Zespołu Szkół Zawodowych w Ustrzykach Dolnych, ul. Przemysłowa 15, 38-700 Ustrzyki Dolne. – planowana moc instalacji: 49,72 kW na dachu budynku Szczegółowy opis zamówienia został zawarty w załącznikach nr 1, 2.6 i 3.6. do SWZ",selec-w,,,cat_0124,src_ted_opendata,file_ted_0139,lot:LOT-0017,2026-08-19
lot_00379,LOT-0018,not_0139,pro_0127,"Część 7. Budynek Samodzielnego Publicznego Zespołu Opieki Zdrowotnej w Ustrzykach Dolnych przy ul. 29 Listopada 57, 38-700 Ustrzyki Dolne.","1) Przedmiot zamówienia obejmuje kompleksowe zaprojektowanie, dostawę, montaż i uruchomienie instalacji fotowoltaicznych na dachach lub gruntach przy budynkach użyteczności publicznej Powiatu Bieszczadzkiego. 2) Zamówienie zostało podzielone na następujące części: Część 7. Budynek Samodzielnego Publicznego Zespołu Opieki Zdrowotnej w Ustrzykach Dolnych przy ul. 29 Listopada 57, 38-700 Ustrzyki Dolne. – planowana moc instalacji: 49,72 kW na dachu budynku, Zamawiający dopuszcza zamianę lokalizacji instalacji na grunt na etapie projektowania. Szczegółowy opis zamówienia został zawarty w załącznikach nr 1, 2.7 i 3.7. do SWZ\",selec-w,,,cat_0124,src_ted_opendata,file_ted_0139,lot:LOT-0018,2026-08-19
lot_00380,LOT-0019,not_0139,pro_0127,"Część 8. Budynek Bieszczadzkiego Zespołu Placówek Szkolno-Wychowawczych, ul. Witolda Gombrowicza 37, 38-700 Ustrzyki Dolne","1) Przedmiot zamówienia obejmuje kompleksowe zaprojektowanie, dostawę, montaż i uruchomienie instalacji fotowoltaicznych na dachach lub gruntach przy budynkach użyteczności publicznej Powiatu Bieszczadzkiego. 2) Zamówienie zostało podzielone na następujące części: Część 8. Budynek Bieszczadzkiego Zespołu Placówek Szkolno-Wychowawczych, ul. Witolda Gombrowicza 37, 38-700 Ustrzyki Dolne. – planowana moc instalacji: 22 kW - grunt Szczegółowy opis zamówienia został zawarty w załącznikach nr 1, 2.8 i 3.8. do SWZ",selec-w,,,cat_0124,src_ted_opendata,file_ted_0139,lot:LOT-0019,2026-08-19
lot_00381,LOT-0001,not_0140,pro_0128,Odbiór i zagospodarowanie odpadów komunalnych od właścicieli nieruchomości zamieszkałych z terenu Miasta i Gminy Bodzanów oraz z PSZOK,"Przedmiotem zamówienia jest odbiór i zagospodarowanie poprzez odzysk lub unieszkodliwienie odpadów komunalnych od właścicieli nieruchomości zamieszkałych położonych na terenie Miasta i Gminy Bodzanów a także z Punktu Selektywnej Zbiórki Odpadów Komunalnych (zwanym dalej PSZOK) zlokalizowanego w miejscowości Chodkowo, ul. Górna 3, w sposób: -zapewniający osiągnięcie poziomów przygotowania do ponownego użycia i recyklingu odpadów komunalnych oraz ograniczenie masy odpadów komunalnych ulegających biodegradacji przekazywanych do składowania zgodnie z zapisami ustawy z dnia 13 września 1996 r. o utrzymaniu czystości i porządku w gminach (t.j. Dz. U. z 2024 r. poz. 399 ze zm.) oraz aktualnie obowiązującymi aktami wykonawczymi do tej ustawy. -zgodny z zapisami obowiązującego Wojewódzkiego Planu Gospodarki Odpadami, przyjętego uchwałą Sejmiku Województwa Mazowieckiego nr 217/22 z dnia 20 grudnia 2022 r. w sprawie uchwalenia Planu gospodarki odpadami dla województwa mazowieckiego 2024 zwanym dalej WPGO, -zgodny z obowiązującym w czasie trwania umowy Regulaminem utrzymania czystości i porządku na terenie Miasta i Gminy Bodzanów, -zgodny z obowiązującą w czasie trwania umowy uchwałą w sprawie szczegółowego sposobu i zakresu świadczenia usług w zakresie odbierania odpadów komunalnych od właścicieli nieruchomości i zagospodarowania tych odpadów, w zamian za uiszczoną przez właściciela nieruchomości opłatę za gospodarowanie odpadami komunalnymi. Szczegółowy opis przedmiotu zamówienia został zawarty w załączniku nr 1 do SWZ pn. Opis przedmiotu zamówienia.",selec-w,,,cat_0125,src_ted_opendata,file_ted_0140,lot:LOT-0001,2026-08-19
lot_00382,LOT-0001,not_0141,pro_0129,Diagnostics et opérations de réduction de vulnérabilité du bâti,"La prestation a pour objectif la réalisation de diagnostics de réduction de la vulnérabilité du bâti, ainsi que l'accompagnement des propriétaires dans leur démarche. Elle s'inscrit dans le cadre du Programme d'Actions de Prévention des Inondations (PAPI) de l'île de Ré.",selec-w,,,cat_0126,src_ted_opendata,file_ted_0141,lot:LOT-0001,2026-08-19
lot_00383,LOT-0004,not_0142,pro_0111,Nákup mediálneho priestoru print,"Predmetom zákaziek zadávaných v rámci tejto kategórie dynamického nákupného systému bude na základe aktuálnych potrieb verejného obstarávateľa nákup mediálneho priestoru v podobe tzv. printu, najmä rôzne formáty inzercie podľa technických požiadaviek vydavateľov, natívne články, špeciálne inzertné projekty typu vklad, prebal, PR článok, páska a iné, celoštátne i regionálne denníky, týždenníky, mesačníky, prípadne printy s inou periodicitou s rôznorodým zameraním v rámci SR v krajinách EU a v mimoeurópskych krajinách.",selec-w,1520000,EUR,cat_0107,src_ted_opendata,file_ted_0142,lot:LOT-0004,2026-08-19
lot_00384,LOT-0001,not_0143,pro_0004,Pakiet 57 Świadczenie usług serwisowania aparatury medycznej,Świadczenie usług serwisowania aparatury medycznej,clos-nw,,,cat_0005,src_ted_opendata,file_ted_0143,lot:LOT-0001,2026-08-19
lot_00385,LOT-0001,not_0144,pro_0130,ACCORD-CADRE À BONS DE COMMANDE POUR L'ENTRETIEN ET LA RÉPARATION DES VÉHICULES DE TOURISME ET UTILITAIRES DE PLAINE COMMUNE HABITAT,"Le présent Accord-cadre a pour objet les prestations d'entretien et de réparation notamment au niveau de la mécanique, tôlerie, peinture ainsi que la fourniture des pièces détachées pour des véhicules de tourisme et des véhicules utilitaires de PCH. Le Titulaire doit être en capacité d'effectuer les prestations et livrer les fournitures, objets du présent Accord-cadre, quelle que soit la marque du constructeur automobile ou le type de véhicule (hybride, électrique…). En effet, la flotte est susceptible d'évoluer suite à l'achat de nouveaux véhicules, pour remplacer les véhicules plus anciens. Ces prestations sont à réaliser au fur et à mesure des besoins, pour l'ensemble du patrimoine géré par l'OPH Plaine Commune Habitat. L'accord-cadre est fractionné, il s'agit d'un accord-cadre à bons de commande. Telles que le permettent les dispositions de l'article R.2162-4 du Code de la commande publique, le présent accord-cadre ne comporte pas de montant minimum. Toutefois, pour information, le montant maximum annuel des commandes de l'accord-cadre s'élève à 120 000 Euros HT et le montant prévisionnel annuel des commandes serait de 100 000 Euros HT. Les prestations devront être exécutées conformément aux stipulations de l'accord-cadre et dans le respect de la réglementation, des normes en vigueur, ainsi que des règles de l'art. Ces montants sont purement indicatifs, en aucun cas l'OPH Plaine Commune Habitat ne s'engage à passer des commandes annuelles à hauteur de ces montants. Les prix applicables sont ceux du BPU appliqués aux quantités réellement exécutés. Les réparations se feront au garage du Titulaire. Les demandes de remorquage se feront principalement sur le territoire du département de la Seine Saint-Denis, notamment au siège de l'Office Plaine Commune Habitat et de manière subsidiaire, il peut être étendu sur tout le territoire de la région parisienne. Le présent accord-cadre n'est pas décomposé en tranches. Aucune variante n'est imposée au titre du présent accord-cadre. Le présent accord-cadre n'est pas décomposé en tranches.",selec-w,,,cat_0127,src_ted_opendata,file_ted_0144,lot:LOT-0001,2026-08-19
lot_00386,LOT-0001,not_0145,pro_0131,Lot.nr.1- Carne de porc refrigerata,Produsul se va livra refrigerat.,selec-w,,,cat_0043,src_ted_opendata,file_ted_0145,lot:LOT-0001,2026-08-19
lot_00387,LOT-0002,not_0145,pro_0131,Lot.nr.2- Carne de vita refrigerata si produse pe baza de carne de vita,Produsul se va livra refrigerat.,selec-w,,,cat_0043,src_ted_opendata,file_ted_0145,lot:LOT-0002,2026-08-19
lot_00388,LOT-0003,not_0145,pro_0131,Lot.nr.3 - Carne de pasare refrigerata si produse pe baza de carne de pasare,Produsul se va livra refrigerat.,selec-w,,,cat_0043,src_ted_opendata,file_ted_0145,lot:LOT-0003,2026-08-19
lot_00389,LOT-0004,not_0145,pro_0131,Lot nr.4 - Specialitati di produse pe baza de carne,Conform specificatiilor din Caietul de Sarcini.,selec-w,,,cat_0043,src_ted_opendata,file_ted_0145,lot:LOT-0004,2026-08-19
lot_00390,LOT-0005,not_0145,pro_0131,Lot nr.5 Peste proaspat,Produsul se va livra refrigerat,clos-nw,,,cat_0043,src_ted_opendata,file_ted_0145,lot:LOT-0005,2026-08-19
lot_00391,LOT-0006,not_0145,pro_0131,Lot nr. 6 Produse lactate,Conform specificatiilor din caietul de sarcini.,selec-w,,,cat_0043,src_ted_opendata,file_ted_0145,lot:LOT-0006,2026-08-19
lot_00392,LOT-0007,not_0145,pro_0131,Lot nr.7 Paine proaspata,Conform specificatiilor din caietul de sarcini.,clos-nw,,,cat_0043,src_ted_opendata,file_ted_0145,lot:LOT-0007,2026-08-19
lot_00393,LOT-0008,not_0145,pro_0131,"Lot nr. 8 Cartofi, legume si radacinoase proaspete",Conform specificatiilor din caietul de sarcini.,selec-w,,,cat_0043,src_ted_opendata,file_ted_0145,lot:LOT-0008,2026-08-19
lot_00394,LOT-0009,not_0145,pro_0131,Lot nr. 9 Citrice si fructe proaspete,Conform specificatiilor din caietul de sarcini,selec-w,,,cat_0043,src_ted_opendata,file_ted_0145,lot:LOT-0009,2026-08-19
lot_00395,LOT-0010,not_0145,pro_0131,Lot nr.10 Legume in conserva si muraturi,Conform specificatiilor din caietul de sarcini.,selec-w,,,cat_0043,src_ted_opendata,file_ted_0145,lot:LOT-0010,2026-08-19
lot_00396,LOT-0011,not_0145,pro_0131,Lot nr. 11 Conserve din carne,Conform specificatiilor din caietul de sarcini.,selec-w,,,cat_0043,src_ted_opendata,file_ted_0145,lot:LOT-0011,2026-08-19
lot_00397,LOT-0012,not_0145,pro_0131,Lot nr. 12 Diverse produse alimentare ambalate,Conform specificatiilor din caietul de sarcini.,selec-w,,,cat_0043,src_ted_opendata,file_ted_0145,lot:LOT-0012,2026-08-19
lot_00398,LOT-0013,not_0145,pro_0131,Lot nr. 13 Uleiuri vegetale,Conform specificatiilor din caietul de sarcini.,clos-nw,,,cat_0043,src_ted_opendata,file_ted_0145,lot:LOT-0013,2026-08-19
lot_00399,LOT-0014,not_0145,pro_0131,Lot nr. 14 Condimente si mirodenii,conform specificatiilor din caietul de sarcini.,selec-w,,,cat_0043,src_ted_opendata,file_ted_0145,lot:LOT-0014,2026-08-19
lot_00400,LOT-0015,not_0145,pro_0131,"Lot nr.15 Cacao, ciocolata si produse zaharoase",Conform specificatiilor din caietul de sarcini.,selec-w,,,cat_0043,src_ted_opendata,file_ted_0145,lot:LOT-0015,2026-08-19
lot_00401,LOT-0016,not_0145,pro_0131,Lot nr. 16 Bauturi si produse conexe,Conform specificatiilor din caietul de sarcini.,selec-w,,,cat_0043,src_ted_opendata,file_ted_0145,lot:LOT-0016,2026-08-19
lot_00402,LOT-0017,not_0145,pro_0131,Lot nr. 17 Produse de post ( vegetale),Conform specificatiilor din caietul de sarcini.,selec-w,,,cat_0043,src_ted_opendata,file_ted_0145,lot:LOT-0017,2026-08-19
lot_00403,LOT-0018,not_0145,pro_0131,Lot nr. 18 Diverse produse alimentare (hrana pentru caini),Conform specificatiilor din caietul de sarcini.,clos-nw,,,cat_0043,src_ted_opendata,file_ted_0145,lot:LOT-0018,2026-08-19
lot_00404,LOT-0005,not_0146,pro_0111,Nákup mediálneho priestoru - online,"Predmetom zákaziek zadávaných v rámci tejto kategórie zriadeného dynamického nákupného systému bude na základe aktuálnych potrieb verejného obstarávateľa nákup mediálneho priestoru v online prostredí: najmä display reklama, rôzne formáty statických a dynamických bannerov, video bannerov, full branding stránok napríklad na sme.sk, seznam.cz a podobne, sociálnych médií (FB, Twitter a i.), Google Ads, SEO, podcastov (Spotify, Google, Apple podcast a i.) a iné online formáty v rámci SR v krajinách EU a v mimoeurópskych krajinách.",selec-w,4580000,EUR,cat_0107,src_ted_opendata,file_ted_0146,lot:LOT-0005,2026-08-19
lot_00405,LOT-0001,not_0147,pro_0132,Maintenance préventive et curative de 3 microscopes LEICA de l’I2BC,Le présent marché a pour objet la maintenance préventive et currative de 3 microscopes LEICA de l’I2BC : - SP8 X 8100000160 - SP8 AOBS 8100001203 - SP8 LIA 8100000651,selec-w,,,cat_0005,src_ted_opendata,file_ted_0147,lot:LOT-0001,2026-08-19
lot_00406,LOT-0001,not_0148,pro_0133,Część 1 - usługa zagospodarowania odpadów z tworzyw sztucznych,"Opis części I - usługa zagospodarowania odpadów z tworzyw sztucznych. Cześć I obejmuje usługę zagospodarowania odpadów z tworzyw sztucznych i metali o kodzie 15 01 02. Szacowana maksymalna wielkość strumienia ww. odpadów (w zakresie zamówienia podstawowego ) – 1100 Mg. Przedmiotem zamówienia jest kompleksowa usługa zagospodarowania odpadów komunalnych polegająca na: 1) przejęciu danej frakcji odpadów komunalnych (stosownie do części zamówienia) przez wykonawcę od podmiotu działającego w imieniu i na rzecz Zamawiającego, 2) transporcie danej frakcji odpadów komunalnych (stosownie do części zamówienia, sposobu realizacji zamówienia), 3) przetworzeniu przyjętych odpadów komunalnych w procesach odzysku (R) i/lub unieszkodliwiania (D), w zapewnionym przez wykonawcę miejscu zagospodarowania odpadów komunalnych , - zwana dalej łącznie, wraz z wszystkimi powiązanymi usługami i obowiązkami, „usługą zagospodarowania odpadów zbieranych selektywnie z terenu gm.Wolsztyn w roku 2025”.",clos-nw,,,cat_0008,src_ted_opendata,file_ted_0148,lot:LOT-0001,2026-08-19
lot_00407,LOT-0002,not_0148,pro_0133,2) część II - usługa zagospodarowania odpadów wielkogabarytowych.,"Opis części II - usługa zagospodarowania odpadów wielkogabarytowych. część II obejmującą usługę zagospodarowania odpadów wielkogabarytowych o kodzie 20 03 07. Szacowana maksymalna wielkość strumienia ww. odpadów (w zakresie zamówienia podstawowego ) – 700 Mg. Przedmiotem zamówienia jest kompleksowa usługa zagospodarowania odpadów komunalnych polegająca na: 1) przejęciu danej frakcji odpadów komunalnych (stosownie do części zamówienia) przez wykonawcę od podmiotu działającego w imieniu i na rzecz Zamawiającego, 2) transporcie danej frakcji odpadów komunalnych (stosownie do części zamówienia, sposobu realizacji zamówienia), 3) przetworzeniu przyjętych odpadów komunalnych w procesach odzysku (R) i/lub unieszkodliwiania (D), w zapewnionym przez wykonawcę miejscu zagospodarowania odpadów komunalnych , - zwana dalej łącznie, wraz z wszystkimi powiązanymi usługami i obowiązkami, „usługą zagospodarowania odpadów zbieranych selektywnie z terenu gm.Wolsztyn w roku 2025”.",selec-w,,,cat_0008,src_ted_opendata,file_ted_0148,lot:LOT-0002,2026-08-19
lot_00408,LOT-0001,not_0149,pro_0134,Udostępnienie i obsługa Punktu Selektywnej Zbiórki Odpadów Komunalnych (PSZOK) oraz zagospodarowanie segregowanych odpadów komunalnych dostarczanych przez mieszkańców Gminy Lesznowola,"Przedmiotem zamówienia jest udostępnienie i obsługa Punktu Selektywnej Zbiórki Odpadów Komunalnych (PSZOK) oraz zagospodarowanie segregowanych odpadów komunalnych dostarczonych przez mieszkańców Gminy Lesznowola w okresie od dnia 2 stycznia 2025 r. do dnia 31 grudnia 2025 r. Udostępnienie i obsługa Punktu Selektywnej Zbiórki Odpadów Komunalnych oraz zagospodarowanie (poddanie odzyskowi, recyklingowi oraz unieszkodliwianiu) selektywnie zebranych odpadów komunalnych i dostarczonych przez mieszkańców Gminy Lesznowola do PSZOK musi się odbywać w sposób zapewniający osiągnięcie odpowiednich poziomów recyklingu, przygotowania do ponownego użycia i odzysku innymi metodami oraz ograniczenie masy odpadów komunalnych ulegających biodegradacji przekazywanych do składowania, zgodnie z zapisami ustawy z dnia 13 września 1996 r. o utrzymaniu czystości i porządku w gminach, ustawy z dnia 14 grudnia 2012 r. o odpadach, Rozporządzenia Ministra Środowiska z dnia 14 grudnia 2016 r. w sprawie poziomów recyklingu, przygotowania do ponownego użycia i odzysku innymi metodami niektórych frakcji odpadów komunalnych, Wojewódzkiego Planu Gospodarki Odpadami oraz Regulaminu utrzymania czystości i porządku na terenie Gminy Lesznowola. W ramach zamówienia Wykonawca zobowiązany jest do odbioru i zagospodarowania każdej ilości selektywnie zebranych odpadów komunalnych, dostarczonych do PSZOK przez mieszkańców Gminy Lesznowola.",selec-w,,,cat_0008,src_ted_opendata,file_ted_0149,lot:LOT-0001,2026-08-19
lot_00409,LOT-0001,not_0150,pro_0135,Środki kontrastowe i cieniujące,"Specyfikację dostaw zawiera załącznik nr 1.1 do niniejszej Specyfikacji Warunków Zamówienia („Formularz cenowy”). Pozostałe warunki zamówienia określone są w załączniku nr 2 do specyfikacji warunków zamówienia („Projektowane postanowienia umowy”, w sprawie zamówienia publicznego, które zostaną wprowadzone do treści umowy).",selec-w,,,cat_0128,src_ted_opendata,file_ted_0150,lot:LOT-0001,2026-08-19
lot_00410,LOT-0002,not_0150,pro_0135,Środek kontrastowy,"Specyfikację dostaw zawiera załącznik nr 1.1 do niniejszej Specyfikacji Warunków Zamówienia („Formularz cenowy”). Pozostałe warunki zamówienia określone są w załączniku nr 2 do specyfikacji warunków zamówienia („Projektowane postanowienia umowy”, w sprawie zamówienia publicznego, które zostaną wprowadzone do treści umowy).",selec-w,,,cat_0128,src_ted_opendata,file_ted_0150,lot:LOT-0002,2026-08-19
lot_00411,LOT-0003,not_0150,pro_0135,Środki kontrastowe,"Specyfikację dostaw zawiera załącznik nr 1.1 do niniejszej Specyfikacji Warunków Zamówienia („Formularz cenowy”). Pozostałe warunki zamówienia określone są w załączniku nr 2 do specyfikacji warunków zamówienia („Projektowane postanowienia umowy”, w sprawie zamówienia publicznego, które zostaną wprowadzone do treści umowy).",clos-nw,,,cat_0128,src_ted_opendata,file_ted_0150,lot:LOT-0003,2026-08-19
lot_00412,LOT-0001,not_0151,pro_0136,Dostawa trzech samochodów osobowych typu SUV wzmocniony w wersji nieoznakowanej o mocy silnika od 310 KM do 360 KM,"Postępowanie nie zostało podzielone na części. Wymaga się złożenia oferty obejmujące trzy samochody typu SUV wzmocniony w wersji nieoznakowanej o mocy silnika od 310 KM do 360 KM Dostawa obejmuje pojazdy nowe, wyprodukowane w 2024 r. spełniające wszystkie minimalne wymagania opisane w załącznikach numer: - 1 do SWZ – Wymagania ogólne, - 1.1 do SWZ – Podstawowe wymagania samochodu, - 1.2 do SWZ – Wymagania gwarancyjne",selec-w,,,cat_0129,src_ted_opendata,file_ted_0151,lot:LOT-0001,2026-08-19
lot_00413,LOT-0001,not_0152,pro_0137,Bicicleta elétrica com suspensão total para a GNR,Bicicleta elétrica com suspensão total para a GNR,selec-w,63000,EUR,cat_0129,src_ted_opendata,file_ted_0152,lot:LOT-0001,2026-08-19
lot_00414,LOT-0002,not_0152,pro_0137,Bicicletas elétricas para a PSP,Bicicletas elétricas para a PSP,selec-w,416000,EUR,cat_0129,src_ted_opendata,file_ted_0152,lot:LOT-0002,2026-08-19
lot_00415,LOT-0003,not_0152,pro_0137,Bicicleta convencional de patrulha com suspensão frontal para a GNR,Bicicleta convencional de patrulha com suspensão frontal para a GNR,selec-w,63700,EUR,cat_0129,src_ted_opendata,file_ted_0152,lot:LOT-0003,2026-08-19
lot_00416,GLO-0001,not_0152,pro_0137,,,,542700,EUR,,src_ted_opendata,file_ted_0152,lot:GLO-0001,2026-08-19
lot_00417,LOT-0001,not_0153,pro_0138,Świadczenie usług w zakresie odbioru i zagospodarowania odpadów komunalnych z terenu miasta Bolesławiec,"4.1 Przedmiotem zamówienia jest świadczenie usług w zakresie odbioru i zagospodarowania odpadów komunalnych z terenu miasta Bolesławiec, utworzenie i prowadzenie punktów selektywnej zbiórki odpadów komunalnych (centralnego i lokalnych), wyposażenie nieruchomości w pojemniki i/lub worki do gromadzenia odpadów komunalnych oraz utrzymanie tych pojemników w należytym stanie sanitarnym, porządkowym i technicznym. Szczegółowy opis przedmiotu zamówienia oraz zakres obowiązków Wykonawcy znajduje się w Załączniku A do SWZ, który zawiera: 1) Załącznik nr 1 – OPIS PRZEDMIOTU ZAMÓWIENIA I WYMAGANIA ZWIĄZANE Z JEGO REALIZACJĄ, 2) Załącznik nr 2 – Wykaz nieruchomości, 3) Załącznik nr 3 - HARMONOGRAM ODBIORU ODPADÓW KOMUNALNYCH ZMIESZANYCH (POZOSTAŁE PO SEGREGACJI) Z TERENU MIASTA BOLESŁAWIEC 4) Załącznik nr 4 - HARMONOGRAM ODBIORU ODPADÓW KOMUNALNYCH SEGREGOWANYCH Z TERENU MIASTA BOLESŁAWIEC, 5) Załącznik nr 5 - WYKAZ /LOKALIZACJA POJEMNIKÓW DO SEGREGACJI, * PSZOKI LOKALNE *, 6) Załącznik nr 6 - WYKAZ ULIC I PLACÓW MIASTA BOLESŁAWCA, 7) Załącznik nr 7 – Wykaz obudów śmietnikowych, 8) Załącznik nr 8 - Wykaz nieruchomości wyposażonych przez Gminę Miejską Bolesławiec w pojemniki na zużyte baterie, 9) Załącznik nr 9 - Wykaz aptek wyposażonych w pojemniki na przeterminowane leki na terenie miasta Bolesławiec 10) Załącznik nr 10 – Kontenery na odzież używaną. 11) Załącznik nr 11 – Naklejka.",selec-w,,,cat_0022,src_ted_opendata,file_ted_0153,lot:LOT-0001,2026-08-19
lot_00418,LOT-0001,not_0154,pro_0139,Lot n°1 SECTEUR NORD,Il s'agit du secteur nord du territoire de Valence Romans Agglo dont la liste des communes est détaillée en annexe du CCTP. Accord-cadre à bons de commande. Montant annuel HT : LOT 1 : mini 140 000 euro(s) / maxi 460 000 euro(s),selec-w,,,cat_0130,src_ted_opendata,file_ted_0154,lot:LOT-0001,2026-08-19
lot_00419,LOT-0002,not_0154,pro_0139,Lot n°2 SECTEUR SUD,Il s'agit du secteur sud du territoire de Valence Romans Agglo dont la liste des communes est détaillée en annexe du CCTP. Accord-cadre à bons de commande. Montant annuel HT : LOT 2 : mini 140 000 euro(s) / maxi 460 000 euro(s),selec-w,,,cat_0130,src_ted_opendata,file_ted_0154,lot:LOT-0002,2026-08-19
lot_00420,LOT-0001,not_0155,pro_0140,"Entretien, maintenance et exploitation du poste central de régulation du trafic routier","Les prestations relatives à l'entretien et l'exploitation du poste central, des lignes et modules de dialogue, et la maintenance préventive du logiciel s'exécuteront sur la base des prix forfaitaires fixés dans la DPGF. Les prestations de dépannage et maintenance du système et de remplacement d'un appareillage défaillant s'exécuteront au fur et a mesure de l'émission de bon de commande sur la base des prix unitaires du BPUQE ou du catalogue dans les limites suivantes :Mini annuel 10 000 €HT / Maxi annuel 70 000 € HT",selec-w,,,cat_0131,src_ted_opendata,file_ted_0155,lot:LOT-0001,2026-08-19
lot_00421,LOT-0000,not_0156,pro_0141,"2024_P067 – Projeto 12 - Aquisição de serviços para análise e desenvolvimento de sistema integrado de gestão para centralização e contratação de energia para o Sistema Nacional de Compras Públicas (SNCP) e respetivos serviços de manutenção preventiva e evolutiva, no contexto da concretização do Plano de Recuperação e Resiliência","2024_P067 – Projeto 12 - Aquisição de serviços para análise e desenvolvimento de sistema integrado de gestão para centralização e contratação de energia para o Sistema Nacional de Compras Públicas (SNCP) e respetivos serviços de manutenção preventiva e evolutiva, no contexto da concretização do Plano de Recuperação e Resiliência e, em concreto, da reforma dos Sistemas de informação de Gestão Financeira Pública integrada na Componente 17 do PRR",selec-w,,,cat_0132,src_ted_opendata,file_ted_0156,lot:LOT-0000,2026-08-19
lot_00422,LOT-0001,not_0157,pro_0142,Kompleksowe sprzątanie budynków Sądu Rejonowego w Gliwicach przy ul. Powstańców Warszawy 23 i przy ul. O. Jana Siemińskiego 10a oraz Kuratorskich Ośrodków w Gliwicach i Knurowie,"Przedmiotem zamówienia jest sprzątanie, utrzymanie czystości w obiektach Sądu Rejonowego w Gliwicach: - dwa budynki połączone ze sobą (ul. Powstańców Warszawy 23 i o. J. Siemińskiego 10a), Budynki wpisane są do rejestru zabytków pod numerami: - budynek przy ul. Powstańców Warszawy 23 nr A/413/14, - budynek przy ul. Siemińskiego nr: A/1009/22 oraz - Kuratorskie Ośrodki w Gliwicach i Knurowie, tj. codziennego sprzątania (lub wg. zapotrzebowania) obiektów zamawiającego, sprzętem i środkami czystości, zapewnionymi przez wykonawcę",selec-w,,,cat_0133,src_ted_opendata,file_ted_0157,lot:LOT-0001,2026-08-19
lot_00423,LOT-0000,not_0158,pro_0143,"Suministro, retirada de antiguos equipos, instalación, formación y mantenimiento en garantía de 44 desinfectacuñas para el Hospital Universitario Nuestra Señora de Candelaria.","Suministro, retirada de antiguos equipos, instalación, formación y mantenimiento en garantía de 44 desinfectacuñas para el Hospital Universitario Nuestra Señora de Candelaria.",selec-w,,,cat_0134,src_ted_opendata,file_ted_0158,lot:LOT-0000,2026-08-19
lot_00424,LOT-0000,not_0159,pro_0144,Default lot,"ACORD CADRU SERVICII DE COLECTARE, TRANSPORT SI ELIMINARE FINALA A DESEURILOR SPITALICESTI .Pentru raspunsul la la clarificari in a 10 zi inainte de termenul limita de depunere a ofertelor. Numar zile pana la care se pot solicita clarificari inainte de data limita de depunere a ofertelor/candidaturilor 15.",selec-w,,,cat_0135,src_ted_opendata,file_ted_0159,lot:LOT-0000,2026-08-19
lot_00425,LOT-0000,not_0160,pro_0145,"Izdelava in posodobitev aplikacij, sistemov, spletišč in platform - Nadgradnja korpusa modernističnih besedil in izdelava podatkovne baze lastnih imen","Po izvedenem ročnem označevanju celotnega korpusa Maj68 2.0 in avtomatskem označevanju imenskih entitet v korpusu po smernicah Janes-NER bodo iz korpusa izluščene lastnoimenske enote, ki so temelj za izdelavo podatkovne zbirke. Na podlagi označevanja bosta zasnovani (vsaj) dve podatkovni zbirki: zbirka imen literarnih likov v smislu širšega pojmovanja lastnoimenskosti in zbirka geografskih lokacij v literarnih besedilih. Predmetne podatkovne zbirke bodo osnova za nadgradnjo s podatki iz drugih literarnih korpusov.",selec-w,5000.0000,EUR,cat_0136,src_ted_opendata,file_ted_0160,lot:LOT-0000,2026-08-19
lot_00426,LOT-0001,not_0161,pro_0146,USG přístroj pro ambulanci.,"Předmětem plnění veřejné zakázky (dále jen „VZ“) je dodávka USG přístroje na ambulanci pro Urologickou kliniku Všeobecné fakultní nemocnice v Praze. Předmět plnění veřejné zakázky je vymezen i závazným návrhem kupní smlouvy, která tvoří přílohu zadávacích podmínek č. 2. Více viz zadávací podmínky.",selec-w,330578,CZK,cat_0137,src_ted_opendata,file_ted_0161,lot:LOT-0001,2026-08-19
lot_00427,LOT-0000,not_0162,pro_0147,"Servicios informáticos para la implantación, soporte y mantenimiento de la Sede Electrónica del Sepblac","Servicios informáticos para la implantación, soporte y mantenimiento de la Sede Electrónica del Sepblac",selec-w,,,cat_0138,src_ted_opendata,file_ted_0162,lot:LOT-0000,2026-08-19
lot_00428,LOT-0001,not_0163,pro_0148,1 Дезинфектант за повърхности 5 l,"ОБОСОБЕНА ПОЗИЦИЯ № 1: Наименование, Форма и разфасовка, Прогнозно количество за 24 месеца, Прогнозна единична цена в лева без ДДС, Прогнозна обща цена в лева без ДДС 1 Дезинфектант за повърхности 5 l, бр., 50, 78, 3900 Забележка: Ако в горната таблица са посочени наименования на апарати или изделия, това е направено само и единствено, за да се обозначи техниката, с която възложителят разполага. По никакъв начин не се ограничават участниците от гледна точка на марка, модел, стандарт, спецификация, техническа оценка, техническо одобрение или технически еталон. Всеки от тях свободно посочва търговското наименование и производителя на предлаганите от него артикули, стига те да са съвместими с изискванията на възложителя, съответно с наличната техника. Горепосочените количества са прогнозни с оглед на планираните нужди на възложителя. Възложителят не е обвързан от посочените количества, а ще поръчва с оглед конкретните си нужди по време на договора. Горепосочените форми/разфасовки и артикули са посочени с оглед реалната дейност на медицинския персонал в ЦСМП–София и окомплектоването на медицинските чанти.",selec-w,3900.000000,BGN,cat_0100,src_ted_opendata,file_ted_0163,lot:LOT-0001,2026-08-19
lot_00429,LOT-0002,not_0163,pro_0148,2 Дезинфектант за повърхности 3 l,"ОБОСОБЕНА ПОЗИЦИЯ № 2: Наименование, Форма и разфасовка, Прогнозно количество за 24 месеца, Прогнозна единична цена в лева без ДДС, Прогнозна обща цена в лева без ДДС 2 Дезинфектант за повърхности 3 l, бр., 100, 39, 3900 Забележка: Ако в горната таблица са посочени наименования на апарати или изделия, това е направено само и единствено, за да се обозначи техниката, с която възложителят разполага. По никакъв начин не се ограничават участниците от гледна точка на марка, модел, стандарт, спецификация, техническа оценка, техническо одобрение или технически еталон. Всеки от тях свободно посочва търговското наименование и производителя на предлаганите от него артикули, стига те да са съвместими с изискванията на възложителя, съответно с наличната техника. Горепосочените количества са прогнозни с оглед на планираните нужди на възложителя. Възложителят не е обвързан от посочените количества, а ще поръчва с оглед конкретните си нужди по време на договора. Горепосочените форми/разфасовки и артикули са посочени с оглед реалната дейност на медицинския персонал в ЦСМП–София и окомплектоването на медицинските чанти.",selec-w,3900.000000,BGN,cat_0100,src_ted_opendata,file_ted_0163,lot:LOT-0002,2026-08-19
lot_00430,LOT-0003,not_0163,pro_0148,3 Дезинфектант за ръце с помпа 500 ml,"ОБОСОБЕНА ПОЗИЦИЯ № 3: Наименование, Форма и разфасовка, Прогнозно количество за 24 месеца, Прогнозна единична цена в лева без ДДС, Прогнозна обща цена в лева без ДДС 3 Дезинфектант за ръце с помпа 500 ml, бр., 5000, 9,36, 46800 Забележка: Ако в горната таблица са посочени наименования на апарати или изделия, това е направено само и единствено, за да се обозначи техниката, с която възложителят разполага. По никакъв начин не се ограничават участниците от гледна точка на марка, модел, стандарт, спецификация, техническа оценка, техническо одобрение или технически еталон. Всеки от тях свободно посочва търговското наименование и производителя на предлаганите от него артикули, стига те да са съвместими с изискванията на възложителя, съответно с наличната техника. Горепосочените количества са прогнозни с оглед на планираните нужди на възложителя. Възложителят не е обвързан от посочените количества, а ще поръчва с оглед конкретните си нужди по време на договора. Горепосочените форми/разфасовки и артикули са посочени с оглед реалната дейност на медицинския персонал в ЦСМП–София и окомплектоването на медицинските чанти.",selec-w,46800.000000,BGN,cat_0100,src_ted_opendata,file_ted_0163,lot:LOT-0003,2026-08-19
lot_00431,LOT-0004,not_0163,pro_0148,"4 Дезинфектант за повърхности спрей - помпа, готов разтвор 1 l","ОБОСОБЕНА ПОЗИЦИЯ № 4: Наименование, Форма и разфасовка, Прогнозно количество за 24 месеца, Прогнозна единична цена в лева без ДДС, Прогнозна обща цена в лева без ДДС 4 Дезинфектант за повърхности спрей - помпа, готов разтвор 1 l, бр., 100, 18,2, 1820 Забележка: Ако в горната таблица са посочени наименования на апарати или изделия, това е направено само и единствено, за да се обозначи техниката, с която възложителят разполага. По никакъв начин не се ограничават участниците от гледна точка на марка, модел, стандарт, спецификация, техническа оценка, техническо одобрение или технически еталон. Всеки от тях свободно посочва търговското наименование и производителя на предлаганите от него артикули, стига те да са съвместими с изискванията на възложителя, съответно с наличната техника. Горепосочените количества са прогнозни с оглед на планираните нужди на възложителя. Възложителят не е обвързан от посочените количества, а ще поръчва с оглед конкретните си нужди по време на договора. Горепосочените форми/разфасовки и артикули са посочени с оглед реалната дейност на медицинския персонал в ЦСМП–София и окомплектоването на медицинските чанти.",selec-w,1820.000000,BGN,cat_0100,src_ted_opendata,file_ted_0163,lot:LOT-0004,2026-08-19
lot_00432,LOT-0001,not_0164,pro_0149,aparat USG,"1. Przedmiotem zamówienia jest dostawa, montaż i uruchomienie urządzeń oraz aparatury medycznej na potrzeby projektu - aparat USG. 2. Przedmiot zamówienia dla poszczególnych części zamówienia został szczegółowo opisany w Załączniku nr 1 do SWZ (Szczegółowy opis przedmiotu zamówienia/Opis wymaganych parametrów technicznych). 3. Zamawiający dopuszcza składanie ofert równoważnych, spełniających warunki dotyczące przedmiotu zamówienia. 4. Warunki realizacji Przedmiotu Zamówienia zawarte zostały również w projektowanych postanowieniach umowy, stanowiących Załącznik do SWZ. 5. Przedmiot zamówienia dostarczony będzie na koszt, ryzyko i transportem Wykonawcy.",selec-w,,,cat_0016,src_ted_opendata,file_ted_0164,lot:LOT-0001,2026-08-19
lot_00433,LOT-0002,not_0164,pro_0149,aparat USG kardiologiczny,"1. Przedmiotem zamówienia jest dostawa, montaż i uruchomienie urządzeń oraz aparatury medycznej na potrzeby projektu - aparat USG kardiologiczny. 2. Przedmiot zamówienia dla poszczególnych części zamówienia został szczegółowo opisany w Załączniku nr 1 do SWZ (Szczegółowy opis przedmiotu zamówienia/Opis wymaganych parametrów technicznych). 3. Zamawiający dopuszcza składanie ofert równoważnych, spełniających warunki dotyczące przedmiotu zamówienia. 4. Warunki realizacji Przedmiotu Zamówienia zawarte zostały również w projektowanych postanowieniach umowy, stanowiących Załącznik do SWZ. 5. Przedmiot zamówienia dostarczony będzie na koszt, ryzyko i transportem Wykonawcy.",selec-w,,,cat_0016,src_ted_opendata,file_ted_0164,lot:LOT-0002,2026-08-19
lot_00434,LOT-0003,not_0164,pro_0149,aparat EMG,"1. Przedmiotem zamówienia jest dostawa, montaż i uruchomienie urządzeń oraz aparatury medycznej na potrzeby projektu - aparat EMG. 2. Przedmiot zamówienia dla poszczególnych części zamówienia został szczegółowo opisany w Załączniku nr 1 do SWZ (Szczegółowy opis przedmiotu zamówienia/Opis wymaganych parametrów technicznych). 3. Zamawiający dopuszcza składanie ofert równoważnych, spełniających warunki dotyczące przedmiotu zamówienia. 4. Warunki realizacji Przedmiotu Zamówienia zawarte zostały również w projektowanych postanowieniach umowy, stanowiących Załącznik do SWZ. 5. Przedmiot zamówienia dostarczony będzie na koszt, ryzyko i transportem Wykonawcy.",selec-w,,,cat_0016,src_ted_opendata,file_ted_0164,lot:LOT-0003,2026-08-19
lot_00435,LOT-0004,not_0164,pro_0149,urządzenia do diagnostyki i rehabilitacji,"1.Przedmiotem zamówienia jest dostawa, montaż i uruchomienie urządzeń oraz aparatury medycznej na potrzeby projektu - urządzenia do diagnostyki i rehabilitacji. 2.Przedmiot zamówienia dla poszczególnych części zamówienia został szczegółowo opisany w Załączniku nr 1 do SWZ (Szczegółowy opis przedmiotu zamówienia/Opis wymaganych parametrów technicznych). 3. Zamawiający dopuszcza składanie ofert równoważnych, spełniających warunki dotyczące przedmiotu zamówienia. 4. Warunki realizacji Przedmiotu Zamówienia zawarte zostały również w projektowanych postanowieniach umowy, stanowiących Załącznik do SWZ. 5. Przedmiot zamówienia dostarczony będzie na koszt, ryzyko i transportem Wykonawcy.",selec-w,,,cat_0016,src_ted_opendata,file_ted_0164,lot:LOT-0004,2026-08-19
lot_00436,LOT-0005,not_0164,pro_0149,urządzenia do diagnostyki,"1.Przedmiotem zamówienia jest dostawa, montaż i uruchomienie urządzeń oraz aparatury medycznej na potrzeby projektu - urządzenia do diagnostyki. 2.Przedmiot zamówienia dla poszczególnych części zamówienia został szczegółowo opisany w Załączniku nr 1 do SWZ (Szczegółowy opis przedmiotu zamówienia/Opis wymaganych parametrów technicznych). 3. Zamawiający dopuszcza składanie ofert równoważnych, spełniających warunki dotyczące przedmiotu zamówienia. 4. Warunki realizacji Przedmiotu Zamówienia zawarte zostały również w projektowanych postanowieniach umowy, stanowiących Załącznik do SWZ. 5. Przedmiot zamówienia dostarczony będzie na koszt, ryzyko i transportem Wykonawcy.",selec-w,,,cat_0016,src_ted_opendata,file_ted_0164,lot:LOT-0005,2026-08-19
lot_00437,LOT-0006,not_0164,pro_0149,ciśnieniomierz,"1.Przedmiotem zamówienia jest dostawa, montaż i uruchomienie urządzeń oraz aparatury medycznej na potrzeby projektu - ciśnieniomierz. 2.Przedmiot zamówienia dla poszczególnych części zamówienia został szczegółowo opisany w Załączniku nr 1 do SWZ (Szczegółowy opis przedmiotu zamówienia/Opis wymaganych parametrów technicznych). 3. Zamawiający dopuszcza składanie ofert równoważnych, spełniających warunki dotyczące przedmiotu zamówienia. 4. Warunki realizacji Przedmiotu Zamówienia zawarte zostały również w projektowanych postanowieniach umowy, stanowiących Załącznik do SWZ. 5. Przedmiot zamówienia dostarczony będzie na koszt, ryzyko i transportem Wykonawcy.",selec-w,,,cat_0016,src_ted_opendata,file_ted_0164,lot:LOT-0006,2026-08-19
lot_00438,LOT-0007,not_0164,pro_0149,"fałdomierz elektroniczny,","1.Przedmiotem zamówienia jest dostawa, montaż i uruchomienie urządzeń oraz aparatury medycznej na potrzeby projektu - fałdomierz elektroniczny. 2.Przedmiot zamówienia dla poszczególnych części zamówienia został szczegółowo opisany w Załączniku nr 1 do SWZ (Szczegółowy opis przedmiotu zamówienia/Opis wymaganych parametrów technicznych). 3. Zamawiający dopuszcza składanie ofert równoważnych, spełniających warunki dotyczące przedmiotu zamówienia. 4. Warunki realizacji Przedmiotu Zamówienia zawarte zostały również w projektowanych postanowieniach umowy, stanowiących Załącznik do SWZ. 5. Przedmiot zamówienia dostarczony będzie na koszt, ryzyko i transportem Wykonawcy.",clos-nw,,,cat_0016,src_ted_opendata,file_ted_0164,lot:LOT-0007,2026-08-19
lot_00439,LOT-0008,not_0164,pro_0149,analizator składu ciała,"1.Przedmiotem zamówienia jest dostawa, montaż i uruchomienie urządzeń oraz aparatury medycznej na potrzeby projektu - analizator składu ciała. 2.Przedmiot zamówienia dla poszczególnych części zamówienia został szczegółowo opisany w Załączniku nr 1 do SWZ (Szczegółowy opis przedmiotu zamówienia/Opis wymaganych parametrów technicznych). 3. Zamawiający dopuszcza składanie ofert równoważnych, spełniających warunki dotyczące przedmiotu zamówienia. 4. Warunki realizacji Przedmiotu Zamówienia zawarte zostały również w projektowanych postanowieniach umowy, stanowiących Załącznik do SWZ. 5. Przedmiot zamówienia dostarczony będzie na koszt, ryzyko i transportem Wykonawcy.",selec-w,,,cat_0016,src_ted_opendata,file_ted_0164,lot:LOT-0008,2026-08-19
lot_00440,LOT-0009,not_0164,pro_0149,wagi,"1.Przedmiotem zamówienia jest dostawa, montaż i uruchomienie urządzeń oraz aparatury medycznej na potrzeby projektu - wagi. 2.Przedmiot zamówienia dla poszczególnych części zamówienia został szczegółowo opisany w Załączniku nr 1 do SWZ (Szczegółowy opis przedmiotu zamówienia/Opis wymaganych parametrów technicznych). 3. Zamawiający dopuszcza składanie ofert równoważnych, spełniających warunki dotyczące przedmiotu zamówienia. 4. Warunki realizacji Przedmiotu Zamówienia zawarte zostały również w projektowanych postanowieniach umowy, stanowiących Załącznik do SWZ. 5. Przedmiot zamówienia dostarczony będzie na koszt, ryzyko i transportem Wykonawcy.",selec-w,,,cat_0016,src_ted_opendata,file_ted_0164,lot:LOT-0009,2026-08-19
lot_00441,LOT-0010,not_0164,pro_0149,cyfrowy dynamometr,"1.Przedmiotem zamówienia jest dostawa, montaż i uruchomienie urządzeń oraz aparatury medycznej na potrzeby projektu - cyfrowy dynamometr. 2.Przedmiot zamówienia dla poszczególnych części zamówienia został szczegółowo opisany w Załączniku nr 1 do SWZ (Szczegółowy opis przedmiotu zamówienia/Opis wymaganych parametrów technicznych). 3. Zamawiający dopuszcza składanie ofert równoważnych, spełniających warunki dotyczące przedmiotu zamówienia. 4. Warunki realizacji Przedmiotu Zamówienia zawarte zostały również w projektowanych postanowieniach umowy, stanowiących Załącznik do SWZ. 5. Przedmiot zamówienia dostarczony będzie na koszt, ryzyko i transportem Wykonawcy.",selec-w,,,cat_0016,src_ted_opendata,file_ted_0164,lot:LOT-0010,2026-08-19
lot_00442,LOT-0011,not_0164,pro_0149,kozetka,"1.Przedmiotem zamówienia jest dostawa, montaż i uruchomienie urządzeń oraz aparatury medycznej na potrzeby projektu - kozetka. 2.Przedmiot zamówienia dla poszczególnych części zamówienia został szczegółowo opisany w Załączniku nr 1 do SWZ (Szczegółowy opis przedmiotu zamówienia/Opis wymaganych parametrów technicznych). 3. Zamawiający dopuszcza składanie ofert równoważnych, spełniających warunki dotyczące przedmiotu zamówienia. 4. Warunki realizacji Przedmiotu Zamówienia zawarte zostały również w projektowanych postanowieniach umowy, stanowiących Załącznik do SWZ. 5. Przedmiot zamówienia dostarczony będzie na koszt, ryzyko i transportem Wykonawcy.",selec-w,,,cat_0016,src_ted_opendata,file_ted_0164,lot:LOT-0011,2026-08-19
lot_00443,LOT-0012,not_0164,pro_0149,lampa bakteriobójcza przepływowa,"1.Przedmiotem zamówienia jest dostawa, montaż i uruchomienie urządzeń oraz aparatury medycznej na potrzeby projektu - lampa bakteriobójcza przepływowa. 2.Przedmiot zamówienia dla poszczególnych części zamówienia został szczegółowo opisany w Załączniku nr 1 do SWZ (Szczegółowy opis przedmiotu zamówienia/Opis wymaganych parametrów technicznych). 3. Zamawiający dopuszcza składanie ofert równoważnych, spełniających warunki dotyczące przedmiotu zamówienia. 4. Warunki realizacji Przedmiotu Zamówienia zawarte zostały również w projektowanych postanowieniach umowy, stanowiących Załącznik do SWZ. 5. Przedmiot zamówienia dostarczony będzie na koszt, ryzyko i transportem Wykonawcy.",selec-w,,,cat_0016,src_ted_opendata,file_ted_0164,lot:LOT-0012,2026-08-19
lot_00444,LOT-0013,not_0164,pro_0149,materac,"1.Przedmiotem zamówienia jest dostawa, montaż i uruchomienie urządzeń oraz aparatury medycznej na potrzeby projektu - materac. 2.Przedmiot zamówienia dla poszczególnych części zamówienia został szczegółowo opisany w Załączniku nr 1 do SWZ (Szczegółowy opis przedmiotu zamówienia/Opis wymaganych parametrów technicznych). 3. Zamawiający dopuszcza składanie ofert równoważnych, spełniających warunki dotyczące przedmiotu zamówienia. 4. Warunki realizacji Przedmiotu Zamówienia zawarte zostały również w projektowanych postanowieniach umowy, stanowiących Załącznik do SWZ. 5. Przedmiot zamówienia dostarczony będzie na koszt, ryzyko i transportem Wykonawcy.",selec-w,,,cat_0016,src_ted_opendata,file_ted_0164,lot:LOT-0013,2026-08-19
lot_00445,LOT-0014,not_0164,pro_0149,parawan,"1.Przedmiotem zamówienia jest dostawa, montaż i uruchomienie urządzeń oraz aparatury medycznej na potrzeby projektu - parawan. 2.Przedmiot zamówienia dla poszczególnych części zamówienia został szczegółowo opisany w Załączniku nr 1 do SWZ (Szczegółowy opis przedmiotu zamówienia/Opis wymaganych parametrów technicznych). 3. Zamawiający dopuszcza składanie ofert równoważnych, spełniających warunki dotyczące przedmiotu zamówienia. 4. Warunki realizacji Przedmiotu Zamówienia zawarte zostały również w projektowanych postanowieniach umowy, stanowiących Załącznik do SWZ. 5. Przedmiot zamówienia dostarczony będzie na koszt, ryzyko i transportem Wykonawcy.",selec-w,,,cat_0016,src_ted_opendata,file_ted_0164,lot:LOT-0014,2026-08-19
lot_00446,LOT-0001,not_0165,pro_0004,Pakiet 157 Świadczenie usług serwisowania aparatury medycznej,Świadczenie usług serwisowania aparatury medycznej,clos-nw,,,cat_0005,src_ted_opendata,file_ted_0165,lot:LOT-0001,2026-08-19
lot_00447,LOT-0001,not_0166,pro_0150,"Záhrada umenia, Kmeťovo stromoradie, Prešov - stavebné činnosti","Predmetom zákazky je riešenie stavby „Záhrada umenia, Kmeťovo stromoradie, Prešov“ vrátane technickej infraštruktúry. Koncepčný rámec pre tento projekt predstavuje víťazný návrh z urbanisticko-architektonickej súťaže s následným zapracovaním požiadaviek investora, ktoré boli do riešenia premietnuté. Navrhované riešenie Kmeťovho stromoradia a záhrady umenia obsahuje funkcie verejného priestoru, pešie komunikácie a plochy doplnené drobnou architektúrou, vodnými prvkami a pešou lávkou. Jedná sa o obnovu existujúcich priestorov a to obnovu Záhrady umenia na multifunkčný, kultúrno - spoločenský priestor a obnovu Kmeťovho stromoradia na plnohodnotnú mestskú promenádu s obojstrannou alejou. Projekt stanovuje základné princípy riešenia dopravnej a technickej infraštruktúry v súlade s environmentálnymi limitmi daného územia a je podkladom pre zhotovenie predmetnej stavby. Stavba bude pozostávať z týchto stavebných objektov: SO 01 Búracie práce a príprava územia SO 02 Spevnené plochy a pešie komunikácie SO 03 Pešia lávka Metodova ul. SO 05 Sadové a parkové úpravy SO 06 Drobná architektúra SO 07-1 Parkánový múr SO 07-2 Terénne schodisko a úprava hradobného múru SO 08-1 Vodný prvok Záhrada umenia SO 08-2 Fontána Záhrada umenia SO 09 Studňa a úžitkový vodovod SO 10 Dažďová kanalizácia SO 11 Pitný vodovod SO 12 Verejné osvetlenie SO 13 Kamerový systém SO 14 - NN prípojky SO 14-1 NN prípojka SO 14-2 Odberné elektrické zariadenia SO 14-3 Výmena RIS - realizuje VSD, a.s. na vlastné náklady SO 14-4 NN prípojka SO 14-5 Odberné elektrické zariadenie SO 15 NN rozvody SO 16 Ochrana existujúcich ELI vedení SO 16-1 Preložka vedení VSD, a.s. časť 1 preložka NN vedení časť 2 preložka VN vedení Kvalitatívna a kvantitatívna špecifikácia predmetu zákazky je uvedená v súťažných podkladoch.",selec-w,3737280.31,EUR,cat_0139,src_ted_opendata,file_ted_0166,lot:LOT-0001,2026-08-19
lot_00448,LOT-0001,not_0167,pro_0151,Maintenance des installations techniques,"Le présent marché porte sur la conclusion d’un contrat de maintenance et d’entretien préventif et correctif et de garantie totale des installations techniques de l’immeuble sis Chemin du Bon Dieu de Gibloux, 26 à 1410 Waterloo occupé par le C.P.A.S. de WATERLOO et sa MR/MRS ""Le Gibloux"". Le prestataire de services accorde, en plus des prestations, services et fournitures définis au chapitre III : Exigences techniques, une garantie totale sur l’installation dont l’exploitation lui est confiée. A cette fin, il fournira le personnel, l’outillage, le matériel et les pièces de rechange nécessaires à tous remplacements, réparations ou gros entretiens du matériel décrit à l’ANNEXE 2.",selec-w,,,cat_0093,src_ted_opendata,file_ted_0167,lot:LOT-0001,2026-08-19
lot_00449,LOT-0001,not_0168,pro_0152,Pakiet nr 1,"Przedmiotem zamówienia jest dostarczanie leków różnych wg 32 pakietów do siedziby Zamawiającego (Kraków, os. Złotej Jesieni 1), zgodnie z opisem i wymaganiami zawartymi w załączniku nr 1 do nin. specyfikacji.",selec-w,,,cat_0018,src_ted_opendata,file_ted_0168,lot:LOT-0001,2026-08-19
lot_00450,LOT-0002,not_0168,pro_0152,Pakiet nr 2,"Przedmiotem zamówienia jest dostarczanie leków różnych wg 32 pakietów do siedziby Zamawiającego (Kraków, os. Złotej Jesieni 1), zgodnie z opisem i wymaganiami zawartymi w załączniku nr 1 do nin. specyfikacji.",selec-w,,,cat_0018,src_ted_opendata,file_ted_0168,lot:LOT-0002,2026-08-19
lot_00451,LOT-0003,not_0168,pro_0152,Pakiet nr 3,"Przedmiotem zamówienia jest dostarczanie leków różnych wg 32 pakietów do siedziby Zamawiającego (Kraków, os. Złotej Jesieni 1), zgodnie z opisem i wymaganiami zawartymi w załączniku nr 1 do nin. specyfikacji.",selec-w,,,cat_0018,src_ted_opendata,file_ted_0168,lot:LOT-0003,2026-08-19
lot_00452,LOT-0004,not_0168,pro_0152,Pakiet nr 4,"Przedmiotem zamówienia jest dostarczanie leków różnych wg 32 pakietów do siedziby Zamawiającego (Kraków, os. Złotej Jesieni 1), zgodnie z opisem i wymaganiami zawartymi w załączniku nr 1 do nin. specyfikacji.",selec-w,,,cat_0018,src_ted_opendata,file_ted_0168,lot:LOT-0004,2026-08-19
lot_00453,LOT-0005,not_0168,pro_0152,Pakiet nr 5,"Przedmiotem zamówienia jest dostarczanie leków różnych wg 32 pakietów do siedziby Zamawiającego (Kraków, os. Złotej Jesieni 1), zgodnie z opisem i wymaganiami zawartymi w załączniku nr 1 do nin. specyfikacji.",selec-w,,,cat_0018,src_ted_opendata,file_ted_0168,lot:LOT-0005,2026-08-19
lot_00454,LOT-0006,not_0168,pro_0152,Pakiet nr 6,"Przedmiotem zamówienia jest dostarczanie leków różnych wg 32 pakietów do siedziby Zamawiającego (Kraków, os. Złotej Jesieni 1), zgodnie z opisem i wymaganiami zawartymi w załączniku nr 1 do nin. specyfikacji.",selec-w,,,cat_0018,src_ted_opendata,file_ted_0168,lot:LOT-0006,2026-08-19
lot_00455,LOT-0007,not_0168,pro_0152,Pakiet nr 7,"Przedmiotem zamówienia jest dostarczanie leków różnych wg 32 pakietów do siedziby Zamawiającego (Kraków, os. Złotej Jesieni 1), zgodnie z opisem i wymaganiami zawartymi w załączniku nr 1 do nin. specyfikacji.",selec-w,,,cat_0018,src_ted_opendata,file_ted_0168,lot:LOT-0007,2026-08-19
lot_00456,LOT-0008,not_0168,pro_0152,Pakiet nr 8,"Przedmiotem zamówienia jest dostarczanie leków różnych wg 32 pakietów do siedziby Zamawiającego (Kraków, os. Złotej Jesieni 1), zgodnie z opisem i wymaganiami zawartymi w załączniku nr 1 do nin. specyfikacji.",selec-w,,,cat_0018,src_ted_opendata,file_ted_0168,lot:LOT-0008,2026-08-19
lot_00457,LOT-0009,not_0168,pro_0152,Pakiet nr 9,"Przedmiotem zamówienia jest dostarczanie leków różnych wg 32 pakietów do siedziby Zamawiającego (Kraków, os. Złotej Jesieni 1), zgodnie z opisem i wymaganiami zawartymi w załączniku nr 1 do nin. specyfikacji.",selec-w,,,cat_0018,src_ted_opendata,file_ted_0168,lot:LOT-0009,2026-08-19
lot_00458,LOT-0010,not_0168,pro_0152,Pakiet nr 10,"Przedmiotem zamówienia jest dostarczanie leków różnych wg 32 pakietów do siedziby Zamawiającego (Kraków, os. Złotej Jesieni 1), zgodnie z opisem i wymaganiami zawartymi w załączniku nr 1 do nin. specyfikacji.",selec-w,,,cat_0018,src_ted_opendata,file_ted_0168,lot:LOT-0010,2026-08-19
lot_00459,LOT-0011,not_0168,pro_0152,Pakiet nr 11,"Przedmiotem zamówienia jest dostarczanie leków różnych wg 32 pakietów do siedziby Zamawiającego (Kraków, os. Złotej Jesieni 1), zgodnie z opisem i wymaganiami zawartymi w załączniku nr 1 do nin. specyfikacji.",selec-w,,,cat_0018,src_ted_opendata,file_ted_0168,lot:LOT-0011,2026-08-19
lot_00460,LOT-0012,not_0168,pro_0152,Pakiet nr 12,"Przedmiotem zamówienia jest dostarczanie leków różnych wg 32 pakietów do siedziby Zamawiającego (Kraków, os. Złotej Jesieni 1), zgodnie z opisem i wymaganiami zawartymi w załączniku nr 1 do nin. specyfikacji.",selec-w,,,cat_0018,src_ted_opendata,file_ted_0168,lot:LOT-0012,2026-08-19
lot_00461,LOT-0013,not_0168,pro_0152,Pakiet nr 13,"Przedmiotem zamówienia jest dostarczanie leków różnych wg 32 pakietów do siedziby Zamawiającego (Kraków, os. Złotej Jesieni 1), zgodnie z opisem i wymaganiami zawartymi w załączniku nr 1 do nin. specyfikacji.",selec-w,,,cat_0018,src_ted_opendata,file_ted_0168,lot:LOT-0013,2026-08-19
lot_00462,LOT-0014,not_0168,pro_0152,Pakiet nr 14,"Przedmiotem zamówienia jest dostarczanie leków różnych wg 32 pakietów do siedziby Zamawiającego (Kraków, os. Złotej Jesieni 1), zgodnie z opisem i wymaganiami zawartymi w załączniku nr 1 do nin. specyfikacji.",selec-w,,,cat_0018,src_ted_opendata,file_ted_0168,lot:LOT-0014,2026-08-19
lot_00463,LOT-0015,not_0168,pro_0152,Pakiet nr 15,"Przedmiotem zamówienia jest dostarczanie leków różnych wg 32 pakietów do siedziby Zamawiającego (Kraków, os. Złotej Jesieni 1), zgodnie z opisem i wymaganiami zawartymi w załączniku nr 1 do nin. specyfikacji.",selec-w,,,cat_0018,src_ted_opendata,file_ted_0168,lot:LOT-0015,2026-08-19
lot_00464,LOT-0016,not_0168,pro_0152,Pakiet nr 16,"Przedmiotem zamówienia jest dostarczanie leków różnych wg 32 pakietów do siedziby Zamawiającego (Kraków, os. Złotej Jesieni 1), zgodnie z opisem i wymaganiami zawartymi w załączniku nr 1 do nin. specyfikacji.",selec-w,,,cat_0018,src_ted_opendata,file_ted_0168,lot:LOT-0016,2026-08-19
lot_00465,LOT-0017,not_0168,pro_0152,Pakiet nr 17,"Przedmiotem zamówienia jest dostarczanie leków różnych wg 32 pakietów do siedziby Zamawiającego (Kraków, os. Złotej Jesieni 1), zgodnie z opisem i wymaganiami zawartymi w załączniku nr 1 do nin. specyfikacji.",selec-w,,,cat_0018,src_ted_opendata,file_ted_0168,lot:LOT-0017,2026-08-19
lot_00466,LOT-0018,not_0168,pro_0152,Pakiet nr 18,"Przedmiotem zamówienia jest dostarczanie leków różnych wg 32 pakietów do siedziby Zamawiającego (Kraków, os. Złotej Jesieni 1), zgodnie z opisem i wymaganiami zawartymi w załączniku nr 1 do nin. specyfikacji.",selec-w,,,cat_0018,src_ted_opendata,file_ted_0168,lot:LOT-0018,2026-08-19
lot_00467,LOT-0019,not_0168,pro_0152,Pakiet nr 19,"Przedmiotem zamówienia jest dostarczanie leków różnych wg 32 pakietów do siedziby Zamawiającego (Kraków, os. Złotej Jesieni 1), zgodnie z opisem i wymaganiami zawartymi w załączniku nr 1 do nin. specyfikacji.",clos-nw,,,cat_0018,src_ted_opendata,file_ted_0168,lot:LOT-0019,2026-08-19
lot_00468,LOT-0020,not_0168,pro_0152,Pakiet nr 20,"Przedmiotem zamówienia jest dostarczanie leków różnych wg 32 pakietów do siedziby Zamawiającego (Kraków, os. Złotej Jesieni 1), zgodnie z opisem i wymaganiami zawartymi w załączniku nr 1 do nin. specyfikacji.",selec-w,,,cat_0018,src_ted_opendata,file_ted_0168,lot:LOT-0020,2026-08-19
lot_00469,LOT-0021,not_0168,pro_0152,Pakiet nr 21,"Przedmiotem zamówienia jest dostarczanie leków różnych wg 32 pakietów do siedziby Zamawiającego (Kraków, os. Złotej Jesieni 1), zgodnie z opisem i wymaganiami zawartymi w załączniku nr 1 do nin. specyfikacji.",selec-w,,,cat_0018,src_ted_opendata,file_ted_0168,lot:LOT-0021,2026-08-19
lot_00470,LOT-0022,not_0168,pro_0152,Pakiet nr 22,"Przedmiotem zamówienia jest dostarczanie leków różnych wg 32 pakietów do siedziby Zamawiającego (Kraków, os. Złotej Jesieni 1), zgodnie z opisem i wymaganiami zawartymi w załączniku nr 1 do nin. specyfikacji.",selec-w,,,cat_0018,src_ted_opendata,file_ted_0168,lot:LOT-0022,2026-08-19
lot_00471,LOT-0023,not_0168,pro_0152,Pakiet nr 23,"Przedmiotem zamówienia jest dostarczanie leków różnych wg 32 pakietów do siedziby Zamawiającego (Kraków, os. Złotej Jesieni 1), zgodnie z opisem i wymaganiami zawartymi w załączniku nr 1 do nin. specyfikacji.",selec-w,,,cat_0018,src_ted_opendata,file_ted_0168,lot:LOT-0023,2026-08-19
lot_00472,LOT-0024,not_0168,pro_0152,Pakiet nr 24,"Przedmiotem zamówienia jest dostarczanie leków różnych wg 32 pakietów do siedziby Zamawiającego (Kraków, os. Złotej Jesieni 1), zgodnie z opisem i wymaganiami zawartymi w załączniku nr 1 do nin. specyfikacji.",selec-w,,,cat_0018,src_ted_opendata,file_ted_0168,lot:LOT-0024,2026-08-19
lot_00473,LOT-0025,not_0168,pro_0152,Pakiet nr 25,"Przedmiotem zamówienia jest dostarczanie leków różnych wg 32 pakietów do siedziby Zamawiającego (Kraków, os. Złotej Jesieni 1), zgodnie z opisem i wymaganiami zawartymi w załączniku nr 1 do nin. specyfikacji.",selec-w,,,cat_0018,src_ted_opendata,file_ted_0168,lot:LOT-0025,2026-08-19
lot_00474,LOT-0026,not_0168,pro_0152,Pakiet nr 26,"Przedmiotem zamówienia jest dostarczanie leków różnych wg 32 pakietów do siedziby Zamawiającego (Kraków, os. Złotej Jesieni 1), zgodnie z opisem i wymaganiami zawartymi w załączniku nr 1 do nin. specyfikacji.",selec-w,,,cat_0018,src_ted_opendata,file_ted_0168,lot:LOT-0026,2026-08-19
lot_00475,LOT-0027,not_0168,pro_0152,Pakiet nr 27,"Przedmiotem zamówienia jest dostarczanie leków różnych wg 32 pakietów do siedziby Zamawiającego (Kraków, os. Złotej Jesieni 1), zgodnie z opisem i wymaganiami zawartymi w załączniku nr 1 do nin. specyfikacji.",selec-w,,,cat_0018,src_ted_opendata,file_ted_0168,lot:LOT-0027,2026-08-19
lot_00476,LOT-0028,not_0168,pro_0152,Pakiet nr 28,"Przedmiotem zamówienia jest dostarczanie leków różnych wg 32 pakietów do siedziby Zamawiającego (Kraków, os. Złotej Jesieni 1), zgodnie z opisem i wymaganiami zawartymi w załączniku nr 1 do nin. specyfikacji.",selec-w,,,cat_0018,src_ted_opendata,file_ted_0168,lot:LOT-0028,2026-08-19
lot_00477,LOT-0029,not_0168,pro_0152,Pakiet nr 29,"Przedmiotem zamówienia jest dostarczanie leków różnych wg 32 pakietów do siedziby Zamawiającego (Kraków, os. Złotej Jesieni 1), zgodnie z opisem i wymaganiami zawartymi w załączniku nr 1 do nin. specyfikacji.",selec-w,,,cat_0018,src_ted_opendata,file_ted_0168,lot:LOT-0029,2026-08-19
lot_00478,LOT-0030,not_0168,pro_0152,Pakiet nr 30,"Przedmiotem zamówienia jest dostarczanie leków różnych wg 32 pakietów do siedziby Zamawiającego (Kraków, os. Złotej Jesieni 1), zgodnie z opisem i wymaganiami zawartymi w załączniku nr 1 do nin. specyfikacji.",selec-w,,,cat_0018,src_ted_opendata,file_ted_0168,lot:LOT-0030,2026-08-19
lot_00479,LOT-0031,not_0168,pro_0152,Pakiet nr 31,"Przedmiotem zamówienia jest dostarczanie leków różnych wg 32 pakietów do siedziby Zamawiającego (Kraków, os. Złotej Jesieni 1), zgodnie z opisem i wymaganiami zawartymi w załączniku nr 1 do nin. specyfikacji.",selec-w,,,cat_0018,src_ted_opendata,file_ted_0168,lot:LOT-0031,2026-08-19
lot_00480,LOT-0032,not_0168,pro_0152,Pakiet nr 32,"Przedmiotem zamówienia jest dostarczanie leków różnych wg 32 pakietów do siedziby Zamawiającego (Kraków, os. Złotej Jesieni 1), zgodnie z opisem i wymaganiami zawartymi w załączniku nr 1 do nin. specyfikacji.",selec-w,,,cat_0018,src_ted_opendata,file_ted_0168,lot:LOT-0032,2026-08-19
lot_00481,LOT-0001,not_0169,pro_0153,Enlace centro territorial rtve Extremadura/ rne Caceres,Lote 1: Enlace centro territorial rtve Extremadura (Mérida)/C.T. rne Caceres,selec-w,114000,EUR,cat_0140,src_ted_opendata,file_ted_0169,lot:LOT-0001,2026-08-19
lot_00482,LOT-0002,not_0169,pro_0153,Enlace c.p.p. tve Tenerife/ centro territorial rne Tenerife,Lote 2: e nlace tve Tenerife/centro territorial rne Tenerife,selec-w,114000,EUR,cat_0140,src_ted_opendata,file_ted_0169,lot:LOT-0002,2026-08-19
lot_00483,LOT-0003,not_0169,pro_0153,Enlace centro territorial rne Barcelona/Parlament de Cataluña,Lote 3: enlace rne Barcelona/Parlament de Cataluña,selec-w,114000,EUR,cat_0140,src_ted_opendata,file_ted_0169,lot:LOT-0003,2026-08-19
lot_00484,LOT-0001,not_0170,pro_0154,CARNE CONGELATA DE PUI,Carne congelată de pui conform caietului de sarcini,selec-w,,,cat_0141,src_ted_opendata,file_ted_0170,lot:LOT-0001,2026-08-19
lot_00485,LOT-0002,not_0170,pro_0154,CARNE CONGELATA DE CURCAN si RATA,Carne congelata de curcan si rata conform caietului de sarcini,selec-w,,,cat_0141,src_ted_opendata,file_ted_0170,lot:LOT-0002,2026-08-19
lot_00486,LOT-0003,not_0170,pro_0154,CARNE DE PORC,Carne congelata de porc conform caietului de sarcini,selec-w,,,cat_0141,src_ted_opendata,file_ted_0170,lot:LOT-0003,2026-08-19
lot_00487,LOT-0004,not_0170,pro_0154,CARNE DE VITA,Carne congelata de vita conform caietului de sarcini,selec-w,,,cat_0141,src_ted_opendata,file_ted_0170,lot:LOT-0004,2026-08-19
lot_00488,LOT-0005,not_0170,pro_0154,CARNE DE PESTE,Carne de peste conform caietului de sarcini,selec-w,,,cat_0141,src_ted_opendata,file_ted_0170,lot:LOT-0005,2026-08-19
lot_00489,LOT-0006,not_0170,pro_0154,PRODUSE LACTATE,Produse lactate conform caietului de sarcini,selec-w,,,cat_0069,src_ted_opendata,file_ted_0170,lot:LOT-0006,2026-08-19
lot_00490,LOT-0007,not_0170,pro_0154,UNT PENTRU PATISERIE,Unt pentru patiserie conform caietului de sarcini,selec-w,,,cat_0069,src_ted_opendata,file_ted_0170,lot:LOT-0007,2026-08-19
lot_00491,LOT-0008,not_0170,pro_0154,BRANZETURI TARTINABILE,Brnzeturi tartinabile conform caietului de sarcini,selec-w,,,cat_0069,src_ted_opendata,file_ted_0170,lot:LOT-0008,2026-08-19
lot_00492,LOT-0000,not_0171,pro_0155,97.ΠΡΟΜΗΘΕΙΑ ΤΡΟΧΗΛΑΤΟ ΑΠΟΡΡΙΜΜΑΤΩΝ,97.ΠΡΟΜΗΘΕΙΑ ΤΡΟΧΗΛΑΤΟ ΑΠΟΡΡΙΜΜΑΤΩΝ,selec-w,1197,EUR,cat_0142,src_ted_opendata,file_ted_0171,lot:LOT-0000,2026-08-19
lot_00493,LOT-0001,not_0172,pro_0156,"Objekto „Klaipėdos valstybinio jūrų uosto išorinio ir vidinio laivybos kanalo gilinimo ir platinimo nuo PK(-22) iki PK(26) projektas“ gilinimo darbus 21 ir 22 baruose iki –15,50 m gylio","Objekto „Klaipėdos valstybinio jūrų uosto išorinio ir vidinio laivybos kanalo gilinimo ir platinimo nuo PK(-22) iki PK(26) projektas“ gilinimo darbus 21 ir 22 baruose iki –15,50 m gylio",selec-w,7406966.40,EUR,cat_0143,src_ted_opendata,file_ted_0172,lot:LOT-0001,2026-08-19
lot_00494,LOT-0000,not_0173,pro_0157,"DOKUMENTNI SISTEM, ELEKTRONSKA HRAMBA IN SPREMLJEVALNE STORITVE","DOKUMENTNI SISTEM, ELEKTRONSKA HRAMBA IN SPREMLJEVALNE STORITVE Celovita informacijska rešitev - vzpostavitev certificiranega dokumentnega sistema, vzpostavitev e-podpisovanja, zajem in elektronska hramba dokumentarnega gradiva, vzdrževanje sistema. 1.) Vzpostavitev sistema: • Podpora obvladovanja vložišča • Podpora obvladovanja dokumentacije o skladnosti (ISO, AACI): • Podpora obvladovanja upravljanja pogodb in dokumentacije javnih naročil • Priprava in potrditev notranjih pravil pri Arhivu RS 2.) Dostop do informacijskih rešitev, hramba dokumentacije in vzdrževanje za dobo 5 let",selec-w,500000.0000,EUR,cat_0049,src_ted_opendata,file_ted_0173,lot:LOT-0000,2026-08-19
lot_00495,LOT-0001,not_0174,pro_0158,Lot 1 : Maîtrise d'oeuvre SSI (coordination des systèmes de Sécurité Incendie) pour le site de BEAUVAU.,"Le lot n°1 concerne une mission de maîtrise d'oeuvre SSI (coordination des systèmes de Sécurité Incendie) pour le site de BEAUVAU situé Place BEAUVAU à Paris 8ème. La durée prévisionnelle de la phase étude est estimée à 5 mois et demi et la durée de la phase travaux est estimée à 11 mois (dont deux mois de préparation de chantier). L'enveloppe financière prévisionnelle affectée au travaux objet du lot n°1 par le maître d'ouvrage est de 1 040 050,00 euros HT.",selec-w,,,cat_0144,src_ted_opendata,file_ted_0174,lot:LOT-0001,2026-08-19
lot_00496,LOT-0003,not_0174,pro_0158,Lot 2 : Maîtrise d'oeuvre TCE (Tout Corps d'État) pour le site de BEAUVAU et pour le site d'OUDINOT.,"Le lot n°2 concerne une mission de maîtrise d'oeuvre TCE (Tout Corps d'Etat) pour le site de BEAUVAU et pour le site d'OUDINOT. La durée prévisionnelle de la phase étude est estimée à 5 mois et demi et de la phase travaux est estimée à 27 mois (dont deux mois de préparation de chantier). L'enveloppe financière prévisionnelle affectée au travaux objet du lot n°2 par le maître d'ouvrage est de 7 077 620,00 euros HT.",selec-w,,,cat_0145,src_ted_opendata,file_ted_0174,lot:LOT-0003,2026-08-19
lot_00497,LOT-0001,not_0175,pro_0004,Pakiet 126 Świadczenie usług serwisowania aparatury medycznej,Świadczenie usług serwisowania aparatury medycznej,clos-nw,,,cat_0005,src_ted_opendata,file_ted_0175,lot:LOT-0001,2026-08-19
lot_00498,LOT-0001,not_0176,pro_0159,Vantage Towers – Akvizice a výstavba infrastruktury základnových stanic – lokalita IO 94 Borky - opakování“,Předmětem Veřejné zakázky je uzavření Dílčí smlouvy za podmínek určených Zákonem a za podmínek ujednaných Rámcovou smlouvou.,selec-w,4300000,CZK,cat_0147,src_ted_opendata,file_ted_0176,lot:LOT-0001,2026-08-19
lot_00499,LOT-0000,not_0177,pro_0160,Projectleider Klimaat Academie - Cluster SO,"Jij bent van een toekomstbestendige wereldstad die duurzaam doorbouwt. Met het plan van aanpak Duurzaam Doorbouwen werken we het door marktpartijen, corporaties en gemeente gesloten Rotterdamse Doorbouwakkoord uit. Dit plan van aanpak gaat uit van het stapelen van kennis in plaats van stapelen van regels en geeft richtlijnen voor het meten en delen van informatie. Zodat we met en van elkaar kunnen leren om de gebouw- en gebiedsontwikkeling én de duurzaamheidsopgave maximaal te verbinden.",selec-w,200520,EUR,cat_0014,src_ted_opendata,file_ted_0177,lot:LOT-0000,2026-08-19
lot_00500,LOT-0001,not_0178,pro_0161,Lieferung einer DLAK 23/12 inklusive feuerwehrtechnischer Beladung,"Die Leistung umfasst die Lieferung, den feuerwehrtechnischen Auf- und Ausbau sowie die Ausstattung einer DLAK 23/12 nach DIN EN 14043 in Kombination mit DIN EN 1846-2 und 1846-3, EN DIN SPEC 14502-2, 14502-3.",selec-w,,,cat_0148,src_ted_opendata,file_ted_0178,lot:LOT-0001,2026-08-19
lot_00501,LOT-0001,not_0179,pro_0162,digitale Anbindung OP-Dokumentationssystem Bielefeld,digitale Anbindung OP-Dokumentationssystem für das Klinikum Bielefeld gGmbH,selec-w,,,cat_0149,src_ted_opendata,file_ted_0179,lot:LOT-0001,2026-08-19
lot_00502,LOT-0000,not_0180,pro_0163,Usluga održavanja nerazvrstanih cesta u zimskim uvjetima na području Grada Varaždina-zimska služba,"Predmet nabave je povjeravanje obavljanja usluge čišćenja snijega na nerazvrstanim cestama na području Grada Varaždina, u skladu s Programom održavanja komunalne infrastrukture – projekt zimska služba, a koji donosi Gradsko vijeće za svaku proračunsku godinu. Pod poslovima čišćenja snijega na nerazvrstanim cestama koje su pod upravom Grada Varaždina (zimska služba) podrazumijevaju se poslovi održavanja nerazvrstanih cesta prema posebnom Izvedbenom planu zimske službe, koji obuhvaćaju strojno uklanjanje snijega i leda, strojno posipavanje solju, granulatom ili drugim sredstvima, radi održavanja optimalne sigurnosti prometa povezane s vremenskim uvjetima. Istim nisu obuhvaćeni nogostupi. Poslovi zimske službe obuhvaćaju provođenje niza radnji, mjera i postupaka te nadzora radova, neophodnih za održavanje prohodnosti kolnika nerazvrstanih cesta i sigurnog odvijanja prometa u zimskom razdoblju, uz prihvatljive troškove i sukladno odredbama članka 108. Zakona o cestama (""Narodne novine"" broj 84/11,22/13,54/13,148/13,92/14,110/19, 144/21, 114/22, 114/22, 04/23, 133/23) te članka 13. Pravilnika o održavanju cesta (""Narodne novine"" broj 90/14).",selec-w,876800.00,EUR,cat_0150,src_ted_opendata,file_ted_0180,lot:LOT-0000,2026-08-19
lot_00503,LOT-0001,not_0181,pro_0164,Marché de service relatif à la prestation d'assurance « Flotte automobile et risques annexes » pour les besoins de Plaine Commune Habitat.,"Le présent marché porte sur la souscription du contrat d'assurance « Flotte automobile et risques annexes » au profit de Plaine Commune Habitat. Le marché est unique, il n'est pas alloti. L'assurance « Flotte automobile et risques annexes » constitue un risque ne pouvant être scindé.",selec-w,,,cat_0081,src_ted_opendata,file_ted_0181,lot:LOT-0001,2026-08-19
lot_00504,LOT-0000,not_0182,pro_0165,Raccordement Jamet-Romanet de la ligne 1 de Tramway - Marché MT3 Travaux de Courants Forts / Courants Faibles,"La présente consultation a pour objet de désigner le titulaire du marché de travaux de Courants Forts/Courants Faibles - MT3. Les prestations à réaliser par le titulaire concernent les domaines suivants : - Etudes d'Exécution, - Fournitures de câbles et d'équipements précisés au BPU/DQE, - Travaux de dépose, tirage et raccordement de câbles, - Travaux de dépose, et pose d'équipements liés aux CFO/CFA, - Travaux de création de réseaux enterrés liés aux cheminements de câbles, - Travaux d'adaptation d'installations de distribution électrique basse tension (TGBT), - Création d'un réseau de Mise Au Négatif Traction (MANT) ; - Mise en oeuvre d'équipements de protection : parafoudres &amp;amp; intervalles de décharge. Le détail complet des prestations figure au CCTP",selec-w,,,cat_0151,src_ted_opendata,file_ted_0182,lot:LOT-0000,2026-08-19
lot_00505,LOT-0001,not_0183,pro_0166,Lotul 1: Servicii de curățenie în Punctul de comandă al UPCCG Prahova,"Obiectul acordului-cadru îl reprezintă prestarea serviciilor de curățenie prin personal specializat, cu asigurarea necesarului de produse și materiale de curățenie și echipamente profesionale de curățenie la sediul P.C. al U.P.C.C.G. Prahova aparținând A.A.S.N.A.C.P., astfel: • cantitatea maximă a acordului-cadru: 24 de luni, în valoare estimată de 205.242,96 lei; • cantitatea minimă a acordului-cadru: 12 luni, în valoare estimată de 102.621,48 lei; • cantitatea maximă a contractului subsecvent: maxim 12 luni, în valoare estimată de 102.621,48 lei; • cantitatea minimă a contractului subsecvent: 1 lună, în valoare estimată de 8.551,79 lei; Prestarea serviciilor de curățenie se execută prin: 1 post agent curățenie cu normă întreagă de 8 ore, luni-vineri, intre orele de program ale institutiei precizate în caietul de sarcini, cu exceptia sarbatorilor legale + 1 post agent curățenie cu jumătate de normă, cu program de lucru de 8 ore, între orele 07.00.-15.00, în zilele specificate de beneficiar (5 zile lucrătoare la 2 săptămâni), la sediul Punctului de comanda al U.P.C.C.G. Prahova situat în Ploiesti, strada Laboratorului 3A, pe o perioada de 24 de luni.",selec-w,,,cat_0062,src_ted_opendata,file_ted_0183,lot:LOT-0001,2026-08-19
lot_00506,LOT-0002,not_0183,pro_0166,Lotul 2: Servicii de curățenie în Punctul de Comandă al UCCG Moldova 1 Iaşi,"Obiectul acordului-cadru îl reprezintă prestarea serviciilor de curățenie prin personal specializat, cu asigurarea necesarului de produse și materiale de curățenie și echipamente profesionale de curățenie la sediul P.C. al U.C.C.G. Moldova 1 Iași aparținând A.A.S.N.A.C.P., astfel: • cantitatea maximă a acordului-cadru: 24 de luni, în valoare estimată de 380.458,56 lei; • cantitatea minimă a acordului-cadru: 12 luni, în valoare estimată de 190.229,28 lei; • cantitatea maximă a contractului subsecvent: maxim 12 luni, în valoare estimată de 190.229,28 lei; • cantitatea minimă a contractului subsecvent: 1 lună, în valoare estimată de 15.852,44 lei; Prestarea serviciilor de curățenie se execută prin: 3 posturi agenți curățenie cu normă întreagă de 8 ore, luni-vineri, intre orele de program ale institutiei, cu exceptia sarbatorilor legale, la sediul Punctului de comanda al U.C.C.G. Moldova 1 Iași situat în municipiul Iasi, Șos. Iași-Ungheni nr.11B, județul Iași, pe o perioada de 24 de luni.",selec-w,,,cat_0062,src_ted_opendata,file_ted_0183,lot:LOT-0002,2026-08-19
lot_00507,LOT-0003,not_0183,pro_0166,Lotul 3: Servicii de curățenie în Punctul de Comandă al UCCG Moldova 2 Vrancea,"Obiectul acordului-cadru îl reprezintă prestarea serviciilor de curățenie prin personal specializat, cu asigurarea necesarului de produse și materiale de curățenie și echipamente profesionale de curățenie la sediul P.C. al U.C.C.G. Moldova 2 Vrancea aparținând A.A.S.N.A.C.P., astfel: • cantitatea maximă a acordului-cadru: 24 de luni, în valoare estimată de 259.863,60 lei; • cantitatea minimă a acordului-cadru: 12 luni, în valoare estimată de 129.931,80 lei; • cantitatea maximă a contractului subsecvent: maxim 12 luni, în valoare estimată de 129.931,80 lei; • cantitatea minimă a contractului subsecvent: 1 lună, în valoare estimată de 10.827,65 lei; Prestarea serviciilor de curățenie se execută prin: 2 posturi agenți curățenie cu normă întreagă de 8 ore, luni-vineri, intre orele de program ale institutiei precizate în caietul de sarcini, cu exceptia sarbatorilor legale, la sediul Punctului de comanda al U.C.C.G. Moldova 2 Vrancea situat în municipiul Focșani, str. Poligonului nr. 37, județul Vrancea, pe o perioada de 24 de luni.",selec-w,,,cat_0062,src_ted_opendata,file_ted_0183,lot:LOT-0003,2026-08-19
lot_00508,LOT-0004,not_0183,pro_0166,Lot 4: Servicii de curățenie în Punctul de Comandă al UCCG Oltenia,"Obiectul acordului-cadru îl reprezintă prestarea serviciilor de curățenie prin personal specializat, cu asigurarea necesarului de produse și materiale de curățenie și echipamente profesionale de curățenie la sediul P.C. al U.C.C.G. Oltenia aparținând A.A.S.N.A.C.P., astfel: • cantitatea maximă a acordului-cadru: 24 de luni, în valoare estimată de 277.124,64 lei; • cantitatea minimă a acordului-cadru: 12 luni, în valoare estimată de 138.562,32 lei; • cantitatea maximă a contractului subsecvent: maxim 12 luni, în valoare estimată de 138.562,32 lei; • cantitatea minimă a contractului subsecvent: 1 lună, în valoare estimată de 11.546,86 lei; Prestarea serviciilor de curățenie se execută prin: 2 posturi agent curățenie cu normă întreagă de 8 ore, luni-vineri, intre orele de program ale institutiei precizate în caietul de sarcini, cu exceptia sarbatorilor legale, la sediul Punctului de comanda al U.C.C.G. Oltenia situat în localitatea Drăgășani, str. Tudor Vladimirescu nr. 694, județul Vâlcea, pe operioada de 24 de luni.",selec-w,,,cat_0062,src_ted_opendata,file_ted_0183,lot:LOT-0004,2026-08-19
lot_00509,LOT-0005,not_0183,pro_0166,Lot 5: Servicii de curățenie în Punctul de Comandă al UCCG Timiș,"Obiectul acordului-cadru îl reprezintă prestarea serviciilor de curățenie prin personal specializat, cu asigurarea necesarului de produse și materiale de curățenie și echipamente profesionale de curățenie la sediul P.C. al U.C.C.G. Timiș aparținând A.A.S.N.A.C.P., astfel: • cantitatea maximă a acordului-cadru: 24 de luni, în valoare estimată de 251.809,20 lei; • cantitatea minimă a acordului-cadru: 12 luni, în valoare estimată de 125.904,60 lei; • cantitatea maximă a contractului subsecvent: maxim 12 luni, în valoare estimată de 125.904,60 lei; • cantitatea minimă a contractului subsecvent: 1 lună, în valoare estimată de 10.492,05 lei; Prestarea serviciilor de curățenie se execută prin: 2 posturi agenți curățenie cu normă întreagă de 8 ore, luni-vineri, intre orele de program ale institutiei precizate în caietul de sarcini, cu exceptia sarbatorilor legale, la sediul Punctului de comanda al U.C.C.G. Timiș situat în municipiul Timișoara, Calea Șagului nr. 140A, județul Timiș, pe o perioada de 24 de luni.",selec-w,,,cat_0062,src_ted_opendata,file_ted_0183,lot:LOT-0005,2026-08-19
lot_00510,LOT-0002,not_0184,pro_0167,Część 2: Stabilizacja kręgosłupa szyjnego przednia zapalno-nowotworowa,Część 2: Stabilizacja kręgosłupa szyjnego przednia zapalno-nowotworowa,selec-w,,,cat_0152,src_ted_opendata,file_ted_0184,lot:LOT-0002,2026-08-19
lot_00511,LOT-0003,not_0184,pro_0167,Część 3: Zestaw do hybrydowej wielopoziomowej stabilizacji kręgosłupa,Część 3: Zestaw do hybrydowej wielopoziomowej stabilizacji kręgosłupa,selec-w,,,cat_0152,src_ted_opendata,file_ted_0184,lot:LOT-0003,2026-08-19
lot_00512,LOT-0007,not_0184,pro_0167,Część 7: Stabilizacja międzytrzonowa kręgosłupa lędźwiowego tytanowa 1,Część 7: Stabilizacja międzytrzonowa kręgosłupa lędźwiowego tytanowa 1,selec-w,,,cat_0152,src_ted_opendata,file_ted_0184,lot:LOT-0007,2026-08-19
lot_00513,LOT-0010,not_0184,pro_0167,Część 10: Stabilizacja kręgosłupa lędźwiowego typu OLIF,Część 10: Stabilizacja kręgosłupa lędźwiowego typu OLIF,selec-w,,,cat_0152,src_ted_opendata,file_ted_0184,lot:LOT-0010,2026-08-19
lot_00514,LOT-0013,not_0184,pro_0167,Część 13: Stymulator przeciwbólowy rdzeniowy,Część 13: Stymulator przeciwbólowy rdzeniowy,selec-w,,,cat_0152,src_ted_opendata,file_ted_0184,lot:LOT-0013,2026-08-19
lot_00515,LOT-0014,not_0184,pro_0167,Część 14: Programowalna pompa baklofenowa,Część 14: Programowalna pompa baklofenowa,selec-w,,,cat_0152,src_ted_opendata,file_ted_0184,lot:LOT-0014,2026-08-19
lot_00516,LOT-0016,not_0184,pro_0167,Część 16: Preparat antyzrostowy,Część 16: Preparat antyzrostowy,selec-w,,,cat_0152,src_ted_opendata,file_ted_0184,lot:LOT-0016,2026-08-19
lot_00517,LOT-0018,not_0184,pro_0167,Część 18: Zastawka komoro-otrzewnowa membranowa,Część 18: Zastawka komoro-otrzewnowa membranowa,selec-w,,,cat_0152,src_ted_opendata,file_ted_0184,lot:LOT-0018,2026-08-19
lot_00518,LOT-0019,not_0184,pro_0167,Część 19: Zastawka programowalna,Część 19: Zastawka programowalna,selec-w,,,cat_0152,src_ted_opendata,file_ted_0184,lot:LOT-0019,2026-08-19
lot_00519,LOT-0021,not_0184,pro_0167,Część 21: Dren komorowy,Część 21: Dren komorowy,selec-w,,,cat_0152,src_ted_opendata,file_ted_0184,lot:LOT-0021,2026-08-19
lot_00520,LOT-0022,not_0184,pro_0167,Część 22: Zestaw do drenażu lędźwiowego,Część 22: Zestaw do drenażu lędźwiowego,selec-w,,,cat_0152,src_ted_opendata,file_ted_0184,lot:LOT-0022,2026-08-19
lot_00521,LOT-0023,not_0184,pro_0167,Część 23: Substytut opony twardej,Część 23: Substytut opony twardej,selec-w,,,cat_0152,src_ted_opendata,file_ted_0184,lot:LOT-0023,2026-08-19
lot_00522,LOT-0030,not_0184,pro_0167,Część 30: Mikrodysektomia szyjna 2,Część 30: Mikrodysektomia szyjna 2,selec-w,,,cat_0152,src_ted_opendata,file_ted_0184,lot:LOT-0030,2026-08-19
lot_00523,LOT-0037,not_0184,pro_0167,Część 37: Zastawka komorowo- otrzewnowa Pudenz,Część 37: Zastawka komorowo- otrzewnowa Pudenz,selec-w,,,cat_0152,src_ted_opendata,file_ted_0184,lot:LOT-0037,2026-08-19
lot_00524,LOT-0041,not_0184,pro_0167,Część 41: Dren dootrzewnowy,Część 41: Dren dootrzewnowy,selec-w,,,cat_0152,src_ted_opendata,file_ted_0184,lot:LOT-0041,2026-08-19
lot_00525,LOT-0043,not_0184,pro_0167,Część 43: Urządzenie antysyfonowe ASD,• Część 43: Urządzenie antysyfonowe ASD,selec-w,,,cat_0152,src_ted_opendata,file_ted_0184,lot:LOT-0043,2026-08-19
lot_00526,LOT-0044,not_0184,pro_0167,Część 44: Zestaw do przezskórnej stabilizacji stawu krzyżowo-biodrowego,Część 44: Zestaw do przezskórnej stabilizacji stawu krzyżowo-biodrowego,selec-w,,,cat_0152,src_ted_opendata,file_ted_0184,lot:LOT-0044,2026-08-19
lot_00527,LOT-0045,not_0184,pro_0167,Część 45: Zestaw do zaopatrzenia odcinka szyjnego kręgosłupa z dostępu tylnego + zespolenie zęba obrotnika z dostępu przedniego,Część 45: Zestaw do zaopatrzenia odcinka szyjnego kręgosłupa z dostępu tylnego + zespolenie zęba obrotnika z dostępu przedniego,selec-w,,,cat_0152,src_ted_opendata,file_ted_0184,lot:LOT-0045,2026-08-19
lot_00528,LOT-0047,not_0184,pro_0167,Część 47: Osprzęt do aspiratora ultradźwiękowego Integra Clarity,• Część 47: Osprzęt do aspiratora ultradźwiękowego Integra Clarity,selec-w,,,cat_0152,src_ted_opendata,file_ted_0184,lot:LOT-0047,2026-08-19
lot_00529,LOT-0049,not_0184,pro_0167,Część 49: Zestaw do drenażu zewnętrznego komór mózgu noworodkowy,Część 49: Zestaw do drenażu zewnętrznego komór mózgu noworodkowy,selec-w,,,cat_0152,src_ted_opendata,file_ted_0184,lot:LOT-0049,2026-08-19
lot_00530,LOT-0050,not_0184,pro_0167,50: Zbiorniki Rickhama,50: Zbiorniki Rickhama,selec-w,,,cat_0152,src_ted_opendata,file_ted_0184,lot:LOT-0050,2026-08-19
lot_00531,LOT-0000,not_0185,pro_0168,Asistencia técnica a la dirección de obra para la vigilancia y control de calidad de las obras de ejecución del proyecto constructivo de Espigón Central de la ampliación del Puerto de Bilbao en el Abra Exterior (2ª fase.,Ver Informe propuesta inicio.,selec-w,,,cat_0153,src_ted_opendata,file_ted_0185,lot:LOT-0000,2026-08-19
lot_00532,LOT-0001,not_0186,pro_0169,Suministro de carburantes BU-L01 Sur,Suministro de carburantes BU-L01 Sur,selec-w,666600,EUR,cat_0154,src_ted_opendata,file_ted_0186,lot:LOT-0001,2026-08-19
lot_00533,LOT-0001,not_0187,pro_0170,Odbiór i zagospodarowanie odpadów komunalnych od właścicieli nieruchomości zamieszkałych na terenie gminy Jakubów,Usuwanie odpadów komunalnych,selec-w,,,cat_0008,src_ted_opendata,file_ted_0187,lot:LOT-0001,2026-08-19
lot_00534,LOT-0000,not_0188,pro_0171,Projectcoördinator en senior adviseur Huisvesting,Projectcoördinator en senior adviseur Huisvesting,selec-w,1,EUR,cat_0014,src_ted_opendata,file_ted_0188,lot:LOT-0000,2026-08-19
lot_00535,LOT-0001,not_0189,pro_0172,Vaagnapõhjalihaste taastusraviseade,"Seadme müük, paigaldus, seadistus, hooldus",selec-w,,,cat_0155,src_ted_opendata,file_ted_0189,lot:LOT-0001,2026-08-19
lot_00536,LOT-0003,not_0189,pro_0172,Ultraheliravi seade,"Seadme müük, paigaldus, seadistus, hooldus",clos-nw,,,cat_0155,src_ted_opendata,file_ted_0189,lot:LOT-0003,2026-08-19
lot_00537,LOT-0000,not_0190,pro_0173,Maitrise d'oeuvre pour les travaux de sécurisation en eau potable du secteur Ouest de Thonon Agglomération,"La présente maîtrise d'oeuvre est une maitrise d'oeuvre complète qui vise à mettre en oeuvre les travaux définis par l'étude de faisabilité, c'est à dire sécuriser les communes de l'ouest de Thonon Agglomération en étendant la desserte d'eau potable depuis le pompage au Lac",selec-w,,,cat_0156,src_ted_opendata,file_ted_0190,lot:LOT-0000,2026-08-19
lot_00538,LOT-0000,not_0191,pro_0174,Lootemonitor,Juhtmevaba anduritega lootemonitor ja hooldusteenus,selec-w,,,cat_0157,src_ted_opendata,file_ted_0191,lot:LOT-0000,2026-08-19
lot_00539,LOT-0005,not_0192,pro_0175,Herstellung von maßgeschneiderten theaterüblichen zeitgenössischen Herrenkostümen (für Werkstätten mit Theatererfahrung),Herstellung von maßgeschneiderten theaterüblichen zeitgenössischen Herrenkostümen (für Werkstätten mit Theatererfahrung),selec-w,,,cat_0051,src_ted_opendata,file_ted_0192,lot:LOT-0005,2026-08-19
lot_00540,LOT-0001,not_0193,pro_0176,Dommages aux biens et risques annexes,Dommages aux biens et risques annexes,selec-w,,,cat_0109,src_ted_opendata,file_ted_0193,lot:LOT-0001,2026-08-19
lot_00541,LOT-0003,not_0193,pro_0176,Responsabilité générale et risques annexes,Responsabilité générale et risques annexes,clos-nw,,,cat_0158,src_ted_opendata,file_ted_0193,lot:LOT-0003,2026-08-19
lot_00542,LOT-0004,not_0193,pro_0176,Protection juridique et risques annexes,Protection juridique et risques annexes,selec-w,,,cat_0159,src_ted_opendata,file_ted_0193,lot:LOT-0004,2026-08-19
lot_00543,LOT-0005,not_0193,pro_0176,Véhicules à moteur et risques annexes,Protection juridique et risques annexes,selec-w,,,cat_0081,src_ted_opendata,file_ted_0193,lot:LOT-0005,2026-08-19
lot_00544,LOT-0006,not_0193,pro_0176,Cyber risques,Cyber risques,selec-w,,,cat_0109,src_ted_opendata,file_ted_0193,lot:LOT-0006,2026-08-19
lot_00545,LOT-0001,not_0194,pro_0177,Régészeti feltárásokon kisegítői feladatok,"1. RÉSZ: Régészeti feltárásokon, kapcsolódó kisegítői feladatok ellátása, legfeljebb 150 000 régészetileg pozitív m² mennyiségben A lelőhely humuszolásának felügyeletének (a régészeti objektumok kijelölése) és szakmai ellenőrzésének elősegítése. Ezt követően közreműködés a régészeti jelenségek finombontásában (in situ bontás) előkerült leletanyag objektumonkénti és típusonkénti szétválogatásában és csomagolásában, illetve nagyobb csomagolási egységenként tételes lista készítésében. Közreműködés a régészeti jelenségek rajzos és fotós rögzítésében, ami az objektumokról folt-, metszet-, részlet- és felszínfotó és méretarányos rajz készítését, fotószkenneléséhez szükséges pontok lehelyezését, drónnal készített ortofotó és ehhez szükséges értelmező skiccrajzok készítése. A kötelező dokumentumok naprakész vezetésében való részvétel. Az adott lelőhely vonatkozásában elvárt szakmai protokoll- és jogszabályoknak megfelelő szerint feladatok teljesítése a terepi ásatási napló és a terepi objektumleírás, továbbá fotó- és rajzmutatók készítésében. A terepi munka előbbiekben sorolt feladatai mellett segítség nyújtás a munka szervezésében és irányításában (koordinálási feladatok), valamint a szakmai protokollok és a jogszabály által előírt előrehaladási- és a zárójelentések, azok mellékleteinek elkészítésében való részvétel. A feladatokat az ásatásvezető régész irányításával és az általa jelzett módon szükséges végezni. Szakmai stáb: ásatási gyakorlattal rendelkező 1-4 fő csapatonként, 1 fő régésszel, amelyet előzetesen napi szinten az ásatásvezető régész határoz meg. Az 1 fő régész koordinálja a stábot. Az eljárás részenként egy ajánlattevővel kötendő Kbt. 105. § (1) a) szerinti keretmegállapodás megkötésére irányul. A keretmegállapodás alapján szerződés kizárólag a keretmegállapodás időtartama alatt köthető, és a keretmegállapodás alapján részenként beszerzett mennyiség nem haladhatja meg a keretmegállapodásban részenként előirányzott teljes mennyiséget. Nyertes ajánlattevőként szerződő fél teljesítése során keletkező bármely tudományos eredmény, vizsgálati eredmény, térinformatikai állomány, bármely más eredmény, alkotás, termék felett Ajánlatkérő korlátlan és kizárólagos, harmadik személynek átengedhető felhasználási jogokat szerez. A teljesítést a hatályos jogszabályok és a teljesítés idején hatályos szakmai protokollok alapján kell végezni. További előírásokat a közbeszerzési dokumentumok tartalmazzák.",selec-w,87450000.00,HUF,cat_0160,src_ted_opendata,file_ted_0194,lot:LOT-0001,2026-08-19
lot_00546,LOT-0002,not_0194,pro_0177,Geodéziai és térinformatikai feladatok ellátása,"2. RÉSZ: Régészeti feltárásokhoz kapcsolódó geodéziai és térinformatikai feladatok ellátása, legfeljebb 150 000 régészetileg pozitív m² mennyiségben Terepi geodézia Szükség esetén az ásatási területek határainak kitűzése, a feltárandó lelőhelyek, lelőhelyrészek gépi humuszolás előtti terepmodellezése. A humuszolt, nyesett felületek terepmodellezése és felmérése, régészeti érintettség területének számítása (szakmai protokoll szerinti régészetileg pozitív és negatív területek). Szükség esetén a feldolgozás alapját képező országos rendszerhez illesztett koordinátaháló kitűzése, földtömegszámítás. A régészeti jelenségek részletes, háromdimenziós felmérése, a fotószkenneléshez lehelyezett pontok és egyéb szükség szerinti pontok bemérése (pl. metszetpontok). A felmérésről készült geodéziai adatszolgáltatás (koordinátajegyzék, régészeti érintettség területének számítása az adott lelőhelyre vonatkozó aktuális szakmai protokollok alapján). Térinformatikai feldolgozás A régészeti feltáráson készített digitális felvételek szakmai protokoll szerinti átnevezése és mappákba történő rendszerezése. Az ásatási napló és az objektumlapok digitalizálása (begépelése és legalább 300 dpi felbontású szkennelése), adatbázisba való feltöltése (EMIR vagy Access) és a protokoll szerinti mutatók elkészítése. Az ásatásvezető régész segítése a szakmai beszámolók, valamint a lelőhelybejelentő adatlapok és a hozzá tartozó topográfiai térképek elkészítésében. A régészeti jelenség folt-, metszet-, részlet- és felszínrajzainak szakmai protokoll szerinti digitálizálása (vektorizálása) QGIS vagy ArcGIS programokban és adatbázisba való feltöltése (EMIR vagy Access). A vektorizált rajzokból összesítő rajzok és térképek szerkesztése. A lelőhelyszintű összefüggések szakszerű megjelenítése érdekében tematikus térképek (például korszakok szerint) készítése. A régészeti feltárás egy éves dokumentációjának szakmai protokoll szerinti mappába rendezése a digitális példányok esetében, valamint szerkesztése, a nyomtatott példányoknál elvárt szempontok szerinti strukturálása és összefűzése. Az eljárás részenként egy ajánlattevővel kötendő Kbt. 105. § (1) a) szerinti keretmegállapodás megkötésére irányul. A keretmegállapodás alapján szerződés kizárólag a keretmegállapodás időtartama alatt köthető, és a keretmegállapodás alapján részenként beszerzett mennyiség nem haladhatja meg a keretmegállapodásban részenként előirányzott teljes mennyiséget. Nyertes ajánlattevőként szerződő fél teljesítése során keletkező bármely tudományos eredmény, vizsgálati eredmény, térinformatikai állomány, bármely más eredmény, alkotás, termék felett Ajánlatkérő korlátlan és kizárólagos, harmadik személynek átengedhető felhasználási jogokat szerez. A teljesítést a hatályos jogszabályok és a teljesítés idején hatályos szakmai protokollok alapján kell végezni. További előírásokat a közbeszerzési dokumentumok tartalmazzák.",selec-w,46200000.00,HUF,cat_0160,src_ted_opendata,file_ted_0194,lot:LOT-0002,2026-08-19
lot_00547,LOT-0003,not_0194,pro_0177,Régészeti leletvizsgálati feladatok ellátása,"3. RÉSZ: Régészeti leletvizsgálati feladatok ellátása Régészeti leletvizsgálati feladatok: mosás, tisztítás legfeljebb 420 db M30-as rekesz mennyiségben Régészeti leletvizsgálati feladatok ellátása: Restaurálás: kerámiaanyag válogatása és ragasztása legfeljebb 118 db M30-as rekesz mennyiségben Régészeti leletvizsgálati feladatok ellátása: Restaurálás: kerámiatárgyak kiegészítése, fém-, fa- és az ún. finom leletek restaurálása (pl. bőr, textil) legfeljebb 200 munkaóra mennyiségben Régészeti leletvizsgálati feladatok ellátása: Nyilvántartásba való vétel legfeljebb 60000 db lelet mennyiségben Régészeti leletvizsgálati feladatok ellátása: Állatcsont-meghatározás legfeljebb 108 db M30-as rekesz mennyiségben Régészeti leletvizsgálati feladatok ellátása: Embercsont egyed meghatározás legfeljebb 300 db egyed mennyiségben Régészeti leletvizsgálati feladatok ellátása: Archeobotanika, flótálás legfeljebb 100 kg mennyiségben Restaurált leletek csomagolása, 37*25*18 cm (kerámia, kő, fém, patics számára, 1230g/m2 Eskaboard (vagy ezzel egyenértékű), 120g/m2 felhőpapír, kötészeti vászon anyagú egységdobozokba, legfeljebb 800 db Restaurált leletek csomagolása, 60*41*29 cm (embercsontoknak), 1230g/m2 Eskaboard (vagy ezzel egyenértékű), 120g/m2 felhőpapír, kötészeti vászon anyagú egységdobozokba, legfeljebb 150 db Restaurált leletek csomagolása, 54*36*23 cm (állatcsontoknak), 1230g/m2 Eskaboard (vagy ezzel egyenértékű), 120g/m2 felhőpapír, kötészeti vászon anyagú egységdobozokba, legfeljebb 200 db. Amennyiben bárhol az eljárást megindító felhívásban, a közbeszerzési dokumentumokban az ajánlatkérő típusokat, gyártmányokat adott meg, úgy azt a műszaki paraméterek, ill. a tárgy jellegének egyértelmű meghatározása, könnyebb beazonosítása érdekében adta meg, és minden esetben „azzal egyenértékű” típus és gyártmány is érthető. Az egyenértékűséget az ajánlattevőnek az ajánlatban igazolnia kell, megjelölve az adott tételt, adatlappal, alátámasztó dokumentummal igazolva az egyenértékűséget. 1. Mosás, tisztítás A régészeti feltárásokon előkerült régészeti leletanyag mosása, tisztítása, restauráláshoz és vizsgálatokhoz történő előkészítése. A leletanyagok restaurálásáról, illetve az ennek során végzett műveletekről, felhasznált anyagokról restaurálási napló vezetése. A leletanyag elszállítása, majd az elkészült leletanyag visszaszállítása (átadás-átvétel jegyzőkönyvvel) a Jósa András Múzeumban használt szabványdobozokban (ld. fentebb megadva), leletkísérővel (leletenként és stratigráfiai egységenként különcsomagolva) történő ellátással és feliratozással. A szilikát régészeti leletanyag (kerámia, kályhacsempe, üveg), továbbá állatcsont, embercsont és kő régészeti leletanyag mosása, szükség szerinti vegyszeres oldószerrel való tisztítása. A tisztítást követően a különböző lelettípusonként és stratigráfiai egységenként külön történő szárítás (min. 15 C fokos átlaghőmérsékletű helyiségben) kötelező. A feladatokat az ásatásvezető régész ellenőrzi. 2. Restaurálás A leletanyag elszállítása, majd az elkészült leletanyag visszaszállítása (átadás-átvétel jegyzőkönyvvel) a Jósa András Múzeumban használt szabványdobozokban (ld. fentebb megadva), leletkísérővel történő ellátással és feliratozással. A kerámiaanyag esetében válogatás, ragasztás és a kiegészíthető kerámiatárgyak kiegészítése és szükség esetén retusálása, a fém-, a fa- és az ún. finom leletek (pl. bőr, textil stb.) esetében tisztítása, konzerválása, valamint restaurálási dokumentáció (a kiegészített kerámiatárgyakról, továbbá a fém-, a fa- és az ún. finom leletekről külön adatlap) elkészítése szükséges, a szakmai protokoll alapján. A feladatokat az ásatásvezető régész ellenőrzi. 3. Nyilvántartásba való vétel A régészeti leletek azonosítása a leletek restaurálását és selejtezését követően lehetséges egyedi azonosítóval történő ellátással. Az azonosítóval való ellátás a leletek leltározását és szakmai leírását jelenti. A számformátum eleget tesz annak a kritériumnak, mely lehetővé teszi az egyes leletek egyedi és egyértelmű azonosítását és maradéktalanul lehetővé teszi a feldolgozáshoz szükséges tudományos-szakmai hozzáférést. A leletek egyedi azonosítóval való ellátása az alábbi formátum: 2021.1.1., ahol: - az első rész (első 4 számjegy): Évszám - a második rész: 1 - n-ig terjedő szám: A leleteket magába foglaló stratigráfia egység, esetleg lelőhely száma . a harmadik rész: 1 - n-ig terjedő szám: Tételszám Ebben a rendszerben az egyes tételeken belüli darabszám a leltári(szakmai) leírásban kerül megadásra. Az egyes tételek szakmai leírását a megrendelő által az EMIR adatbázisba felhasználói jogosultsággal felruházott, kizárólag régész diplomával rendelkező szakember végezheti. Az azonosító számokat jól olvasható számjegyekkel kézzel, vagy géppel kell a tárgyakra ráírni, olyan festékanyaggal vagy tintával, mely nem vízoldékony, nem bomlékony, egészségre nem ártalmas és a műtárgyat nem károsító anyag. A leltárba vett leletekről gyarapodási napló vezetése. 4. Állatcsont-meghatározás A leletanyag elszállítása, majd az elkészült leletanyag visszaszállítása (átadás-átvétel jegyzőkönyvvel) a Jósa András Múzeumban használt szabványdobozokban (ld. fentebb megadva), leletkísérővel történő ellátással és feliratozással. Az állatcsont-anyag régészeti lelőhelyenként és régészeti stratigráfiai egységenként az archeozoológiai protokoll szerinti tételes meghatározása, a speciális darabok (megmunkálás, vágás stb.) kiemelése, külön csomagolása és dokumentálása, fotózása, valamint lelőhelyenkénti és korszakonkénti szöveges értékelés elkészítése. A feladatokat az ásatásvezető régész ellenőrzi. Folytatás a VI.1.10) További információk pontban.",selec-w,57718266.00,HUF,cat_0160,src_ted_opendata,file_ted_0194,lot:LOT-0003,2026-08-19
lot_00548,LOT-0001,not_0195,pro_0178,Secteur Colomiers,Cf. CCTP,selec-w,,,cat_0161,src_ted_opendata,file_ted_0195,lot:LOT-0001,2026-08-19
lot_00549,LOT-0002,not_0195,pro_0178,Secteur Colomiers / Nord - Ouest,Cf. CCTP,selec-w,,,cat_0161,src_ted_opendata,file_ted_0195,lot:LOT-0002,2026-08-19
lot_00550,LOT-0003,not_0195,pro_0178,Secteur Colomiers / Nord - Est,Cf. CCTP,selec-w,,,cat_0161,src_ted_opendata,file_ted_0195,lot:LOT-0003,2026-08-19
lot_00551,LOT-0004,not_0195,pro_0178,Secteur Colomiers / Sud - Ouest,Cf. CCTP,selec-w,,,cat_0161,src_ted_opendata,file_ted_0195,lot:LOT-0004,2026-08-19
lot_00552,LOT-0005,not_0195,pro_0178,Secteur Colomiers / Sud - Est,Cf. CCTP,selec-w,,,cat_0161,src_ted_opendata,file_ted_0195,lot:LOT-0005,2026-08-19
lot_00553,LOT-0006,not_0195,pro_0178,Secteur Tarn,Cf. CCTP,selec-w,,,cat_0161,src_ted_opendata,file_ted_0195,lot:LOT-0006,2026-08-19
lot_00554,LOT-0007,not_0195,pro_0178,Secteur Tarn et Garonne,Cf. CCTP,selec-w,,,cat_0161,src_ted_opendata,file_ted_0195,lot:LOT-0007,2026-08-19
lot_00555,LOT-0001,not_0196,pro_0179,Zadanie 1 - Przegląd i konserwacja automatów do barwienia PRISMA,"1. Przedmiotem niniejszego zamówienia są przeglądy i konserwacje urządzeń medycznych dla Narodowego Instytutu Onkologii im. Marii Skłodowskiej - Curie - Państwowego Instytutu Badawczego Oddziału w Gliwicach 2. Opis przedmiotu zamówienia oraz warunki realizacji zamówienia zawarte są w załącznikach: 1) Opis przedmiotu zamówienia, specyfikacja cenowa, oświadczenia – załącznik nr 2.1-2.29 do SWZ, 2) Projektowane postanowienia umowy, które zostaną wprowadzone do treści umowy – załącznik nr 4.1-4.4 do SWZ. 3.Termin wykonania przedmiotu zamówienia : 1) w zakresie zadań nr: 1-2, 4-13, 16-25 – 36 miesięcy od daty zawarcia umowy, zgodnie z zapisami SWZ, 2) w zakresie zadań: 3, 26 – planowany termin wykonania umowy do 31.10.2024 r. , w przypadku gdy w zakresie zadania nr 3 oraz 26 nie zostanie zawarta umowa do dnia 15.10.2024, termin 31.10.2024 r. zostanie zmieniony, przy czym wykonanie przeglądu nastąpi w jak najszybszym terminie, w takim przypadku umowa zostanie zawarta na okres 30 dni licząc od dnia zawarcia umowy. 3) W zakresie zadań 14 - 15 – do 30 dni od daty zawarcia umowy zgodnie z zapisami SWZ r., 4) W zakresie zadania nr 29 – przez okres 36 miesięcy licząc od dnia 12.02.2025 r. 4. Zamawiający w niniejszym postępowaniu przetargowym przy ocenie ofert będzie stosował procedurę określoną w art. 139 ust. 1 ustawy Pzp. 5. Szczegóły zawiera SWZ.",clos-nw,,,cat_0162,src_ted_opendata,file_ted_0196,lot:LOT-0001,2026-08-19
lot_00556,LOT-0005,not_0196,pro_0179,Zadanie 5 - Przegląd i konserwacja nakrywarek do szkiełek mikroskopowych FILM,"1. Przedmiotem niniejszego zamówienia są przeglądy i konserwacje urządzeń medycznych dla Narodowego Instytutu Onkologii im. Marii Skłodowskiej - Curie - Państwowego Instytutu Badawczego Oddziału w Gliwicach 2. Opis przedmiotu zamówienia oraz warunki realizacji zamówienia zawarte są w załącznikach: 1) Opis przedmiotu zamówienia, specyfikacja cenowa, oświadczenia – załącznik nr 2.1-2.29 do SWZ, 2) Projektowane postanowienia umowy, które zostaną wprowadzone do treści umowy – załącznik nr 4.1-4.4 do SWZ. 3.Termin wykonania przedmiotu zamówienia : 1) w zakresie zadań nr: 1-2, 4-13, 16-25 – 36 miesięcy od daty zawarcia umowy, zgodnie z zapisami SWZ, 2) w zakresie zadań: 3, 26 – planowany termin wykonania umowy do 31. 10.2024 r. , w przypadku gdy w zakresie zadania nr 3 oraz 26 nie zostanie zawarta umowa do dnia 15.10.2024, termin 31.10.2024 r. zostanie zmieniony, przy czym wykonanie przeglądu nastąpi w jak najszybszym terminie, w takim przypadku umowa zostanie zawarta na okres 30 dni licząc od dnia zawarcia umowy. 3) W zakresie zadań 14 - 15 – do 30 dni od daty zawarcia umowy zgodnie z zapisami SWZ r., 4) W zakresie zadania nr 29 – przez okres 36 miesięcy licząc od dnia 12.02.2025 r. 4. Zamawiający w niniejszym postępowaniu przetargowym przy ocenie ofert będzie stosował procedurę określoną w art. 139 ust. 1 ustawy Pzp. 5. Szczegóły zawiera SWZ.",selec-w,,,cat_0162,src_ted_opendata,file_ted_0196,lot:LOT-0005,2026-08-19
lot_00557,LOT-0024,not_0196,pro_0179,Zadanie 24 - Przegląd i konserwacja myjni- dezynfektora FD 1610,"1. Przedmiotem niniejszego zamówienia są przeglądy i konserwacje urządzeń medycznych dla Narodowego Instytutu Onkologii im. Marii Skłodowskiej - Curie - Państwowego Instytutu Badawczego Oddziału w Gliwicach 2. Opis przedmiotu zamówienia oraz warunki realizacji zamówienia zawarte są w załącznikach: 1) Opis przedmiotu zamówienia, specyfikacja cenowa, oświadczenia – załącznik nr 2.1-2.29 do SWZ, 2) Projektowane postanowienia umowy, które zostaną wprowadzone do treści umowy – załącznik nr 4.1-4.4 do SWZ. 3.Termin wykonania przedmiotu zamówienia : 1) w zakresie zadań nr: 1-2, 4-13, 16-25 – 36 miesięcy od daty zawarcia umowy, zgodnie z zapisami SWZ, 2) w zakresie zadań: 3, 26 – planowany termin wykonania umowy do 31. 10.2024 r. , w przypadku gdy w zakresie zadania nr 3 oraz 26 nie zostanie zawarta umowa do dnia 15.10.2024, termin 31.10.2024 r. zostanie zmieniony, przy czym wykonanie przeglądu nastąpi w jak najszybszym terminie, w takim przypadku umowa zostanie zawarta na okres 30 dni licząc od dnia zawarcia umowy. 3) W zakresie zadań 14 - 15 – do 30 dni od daty zawarcia umowy zgodnie z zapisami SWZ r., 4) W zakresie zadania nr 29 – przez okres 36 miesięcy licząc od dnia 12.02.2025 r. 4. Zamawiający w niniejszym postępowaniu przetargowym przy ocenie ofert będzie stosował procedurę określoną w art. 139 ust. 1 ustawy Pzp. 5. Szczegóły zawiera SWZ.",clos-nw,,,cat_0162,src_ted_opendata,file_ted_0196,lot:LOT-0024,2026-08-19
lot_00558,LOT-0001,not_0197,pro_0180,FN Motol - Dodávky setů mechanické srdeční podpory pro děti,Průběžné dodávky pediatrického mimotělního systému mechanické srdeční podpory s elektro-pneumatickým pohonem pro poskytování střednědobé až dlouhodobé podpory srdeční funkce pro potřeby FN Motol.,selec-w,58364680,CZK,cat_0100,src_ted_opendata,file_ted_0197,lot:LOT-0001,2026-08-19
lot_00559,LOT-0001,not_0198,pro_0181,Lot 1 - Missions de diagnostics immobiliers à la relocation/vente des logements ou suite à des travaux de retrait d'amiante pour chaque bailleur,Lot 1 - Missions de diagnostics immobiliers à la relocation/vente des logements ou suite à des travaux de retrait d'amiante pour chaque bailleur,selec-w,,,cat_0146,src_ted_opendata,file_ted_0198,lot:LOT-0001,2026-08-19
lot_00560,LOT-0002,not_0198,pro_0181,Lot 2 - Opérations globales sur le Patrimoine de chaque bailleur - Missions sur immeubles en fonction des programmations de travaux de chaque bailleur,Lot 2 - Opérations globales sur le Patrimoine de chaque bailleur - Missions sur immeubles en fonction des programmations de travaux de chaque bailleur,selec-w,,,cat_0146,src_ted_opendata,file_ted_0198,lot:LOT-0002,2026-08-19
lot_00561,LOT-0001,not_0199,pro_0182,"ACUERDO MARCO PARA EL SUMINISTRO DE REPUESTOS EXCLUSIVOS DEL FABRICANTE SCHUNK IBERICA, S.A. PARA EL MANTENIMIENTO DE LOS TRENES DEL MATERIAL MÓVIL DE METRO DE MADRID","ACUERDO MARCO PARA EL SUMINISTRO DE REPUESTOS EXCLUSIVOS DEL FABRICANTE SCHUNK IBERICA, S.A. PARA EL MANTENIMIENTO DE LOS TRENES DEL MATERIAL MÓVIL DE METRO DE MADRID",selec-w,1127500,EUR,cat_0083,src_ted_opendata,file_ted_0199,lot:LOT-0001,2026-08-19
lot_00562,LOT-0001,not_0200,pro_0183,"1. Usługa transportu drogowego osób, transportu drogowego pojazdów oraz usługa transportowa towarów wraz z załadunkiem i rozładunkiem z podziałem na 3 zadania.","Usługa transportu drogowego osób, transportu drogowego pojazdów oraz usługa transportowa towarów wraz z załadunkiem i rozładunkiem z podziałem na 3 zadania.",selec-w,,,cat_0164,src_ted_opendata,file_ted_0200,lot:LOT-0001,2026-08-19
lot_00563,LOT-0002,not_0200,pro_0183,"2. Usługa transportu drogowego osób, transportu drogowego pojazdów oraz usługa transportowa towarów wraz z załadunkiem i rozładunkiem z podziałem na 3 zadania.","Usługa transportu drogowego osób, transportu drogowego pojazdów oraz usługa transportowa towarów wraz z załadunkiem i rozładunkiem z podziałem na 3 zadania.",selec-w,,,cat_0164,src_ted_opendata,file_ted_0200,lot:LOT-0002,2026-08-19
lot_00564,LOT-0003,not_0200,pro_0183,"3. Usługa transportu drogowego osób, transportu drogowego pojazdów oraz usługa transportowa towarów wraz z załadunkiem i rozładunkiem z podziałem na 3 zadania.","Usługa transportu drogowego osób, transportu drogowego pojazdów oraz usługa transportowa towarów wraz z załadunkiem i rozładunkiem z podziałem na 3 zadania.",selec-w,,,cat_0164,src_ted_opendata,file_ted_0200,lot:LOT-0003,2026-08-19
lot_00565,LOT-0000,not_0201,pro_0184,Suministro y mantenimiento preventivo de dos autobastidores para su posterior carrozado con equipos recolectores de carga lateral para recogida de residuos municipales,Los detalles del objeto del contrato figuran en los pliegos,selec-w,,,cat_0165,src_ted_opendata,file_ted_0201,lot:LOT-0000,2026-08-19
lot_00566,LOT-0001,not_0202,pro_0185,Zakup i sukcesywna dostawa jednorazowych zestawów do przezoskrzelowej biopsji aspiracyjnej,Zgodnie z Opisem Przedmiotu Zamówienia zawartym we wzorze oferty elektronicznej stanowiącej załącznik nr 1 do SWZ,selec-w,556000,PLN,cat_0101,src_ted_opendata,file_ted_0202,lot:LOT-0001,2026-08-19
lot_00567,LOT-0002,not_0202,pro_0185,Zakup i sukcesywna dostawa jednorazowych igieł do przezoskrzelowej biopsji aspiracyjnej pod kontrolą ultrasonografii,Zgodnie z Opisem Przedmiotu Zamówienia zawartym we wzorze oferty elektronicznej stanowiącej załącznik nr 1 do SWZ,selec-w,138000,PLN,cat_0101,src_ted_opendata,file_ted_0202,lot:LOT-0002,2026-08-19
lot_00568,LOT-0003,not_0202,pro_0185,Zakup i sukcesywna dostawa siatek polipropylenowych,Zgodnie z Opisem Przedmiotu Zamówienia zawartym we wzorze oferty elektronicznej stanowiącej załącznik nr 1 do SWZ,selec-w,80472,PLN,cat_0101,src_ted_opendata,file_ted_0202,lot:LOT-0003,2026-08-19
lot_00569,LOT-0004,not_0202,pro_0185,Zakup i sukcesywna dostawa siatek przepuklinowych i instrumentu do ich mocowania,Zgodnie z Opisem Przedmiotu Zamówienia zawartym we wzorze oferty elektronicznej stanowiącej załącznik nr 1 do SWZ,selec-w,101720,PLN,cat_0101,src_ted_opendata,file_ted_0202,lot:LOT-0004,2026-08-19
lot_00570,LOT-0005,not_0202,pro_0185,"Zakup i sukcesywna dostawa kleszczy biobsyjnych, szczotek cytologicznych i czyszczących, balonów (komis)",Zgodnie z Opisem Przedmiotu Zamówienia zawartym we wzorze oferty elektronicznej stanowiącej załącznik nr 1 do SWZ,selec-w,168750,PLN,cat_0101,src_ted_opendata,file_ted_0202,lot:LOT-0005,2026-08-19
lot_00571,LOT-0006,not_0202,pro_0185,"Zakup i sukcesywna dostawa szczotek cytologicznych i do mycia kanałów w bronchoskopie, kleszczy biopsyjnych ( komis)",Zgodnie z Opisem Przedmiotu Zamówienia zawartym we wzorze oferty elektronicznej stanowiącej załącznik nr 1 do SWZ,clos-nw,128700,PLN,cat_0101,src_ted_opendata,file_ted_0202,lot:LOT-0006,2026-08-19
lot_00572,LOT-0007,not_0202,pro_0185,Zakup i sukcesywna dostawa zaworków ssących i testerów szczelności (komis),Zgodnie z Opisem Przedmiotu Zamówienia zawartym we wzorze oferty elektronicznej stanowiącej załącznik nr 1 do SWZ,clos-nw,201880,PLN,cat_0101,src_ted_opendata,file_ted_0202,lot:LOT-0007,2026-08-19
lot_00573,LOT-0008,not_0202,pro_0185,"Zakup i sukcesywna dostawa szczypcy biopsyjnych, koszyków chwytających (komis)",Zgodnie z Opisem Przedmiotu Zamówienia zawartym we wzorze oferty elektronicznej stanowiącej załącznik nr 1 do SWZ,selec-w,86270,PLN,cat_0101,src_ted_opendata,file_ted_0202,lot:LOT-0008,2026-08-19
lot_00574,LOT-0009,not_0202,pro_0185,"Zakup i sukcesywna dostawa pętli, prowadnic, szczoteczek, ustników (komis)",Zgodnie z Opisem Przedmiotu Zamówienia zawartym we wzorze oferty elektronicznej stanowiącej załącznik nr 1 do SWZ,selec-w,21500,PLN,cat_0101,src_ted_opendata,file_ted_0202,lot:LOT-0009,2026-08-19
lot_00575,LOT-0010,not_0202,pro_0185,Zakup i sukcesywna dostawa stenów przesłykowych (komis),Zgodnie z Opisem Przedmiotu Zamówienia zawartym we wzorze oferty elektronicznej stanowiącej załącznik nr 1 do SWZ,clos-nw,224000,PLN,cat_0101,src_ted_opendata,file_ted_0202,lot:LOT-0010,2026-08-19
lot_00576,LOT-0011,not_0202,pro_0185,"Zakup i sukcesywna dostawa siatek monofilamentowych, polipropylenowych, do przepuklin i system do zamykania ran",Zgodnie z Opisem Przedmiotu Zamówienia zawartym we wzorze oferty elektronicznej stanowiącej załącznik nr 1 do SWZ,clos-nw,146650,PLN,cat_0101,src_ted_opendata,file_ted_0202,lot:LOT-0011,2026-08-19
lot_00577,LOT-0001,not_0203,pro_0186,Sprzedaż i dostawa zestawu laparoskopowego z dwoma monitorami i rejestratorem do Szpitala Specjalistycznego im. Edmunda Biernackiego w Mielcu,"1.Przedmiot zamówienia obejmuje: a)sprzedaż i dostawę zestawu laparoskopowego z dwoma monitorami i rejestratorem do Szpitala Specjalistycznego im. Edmunda Biernackiego w Mielcu spełniających wymagania określone w SWZ - na koszt i ryzyko Wykonawcy, b)zamontowanie, uruchomienie i oddanie do użytkowania sprzętu w stanie pełnej sprawności technicznej i użytkowej, c)instruktaż personelu Zamawiającego w zakresie obsługi oferowanego zestawu. W skład zestawu wchodzi: Medyczny monitor 4K OLED - szt. 2 Endoskopowa kamera 4K - szt. 1 Źródło światła LED - szt. 1 Medyczny rejestrator cyfrowy/System zarządzania danymi - szt. 1 Światłowód - szt. 2 Światłowód - szt. 4 Nadajnik - szt. 1 Odbiornik - szt. 1 Statyw do monitora bezprzewodowego - szt. 1 Insuflator CO2 - szt. 1 Optyka laparoskopowa średnica 10 mm; kąt patrzenia optyki 30 stopni - szt. 2 Optyka laparoskopowa średnica 5,5 mm; kąt patrzenia optyki 30 stopni - szt. 1 Optyka laparoskopowa średnica 10 mm; kąt patrzenia optyki 0 stopni - szt. 1 Optyka średnica 10 mm; kąt patrzenia optyki 30 stopni - szt. 3 Kontener do sterylizacji optyk - szt. 7 Pompa płucząca - szt. 1 Wózek aparaturowy - szt. 1 Szczegółowy opis przedmiotu zamówienia zawiera SWZ.",selec-w,,,cat_0134,src_ted_opendata,file_ted_0203,lot:LOT-0001,2026-08-19
lot_00578,LOT-0001,not_0204,pro_0187,Sveikatos draudimo paslaugos,"Lietuvos Respublikos ambasada Ukrainoje numato įsigyti Lietuvos Respublikos ambasados Ukrainoje diplomatų ir valstybės tarnautojų, su jais kartu gyvenančių jų šeimos narių bei darbuotojų, atstovybėje dirbančių pagal darbo sutartis sveikatos draudimo paslaugas",selec-w,670000,EUR,cat_0166,src_ted_opendata,file_ted_0204,lot:LOT-0001,2026-08-19
lot_00579,LOT-0002,not_0205,pro_0188,Los 2: Kranken-Taggeldversicherung KTG,Los 2: Kranken-Taggeldversicherung KTG für die Periode 01.01.2025 - 31.12.2027,selec-w,,,cat_0112,src_ted_opendata,file_ted_0205,lot:LOT-0002,2026-08-19
lot_00580,LOT-0001,not_0206,pro_0189,"Praha, Kbely - požární stanice - výstavba","Předmětem VZ je zpracování projektové dokumentace pro vydání povolení k provedení stavby vodního díla a stavebního povolení pro stavbu, zpracování dokumentace pro provádění stavby, zajištění autorského dozoru, zajištění osoby koordinátora bezpečnosti a ochrany zdraví při práci na staveništi a zajištění řádného výkonu činnosti technického dozoru stavebníka. Předmět plnění VZ je spojen s ochranou utajovaných informací stupně utajení „VYHRAZENÉ“ podle zákona č. 412/2005 Sb., o ochraně utajovaných informací o bezpečnostní způsobilosti, ve znění pozdějších předpisů.",selec-w,,,cat_0146,src_ted_opendata,file_ted_0206,lot:LOT-0001,2026-08-19
lot_00581,LOT-0001,not_0207,pro_0190,"Odbiór i zagospodarowanie odpadów komunalnych z nieruchomości zamieszkałych, utworzenie i prowadzenie Punktu Selektywnego Zbierania Odpadów Komunalnych (PSZOK) oraz zagospodarowanie odpadów dostarczanych do PSZOK, z terenu Gminy Biłgoraj od 1 stycznia 2025 r. do 31 grudnia 2025 r.”","Przedmiotem zamówienia jest: 1. Usługa na odbiór i zagospodarowanie całej ilości odpadów komunalnych od właścicieli nieruchomości zamieszkałych na terenie gminy Biłgoraj od dnia 01 stycznia 2025 roku do 31 grudnia 2025 roku z następujących miejscowości: Andrzejówka, Brodziaki, Bukowa, Ciosmy, Cyncynopol, Dąbrowica, Dereźnia Majdańska, Dereźnia Solska, Dereźnia Zagrody, Dyle, Edwardów, Gromada, Hedwiżyn, Ignatówka, Jachosze, Kajetanówka, Kolonia Sól, Korczów, Korytków Duży, Majdan Gromadzki, Nadrzecze, Nowy Bidaczów, Okrągłe, Podlesie, Rapy Dylańskie, Ratwica, Ruda Solska, Ruda Zagrody, Smólsko Duże, Smólsko Małe, Sól, Stary Bidaczów, Wola Dereźniańska Wola Duża, Wola Mała, Wolaniny, Zagrody Dąbrowickie, Zagumnie, Żelebsko. 2. Utworzenie i prowadzenie na terenie Gminy lub Miasta Biłgoraj Punktu Selektywnej Zbiórki Odpadów Komunalnych (PSZOK), przyjmowanie, zbieranie i zagospodarowywanie dostarczonych przez mieszkańców lub zarządców nieruchomości zamieszkałych odpadów komunalnych. PSZOK będzie miejscem zbiórki i czasowego magazynowania. Odpady zebrane w PSZOK będą przekazywane do instalacji odzysku lub unieszkodliwiania odpadów zgodnie z hierarchią sposobu postępowania z odpadami, o której mowa w art. 17 ustawy z dnia 14 grudnia 2012 r. o odpadach (Dz.U. 2023 poz.1587). Szacowana ilość odpadów komunalnych wynosi 2 116 Mg Szczegółowy opis przedmiotu zamówienia znajduje się w Załącznikach Nr 1 i Nr 1a do SWZ",selec-w,,,cat_0008,src_ted_opendata,file_ted_0207,lot:LOT-0001,2026-08-19
lot_00582,LOT-0001,not_0208,pro_0191,Storten van gemeentelijke afvalfracties 2025-2028,Storten van gemeentelijke afvalfracties 2025-2028,selec-w,,,cat_0167,src_ted_opendata,file_ted_0208,lot:LOT-0001,2026-08-19
lot_00583,LOT-0000,not_0209,pro_0192,Prestations de maintenance préventive et corrective des variateurs de vitesse,Prestations de maintenance préventive et corrective des variateurs de vitesse,selec-w,,,cat_0168,src_ted_opendata,file_ted_0209,lot:LOT-0000,2026-08-19
lot_00584,LOT-0001,not_0210,pro_0193,INSTALLATIONS DE CLIMATISATION,"Réalisation des opérations de maintenance des installations de climatisation, lesquelles sont identifiés dans les fichiers « 1-AE-Lot1-Annexe1-DPG.xlsx »",selec-w,,,cat_0093,src_ted_opendata,file_ted_0210,lot:LOT-0001,2026-08-19
lot_00585,LOT-0002,not_0210,pro_0193,"INSTALLATIONS DE CENTRALE DE TRAITEMENT D?AIR, DE VMC ET DE RIDEAUX D?AIR CHAUD","Réalisation des opérations de maintenance des installations Installation de centrale de traitement d?air ; système de ventilation mécanique et rideaux d?air chaud, lesquelles sont identifiés dans les fichiers « 1-AE-Lot2-Annexe1-DPG.xlsx »",selec-w,,,cat_0093,src_ted_opendata,file_ted_0210,lot:LOT-0002,2026-08-19
lot_00586,GLO-0001,not_0210,pro_0193,,,,,,,src_ted_opendata,file_ted_0210,lot:GLO-0001,2026-08-19
lot_00587,LOT-5777,not_0211,pro_0194,"Ausschreibung zum Abschluss eines Dienstleistungsauftrages für die Übernahme, den Transport und die thermische Behandlung und anschließende Verwertung/Entsorgung von kommunalem Klärschlamm",Siehe Ausschreibungsunterlagen,selec-w,,,cat_0052,src_ted_opendata,file_ted_0211,lot:LOT-5777,2026-08-19
lot_00588,LOT-0000,not_0212,pro_0195,Levering Speurhond(en),Levering speurhond(en),selec-w,0.01,EUR,cat_0170,src_ted_opendata,file_ted_0212,lot:LOT-0000,2026-08-19
lot_00589,LOT-0001,not_0213,pro_0004,Pakiet 100 Świadczenie usług serwisowania aparatury medycznej,Świadczenie usług serwisowania aparatury medycznej,clos-nw,,,cat_0005,src_ted_opendata,file_ted_0213,lot:LOT-0001,2026-08-19
lot_00590,LOT-0001,not_0214,pro_0196,"Обособена позиция № 3: „УСЛУГИ ПО ОРГАНИЗИРАНЕ, АДМИНИСТРИРАНЕ И КОНТРОЛ НА ЗАПЛАЩАНЕТО НА ТАКСИТЕ ЗА ПАРКИРАНЕ ЧРЕЗ ИЗПРАЩАНЕ НА КРАТКИ ТЕКСТОВИ СЪОБЩЕНИЯ ЗА КЛИЕНТИ/АБОНАТИ НА „ЙЕТТЕЛ БЪЛГАРИЯ“ ЕАД“","Услуги по организиране, администриране и контрол на заплащането на таксите за паркиране чрез изпращане на кратки текстови съобщения по 3 обособени позиции“, както следва: Обособена позиция № 3: „УСЛУГИ ПО ОРГАНИЗИРАНЕ, АДМИНИСТРИРАНЕ И КОНТРОЛ НА ЗАПЛАЩАНЕТО НА ТАКСИТЕ ЗА ПАРКИРАНЕ ЧРЕЗ ИЗПРАЩАНЕ НА КРАТКИ ТЕКСТОВИ СЪОБЩЕНИЯ ЗА КЛИЕНТИ/АБОНАТИ НА ""ЙЕТТЕЛ БЪЛГАРИЯ“ ЕАД“. Услугите, предмет на поръчката, са свързани с режима на почасово платено паркиране в град София, обособен в две зони: „Синя зона“ и „Зелена зона“, в съответствие с Наредбата за организация на движението на територията на Столична община (Наредбата). На улици, булеварди, площади и паркинги - публична общинска собственост и други части от пътната инфраструктура, както и други терени - общинска собственост, съобразно схеми за местоположението и обхвата, приети от Столичния общински съвет, със заповед на кмета на Столична община, е въведен режим на почасово платено паркиране на ППС. Зоните са за самотаксуване от водачите на ППС, като заплащането за паркиране се извършва веднага при заемане на място в същите и се различават по граници на обхват и условия за престой и паркиране, в зависимост от зоната, регламентирани в Наредбата. Удостоверяване на заплащането и контрола на действителното време на паркирането на автомобили в ""Синя зона"" или в ""Зелена зона"" става с предварително закупен от водача талон или с изпратен SMS. Таксуването за паркиране с един SMS, е за 1 час. Сигналът за паркиране чрез SMS се подава веднага след паркиране на автомобила върху паркомястото в ""Синя зона"" или ""Зелена зона"".",selec-w,3173650.00,BGN,cat_0171,src_ted_opendata,file_ted_0214,lot:LOT-0001,2026-08-19
lot_00591,LOT-0000,not_0215,pro_0197,Default lot,"Prin derularea prezentei achiziții, la nivelul entității contractante, se dorește asigurarea continuității licențierii pentru produsele software Microsoft, printr-un contract - cadru pentru 3 ani (2024 - 2027), de furnizare licențe pentru produsele software Microsoft pentru parc informatic. Produsele software Microsoft se doresc a fi furnizate într-un contract de tip Microsoft Enterprise Agreement Subscription (EAS), in baza căruia se vor încheia contracte subsecvente. Contractele subsecvente au ca obiect punerea în drept total de utilizare a licențelor solicitate prin Caiet de Sarcini, cu valabilitate de 12 luni. Cantitatea maxima/minima estimata a fi solicitata in baza acordului cadru: - Licenta pachet software pentru sisteme de operare (conform CS): maxim 5301, minim 4617 - Licenta Pachet software pentru sisteme de baza de date (conform CS): maxim 30, minim 24 - Licenta pachet software pentru sisteme de operare pentru mainframe (conform CS): maxim 165, minim 132 - Licenta pachet software Securitate cibernetica (conform CS): maxim 540, minim 300 Valoarea estimata a acordului cadru, fara TVA: maxim 8.399.969,27 lei si minim 7.146.306,57 lei Cantitatea maxima/minima estimata a fi solicitata pentru fiecare contract subsecvent: - Licenta pachet software pentru sisteme de operare (conform CS): maxim 1767, minim 1539 - Licenta Pachet software pentru sisteme de baza de date (conform CS): maxim 10, minim 8 - Licenta pachet software pentru sisteme de operare pentru mainframe (conform CS): maxim 55 minim 44 - Licenta pachet software Securitate cibernetica (conform CS): maxim 180, minim 100 Valoarea estimata a contractelor subsecvente, fara TVA: maxim 2.799.989,76 lei si minim 2.382.102,19 lei",selec-w,,,cat_0172,src_ted_opendata,file_ted_0215,lot:LOT-0000,2026-08-19
lot_00592,LOT-0001,not_0216,pro_0198,ΠΡΟΜΗΘΕΙΑ ΠΕΤΡΕΛΑΙΟΥ ΘΕΡΜΑΝΣΗΣ,ΠΡΟΜΗΘΕΙΑ ΠΕΤΡΕΛΑΙΟΥ ΘΕΡΜΑΝΣΗΣ,selec-w,172368,EUR,cat_0173,src_ted_opendata,file_ted_0216,lot:LOT-0001,2026-08-19
lot_00593,LOT-0002,not_0216,pro_0198,ΠΡΟΜΗΘΕΙΑ ΠΕΤΡΕΛΑΙΟΥ ΚΙΝΗΣΗΣ ΚΑΙ ΒΕΝΖΙΝΗΣ,ΠΡΟΜΗΘΕΙΑ ΠΕΤΡΕΛΑΙΟΥ ΚΙΝΗΣΗΣ ΚΑΙ ΒΕΝΖΙΝΗΣ,selec-w,935700,EUR,cat_0174,src_ted_opendata,file_ted_0216,lot:LOT-0002,2026-08-19
lot_00594,LOT-0001,not_0217,pro_0199,Dostawa żywności do bieżącego żywienia wojsk w 2025 r. – PRODUKTY GŁĘBOKO MROŻONE,"1. Przedmiotem zamówienia jest sukcesywna dostawa produktów głęboko mrożonych. 2. Szczegółowy opis przedmiotu zamówienia w zakresie minimalnych wymagań jakościowych stanowi: załącznik nr 5 do SWZ. 3. Szczegółową specyfikację ilościową określa załącznik nr 1A do SWZ. Załącznik ten stanowi równocześnie formularz kalkulacji ceny ofertowej. 4. Integralną część opisu przedmiotu zamówienia stanowią również projektowane postanowienia umowy (załącznik nr 4 do SWZ). 5. Termin wykonania umowy: od daty podpisania umowy, nie wcześniej niż od dnia 01.01.2025 r. do dnia 31.12.2025 r. 6. Miejscem dostawy jest: 1) magazyn żywnościowy GZ Rzeszów – ul. Lwowska 5 Rzeszów; 2) magazyn żywnościowy GZ Nisko – ul. Sandomierska 20; 3) magazyn żywnościowy GZ Przemyśl – ul. 29 Listopada 1; 4) magazyn żywnościowy GZ Jarosław – ul. 3 Maja 80;",selec-w,,,cat_0175,src_ted_opendata,file_ted_0217,lot:LOT-0001,2026-08-19
lot_00595,LOT-0001,not_0218,pro_0200,Véhicule électrique type ludospace 5 portes (service projet),Véhicule électrique type ludospace 5 portes (service projet),selec-w,,,cat_0176,src_ted_opendata,file_ted_0218,lot:LOT-0001,2026-08-19
lot_00596,LOT-0002,not_0218,pro_0200,Véhicule double cabine + benne basculante,Véhicule double cabine + benne basculante,selec-w,,,cat_0177,src_ted_opendata,file_ted_0218,lot:LOT-0002,2026-08-19
lot_00597,LOT-0003,not_0218,pro_0200,Véhicule simple cabine + benne fixe,Véhicule simple cabine + benne fixe,open-nw,,,cat_0177,src_ted_opendata,file_ted_0218,lot:LOT-0003,2026-08-19
lot_00598,LOT-0004,not_0218,pro_0200,Camionnette type fourgon tôlé (L3H2),Camionnette type fourgon tôlé (L3H2),open-nw,,,cat_0177,src_ted_opendata,file_ted_0218,lot:LOT-0004,2026-08-19
lot_00599,LOT-0001,not_0219,pro_0004,Pakiet 107 Świadczenie usług serwisowania aparatury medycznej,Świadczenie usług serwisowania aparatury medycznej,clos-nw,,,cat_0005,src_ted_opendata,file_ted_0219,lot:LOT-0001,2026-08-19
lot_00600,LOT-0001,not_0220,pro_0201,Gospodarowanie odpadami 19 01 14 w ilości 500 Mg zad1,Gospodarowanie odpadami 19 01 14 w ilości 500 Mg (szczegółowy opis zawiera Część III SWZ),selec-w,,,cat_0114,src_ted_opendata,file_ted_0220,lot:LOT-0001,2026-08-19
lot_00601,LOT-0002,not_0220,pro_0201,Gospodarowanie odpadami 19 01 14 w ilości 1 000 Mg zad.2,Gospodarowanie odpadami 19 01 14 w ilości 1 000 Mg,selec-w,,,cat_0114,src_ted_opendata,file_ted_0220,lot:LOT-0002,2026-08-19
lot_00602,LOT-0003,not_0220,pro_0201,Gospodarowanie odpadami 19 01 14 w ilości 1 000 Mg zad.3,Gospodarowanie odpadami 19 01 14 w ilości 1 000 Mg (szczegółowy opis zawiera Część III SWZ),selec-w,,,cat_0114,src_ted_opendata,file_ted_0220,lot:LOT-0003,2026-08-19
lot_00603,LOT-0004,not_0220,pro_0201,Gospodarowanie odpadami 19 01 14 w ilości 1 500 Mg zad.4,Gospodarowanie odpadami 19 01 14 w ilości 1 500 Mg,selec-w,,,cat_0114,src_ted_opendata,file_ted_0220,lot:LOT-0004,2026-08-19
lot_00604,LOT-0005,not_0220,pro_0201,Gospodarowanie odpadami 19 01 14 w ilości 2 000 Mg zad.5,Gospodarowanie odpadami 19 01 14 w ilości 2 000 Mg (szczegółowy opis zawiera Część III SWZ),clos-nw,,,cat_0114,src_ted_opendata,file_ted_0220,lot:LOT-0005,2026-08-19
lot_00605,LOT-0006,not_0220,pro_0201,Gospodarowanie odpadami 19 01 14 w ilości 2 000 Mg zad.6,Gospodarowanie odpadami 19 01 14 w ilości 2 000 Mg (szczegółowy opis zawiera Część III SWZ),selec-w,,,cat_0114,src_ted_opendata,file_ted_0220,lot:LOT-0006,2026-08-19
lot_00606,LOT-0007,not_0220,pro_0201,Gospodarowanie odpadami 19 01 14 w ilości 2 000 Mg zad.7,Gospodarowanie odpadami 19 01 14 w ilości 2 000 Mg (szczegółowy opis zawiera Część III SWZ),selec-w,,,cat_0114,src_ted_opendata,file_ted_0220,lot:LOT-0007,2026-08-19
lot_00607,LOT-0008,not_0220,pro_0201,Gospodarowanie odpadami 19 01 14 lub 19 03 07 w ilości 2 000 Mg zad.8,Gospodarowanie odpadami 19 01 14 lub 19 03 07 w ilości 2 000 Mg (szczegółowy opis zawiera Część III SWZ),selec-w,,,cat_0114,src_ted_opendata,file_ted_0220,lot:LOT-0008,2026-08-19
lot_00608,LOT-0001,not_0221,pro_0202,MATRICE DERMALA,"MATRICE DERMALA Cantitate acord cadru: 1.MATRICE DERMALA 50/75 mm, grosime 1mm - cantitate minima 20 buc, cantitate maxima 40 buc; 2.MATRICE DERMALA 100/150 mm, grosime 1mm - cantitate minima 30 buc, cantitate maxima 60 buc; 3.MATRICE DERMALA 200/300 mm, grosime 1mm - cantitate minima 15 buc, cantitate maxima 30 buc; 4.MATRICE DERMALA 100/150 mm, grosime 2mm - cantitate minima 10, cantitate maxima 20 buc; 5.MATRICE DERMALA 200/300 mm, grosime 2mm - cantitate minima 4, cantitate maxima 8 buc; Cantitatea estimată care ar putea face obiectul unui singur contract subsecvent: 1.MATRICE DERMALA 50/75 mm, grosime 1mm - cantitate minima 5 buc, cantitate maxima 20 buc; 2.MATRICE DERMALA 100/150 mm, grosime 1mm - cantitate minima 5 buc, cantitate maxima 30 buc; 3.MATRICE DERMALA 200/300 mm, grosime 1mm - cantitate minima 5 buc, cantitate maxima 15 buc; 4.MATRICE DERMALA 100/150 mm, grosime 2mm - cantitate minima 2, cantitate maxima 10 buc; 5.MATRICE DERMALA 200/300 mm, grosime 2mm - cantitate minima 1, cantitate maxima 4 buc;",selec-w,,,cat_0178,src_ted_opendata,file_ted_0221,lot:LOT-0001,2026-08-19
lot_00609,LOT-0002,not_0221,pro_0202,Substitut piele suprahidratat,"Substitut piele suprahidratat Cantitate acord cadru: 1.Substitut piele suprahidratat 10cm/10cm - cantitate minima 150 buc, cantitate maxima 300 buc; 2.Substitut piele suprahidratat 15cm/20cm - cantitate minima 200 buc, cantitate maxima 400 buc; 3.Substitut piele suprahidratat 20cm/20cm - cantitate minima 200 buc, cantitate maxima 400 buc; 4.Substitut piele suprahidratat pentru fata - cantitate minima 150 buc, cantitate maxima 300 buc; Cantitatea estimată care ar putea face obiectul unui singur contract subsecvent: 1.Substitut piele suprahidratat 10cm/10cm - cantitate minima 15 buc, cantitate maxima 150 buc; 2.Substitut piele suprahidratat 15cm/20cm - cantitate minima 20 buc, cantitate maxima 200 buc; 3.Substitut piele suprahidratat 20cm/20cm - cantitate minima 20 buc, cantitate maxima 200 buc; 4.Substitut piele suprahidratat pentru fata - cantitate minima 15 buc, cantitate maxima 150 buc;",selec-w,,,cat_0178,src_ted_opendata,file_ted_0221,lot:LOT-0002,2026-08-19
lot_00610,LOT-0003,not_0221,pro_0202,Compresa impregnata cu unguent pe baza de trigliceride,"Compresa impregnata cu unguent pe baza de trigliceride Cantitate acord cadru: 1.Compresa impregnata cu unguent pe baza de trigliceride 10cm x 10cm - cantitate minima 3000 buc, cantitate maxima 6000 buc; 2.Compresa impregnata cu unguent pe baza de trigliceride 10cm x 20cm - cantitate minima 2000 buc, cantitate maxima 4000 buc; Cantitatea estimată care ar putea face obiectul unui singur contract subsecvent: 1.Compresa impregnata cu unguent pe baza de trigliceride 10cm x 10cm - cantitate minima 300 buc, cantitate maxima 3000 buc; 2.Compresa impregnata cu unguent pe baza de trigliceride 10cm x 20cm - cantitate minima 200 buc, cantitate maxima 2000 buc;",selec-w,,,cat_0179,src_ted_opendata,file_ted_0221,lot:LOT-0003,2026-08-19
lot_00611,LOT-0004,not_0221,pro_0202,Pansament steril cu nanocristale de argint,"Pansament steril cu nanocristale de argint Cantitate acord cadru: 1.Pansament steril cu nanocristale argint 20cmx40cm - cantitate minima 200 buc, cantitate maxima 400 buc; 2.Pansament steril cu nanocristale argint 40cmx40cm - cantitate minima 300 buc, cantitate maxima 600 buc; 3.Pansament steril cu nanocristale argint 10cmx20cm - cantitate minima 150 buc, cantitate maxima 300 buc; 4.Pansament steril cu nanocristale argint 10cmx10cm - cantitate minima 150 buc, cantitate maxima 300 buc; Cantitatea estimată care ar putea face obiectul unui singur contract subsecvent: 1.Pansament steril cu nanocristale argint 20cmx40cm - cantitate minima 20 buc, cantitate maxima 200 buc; 2.Pansament steril cu nanocristale argint 40cmx40cm - cantitate minima 30 buc, cantitate maxima 300 buc; 3.Pansament steril cu nanocristale argint 10cmx20cm - cantitate minima 15 buc, cantitate maxima 150 buc; 4.Pansament steril cu nanocristale argint 10cmx10cm - cantitate minima 15 buc, cantitate maxima 150 buc;",selec-w,,,cat_0179,src_ted_opendata,file_ted_0221,lot:LOT-0004,2026-08-19
lot_00612,LOT-0005,not_0221,pro_0202,Folie protectiva transparenta si adeziva,"Folie protectiva transparenta si adeziva Cantitate acord cadru: 1.Folie protectiva transparenta si adeziva - cantitate minima 1000 buc, cantitate maxima 2000 buc; Cantitatea estimată care ar putea face obiectul unui singur contract subsecvent: 1.Folie protectiva transparenta si adeziva - cantitate minima 100 buc, cantitate maxima 1000 buc;",selec-w,,,cat_0179,src_ted_opendata,file_ted_0221,lot:LOT-0005,2026-08-19
lot_00613,LOT-0006,not_0221,pro_0202,Pansament impregnat cu parafina,"Pansament impregnat cu parafina Cantitate acord cadru: 1.Pansament impregnat cu parafina 10cm x 7m - cantitate minima 500 buc, cantitate maxima 1000 buc; 2.Pansament impregnat cu parafina 10cm x 10cm - cantitate minima 18000 buc, cantitate maxima 36000 buc; Cantitatea estimată care ar putea face obiectul unui singur contract subsecvent: 1.Pansament impregnat cu parafina 10cm x 7m - cantitate minima 50 buc, cantitate maxima 500 buc; 2.Pansament impregnat cu parafina 10cm x 10cm - cantitate minima 1800 buc, cantitate maxima 18000 buc;",selec-w,,,cat_0179,src_ted_opendata,file_ted_0221,lot:LOT-0006,2026-08-19
lot_00614,LOT-0007,not_0221,pro_0202,Pansament impregnat cu parafina si clorhexidina,"Pansament impregnat cu parafina si clorhexidina Cantitate acord cadru: 1.Pansament cu parafina si clorhexidina 15cm/20cm - cantitate minima 3000 buc, cantitate maxima 6000 buc; 2.Pansament cu parafina si clorhexidina 15cm/100cm - cantitate minima 200 buc, cantitate maxima 400 buc; 3.Pansament cu parafina si clorhexidina 10cm/10cm - cantitate minima 4000 buc, cantitate maxima 8000 buc; Cantitatea estimată care ar putea face obiectul unui singur contract subsecvent: 1.Pansament cu parafina si clorhexidina 15cm/20cm - cantitate minima 300 buc, cantitate maxima 3000 buc; 2.Pansament cu parafina si clorhexidina 15cm/100cm - cantitate minima 20 buc, cantitate maxima 200 buc; 3.Pansament cu parafina si clorhexidina 10cm/10cm - cantitate minima 400 buc, cantitate maxima 4000 buc;",selec-w,,,cat_0179,src_ted_opendata,file_ted_0221,lot:LOT-0007,2026-08-19
lot_00615,LOT-0008,not_0221,pro_0202,Burete antimicrobian,"Burete antimicrobian Cantitate acord cadru: 1.Burete antimicrobian 12cmX12cm - cantitate minima 300 buc, cantitate maxima 600 buc; 2.Burete antimicrobian 10cmx20cm - cantitate minima 300 buc, cantitate maxima 600 buc; 3.Burete antimicrobian 17cmx17cm - cantitate minima 300 buc, cantitate maxima 600 buc; Cantitatea estimată care ar putea face obiectul unui singur contract subsecvent: 1.Burete antimicrobian 12cmX12cm - cantitate minima 30 buc, cantitate maxima 300 buc; 2.Burete antimicrobian 10cmx20cm - cantitate minima 30 buc, cantitate maxima 300 buc; 3.Burete antimicrobian 17cmx17cm - cantitate minima 30 buc, cantitate maxima 300 buc;",clos-nw,,,cat_0179,src_ted_opendata,file_ted_0221,lot:LOT-0008,2026-08-19
lot_00616,LOT-0001,not_0222,pro_0203,Обособена позиция №12-Propofol 10 mg/ml - 50 ml,Обособена позиция №12-Propofol 10 mg/ml - 50 ml,clos-nw,39.00,BGN,cat_0018,src_ted_opendata,file_ted_0222,lot:LOT-0001,2026-08-19
lot_00617,LOT-0002,not_0222,pro_0203,Обособена позиция №19-Pethidine- 50 mg/ml - 2 ml mg,Обособена позиция №19-Pethidine- 50 mg/ml - 2 ml mg,clos-nw,322.00,BGN,cat_0018,src_ted_opendata,file_ted_0222,lot:LOT-0002,2026-08-19
lot_00618,LOT-0001,not_0223,pro_0204,Maintenance préventive et corrective des chambres froides et des équipements réfrigérés du Centre Hospitalier de Capesterre-Belle-Eau- Saint Sauveur Bananier-97130 Capesterre-Belle-Eau,Maintenance préventive et corrective des chambres froides et des équipements réfrigérés du Centre Hospitalier de Capesterre-Belle-Eau- Saint Sauveur Bananier-97130 Capesterre-Belle-Eau,selec-w,320000,EUR,cat_0168,src_ted_opendata,file_ted_0223,lot:LOT-0001,2026-08-19
lot_00619,LOT-0001,not_0224,pro_0205,ZAKUP OKRESOWYCH BILETÓW NA POWIATOWĄ KOMUNIKACJĘ PUBLICZNĄ NA TERENIE POWIATU LUBIŃSKIEGO NA SIECI ORGANIZOWANEJ PRZEZ POWIAT LUBIŃSKI W RAMACH PUBLICZNEGO TRANSPORTU ZBIOROWEGO.,Przedmiotem zamówienia jest zakup (dostawa) przez Zamawiającego okresowych biletów (czyli: imiennych kart i comiesięcznych hologramów) komunikacji w ramach publicznego transportu zbiorowego w komunikacji powiatowej na sieci organizowanej przez Powiat Lubiński.,selec-w,,,cat_0180,src_ted_opendata,file_ted_0224,lot:LOT-0001,2026-08-19
lot_00620,LOT-0000,not_0225,pro_0206,KTW - Energetische Sanierung Trakt C - Medientechnik,5 St Beamer 2 St Beamerlifter 3 St Leinwände 4 St Touchpanel 3 St Mikrofon-Funkanlagen 9 St Lautsprechersysteme 1 St SMART Display,selec-w,,,cat_0181,src_ted_opendata,file_ted_0225,lot:LOT-0000,2026-08-19
lot_00621,LOT-0001,not_0226,pro_0207,"„Доставка на портативен уред за елементен анализ, за нуждите на Технически университет – София, по проект BG-RRP-2.004-0005 “Подобряване на научноизследователския капацитет и качество за международна разпознаваемост и устойчивост на ТУ-София”, финансиран чрез Национален план за възстановяване и устойчивост, BG-RRP-2.004“","Предметът на поръчката е: „Доставка на портативен уред за елементен анализ, за нуждите на Технически университет – София, по проект BG-RRP-2.004-0005 “Подобряване на научноизследователския капацитет и качество за международна разпознаваемост и устойчивост на ТУ-София”, финансиран чрез Национален план за възстановяване и устойчивост, BG-RRP-2.004“. Поръчката цели доставка на 1 брой портативен уред за елементен анализ. Доставеното оборудване трябва да е ново, неупотребявано, в оригинални фабрични опаковки. Доставеното оборудване трябва да е комплектувано с необходимите елементи, така че да е работоспособно и да изпълнява функциите, заложени в спецификацията.",selec-w,71750.00,BGN,cat_0182,src_ted_opendata,file_ted_0226,lot:LOT-0001,2026-08-19
lot_00622,LOT-0001,not_0227,pro_0208,Transport des élèves pour les sorties pédagogiques,Montants minimum de 5000 euro(s) HT et maximum de 120 000 euro(s) HT par période,selec-w,,,cat_0183,src_ted_opendata,file_ted_0227,lot:LOT-0001,2026-08-19
lot_00623,LOT-0002,not_0227,pro_0208,Transport des élèves vers les équipements et les sites sportifs,Montants minimum de 5000 euro(s) HT et maximum de 150 000 euro(s) HT par période,selec-w,,,cat_0183,src_ted_opendata,file_ted_0227,lot:LOT-0002,2026-08-19
lot_00624,LOT-0003,not_0227,pro_0208,"Transport des enfants pour les sorties périscolaires, d'enfants et d'adolescents pendant les vacances scolaires",Montants minimum de 5000 euro(s) HT et maximum de 250 000 euro(s) HT par période,selec-w,,,cat_0183,src_ted_opendata,file_ted_0227,lot:LOT-0003,2026-08-19
lot_00625,LOT-0004,not_0227,pro_0208,Transport du public pour les manifestations,Montants minimum de 2000 euro(s) HT et maximum de 100 000 euro(s) HT par période,selec-w,,,cat_0183,src_ted_opendata,file_ted_0227,lot:LOT-0004,2026-08-19
lot_00626,LOT-0001,not_0228,pro_0209,Odbieranie i transport odpadów komunalnych od właścicieli nieruchomości zamieszkałych z terenu Gminy Oława do Instalacji Przetwarzania Odpadów Komunalnych w Gać,"Przedmiotem zamówienia jest odbieranie i transport odpadów komunalnych od właścicieli nieruchomości zamieszkałych na terenie Gminy Oława do Instalacji Przetwarzania Odpadów komunalnych w Gać (Zakład Gospodarowania Odpadami Komunalnymi Sp. z o. o.), zgodnie z przepisami ustawy z dnia z 13 września 1996 r. o utrzymaniu czystości i porządku w gminach, ustawy z dnia 14 grudnia 2012r. o odpadach oraz przepisami Regulaminu utrzymania czystości i porządku na terenie Gminy Oława – w brzmieniu aktualnym na dzień realizacji zamówienia.",clos-nw,,,cat_0027,src_ted_opendata,file_ted_0228,lot:LOT-0001,2026-08-19
lot_00627,LOT-0001,not_0229,pro_0210,Utrzymanie czystości i przejezdności dróg w granicach administracyjnych Gminy Świętochłowice,"1. Zamówienie obejmuje: a) droga wojewódzka na odcinku w granicach administracyjnych miasta Świętochłowice, tj. trasa główna, dwujezdniowa od granicy z miastem Chorzów do granicy z miastem Ruda Śląska wraz z węzłami ulica: Żołnierska - 2 łącznice, Bytomska – 4 łącznice, o łącznej długości 6,771 km b) drogi powiatowe o długości 23,375 km, c) drogi gminne o długości 45,357 km, d) drogi wewnętrzne o długości 6,184 km, e) chodniki, drogi rowerowe, parkingi, przejścia dla pieszych i inne miejsca o łącznej powierzchni 176 475 m2. Zamawiający zastrzega sobie prawo do zwiększenia zakresu do 10% 2. Letnie utrzymanie czystości jezdni, chodników, parkingów, dróg rowerowych i innych miejsc (od 01.03.2025 r. do 30.10.2025 r.) Letniemu utrzymaniu podlegają: a) droga wojewódzka (DW 902) - na odcinku w granicach administracyjnych miasta Świętochłowice obejmująca trasę główną, dwujezdniową od granicy z miastem Chorzów do granicy z miastem Ruda Śląska wraz z węzłami ulic: Żołnierska - 2 łącznice, Bytomska – 4 łącznice, rondo przy Orlenie łącznej długości 6,771 km, b) drogi powiatowe o długości 23,375 km, c) drogi gminne o długości 45,357 km, d) drogi wewnętrzne o długości 6,184 km, e) chodniki, drogi rowerowe, przejścia dla pieszych, parkingi 176 475m2. 3. Utrzymanie, opróżnianie koszy ulicznych z odpadów wraz z ich transportem i przekazaniem do miejsc przetwarzania tj. odzysku lub unieszkodliwiania. 4. IV Letnie i zimowe utrzymanie przystanków komunikacji miejskiej na terenie Miasta.",selec-w,,,cat_0184,src_ted_opendata,file_ted_0229,lot:LOT-0001,2026-08-19
lot_00628,LOT-0001,not_0230,pro_0211,Dostawa oleju napędowego wraz ze zbiornikiem magazynowym w formie dzierżawy na potrzeby Zakładu Gospodarki Komunalnej w Wieliczce w roku 2025,"3.1.1) Sukcesywna dostawa oleju napędowego (spełniającego wymagania określone w Rozporządzeniu Ministra Gospodarki z dnia 9 października 2015 r. w sprawie wymagań jakościowych dla paliw ciekłych (Dz.U. z 2015r., poz.1680 ze zm.) w planowanej ilości ON 200 000 litrów. 3.1.2) Udostępnienie w formie dzierżawy na okres trwania umowy zbiornika spełniającego warunki określone w Rozporządzeniu Ministra Gospodarki z dnia 18 września 2001 r. w sprawie warunków technicznych dozoru technicznego, jakim powinny odpowiadać zbiorniki bezciśnieniowe i niskociśnieniowe przeznaczone do magazynowania materiałów ciekłych zapalnych (Dz.U. Nr 113, poz. 1211 z późn. zm.) wraz z układem dystrybucyjnym do bezobsługowego poboru oleju napędowego identyfikującego niezależnie pojazdy samochodowe, maszyny i urządzenia oraz kierowców, służące do wewnętrznego tankowania pojazdów Zamawiającego, olejem napędowym. c) lokalizacja zbiornika – na terenie Zakładu Gospodarki Komunalnej w Wieliczce, Sp. z o.o. ul. Jedynaka",selec-w,952600,PLN,cat_0174,src_ted_opendata,file_ted_0230,lot:LOT-0001,2026-08-19
lot_00629,LOT-0001,not_0231,pro_0212,REMPLACEMENT DE 510 CHAUFFE-BAINS GAZ PAR DES CHAUFFE-EAUX ÉLECTRIQUES SUR LE QUARTIER NEUFCHÂTEL À REIMS (MARNE),REMPLACEMENT DE 510 CHAUFFE-BAINS GAZ PAR DES CHAUFFE-EAUX ÉLECTRIQUES SUR LE QUARTIER NEUFCHÂTEL À REIMS (MARNE),selec-w,,,cat_0185,src_ted_opendata,file_ted_0231,lot:LOT-0001,2026-08-19
lot_00630,LOT-0001,not_0232,pro_0213,Lot I – Servicii de acceptare de plăți electronice prin intermediul Sistemului Național Electronic de plată online cu cardul bancar(SNEP),"Lot I – Servicii de acceptare de plăți electronice prin intermediul Sistemului Național Electronic de plată online cu cardul bancar (SNEP), conform cerințelor caietului de sarcini nr.294247/rev.1/05.09.2024. Estimări ale cantităților (tranzacții prin intermediul site-ului ghiseul.ro) minime și maxime care ar putea fi achiziționate pe întreaga durată a acordului cadru: - Cantitate minimă (tranzacții): 422.139 plăți, conform cerințelor Caietului de sarcini nr. 294247/rev.1/05.09.2024 - Cantitate maximă (tranzacții): 479.073 plăți, conform cerințelor Caietului de sarcini nr.294247/rev.1/05.09.2024 Estimări ale cantităților (tranzacții prin intermediul site-ului ghiseul.ro) minime și maxime care ar putea face obiectul unui singur contract subsecvent dintre cele care urmează să fie atribuite pe durata Acordului-cadru: - Cantitate minimă (tranzacții): 14.778 plăți, conform cerințelor Caietului de sarcini nr. 294247/rev.1/05.09.2024 - Cantitate maximă(tranzacții): 136.873 plăți, conform cerințelor Caietului de sarcini nr. 294247/rev.1/05.09.2024 Valoarea estimata a celui mai mare contract subsecvent: 334.733,61 lei (excl. TVA). NOTĂ: - Contractele subsecvente vor fi încheiate în funcție de necesitățile efective ale autorității contractante. - Nu se vor atribui contracte subsecvente de tipuri sau natură diferite unele faţă de altele. - Cantităţile minime și maxime menționate reprezintă estimări ale cantităților care ar putea fi solicitate pe întreaga durată a acordului-cadru, acestea putând fi mai mici, egale sau mai mari față de cele estimate, în funcție de necesitățile autoritații contractante. - Autoritatea contractantă îşi rezerva dreptul/opțiunea de a suplimenta cantitatea estimată la nivelul documentației de atribuire cu până la maxim 50% din cantitatea maximă estimată pentru acordul-cadru. Pretul serviciilor care vor fi achizitionate suplimentar in baza clauzei de revizuire va fi cel din propunerea financiara ce sta la baza acordului-cadru. Perioada de timp in care se va putea utiliza aceasta optiune de catre autoritatea contractantă: pe toata durata de valabilitate a acordului-cadru/contractului subsecvent. Modificarea de valoare scăzută conform prevederilor art. 221 alin. (1), lit. f) din Legea nr. 98/2016 ,cu modificările și completările ulterioare, se tratează și se calculează distinct de modificarea în baza art. art. 221 alin. (1), lit. a) din Legea nr. 98/2016 ,cu modificările și completările. Modificarea Acordului-cadru/Contractului de achiziţie publică, in cursul perioadei sale de valabilitate, se face în cazurile și conditiile prevazute la art. 221 din Legea nr. 98/2016, cu modificările şi completările ulterioare. Modificarea Acordului-cadru/Contractului de achiziţie publică în cursul perioadei sale de valabilitate, altfel decat în cazurile și condițiile prevăzute la art. 221 din Legea nr. 98/2016 cu modificările şi completările ulterioare, se realizează prin organizarea unei noi proceduri de atribuire, în conformitate cu dispoziţiile legii.",selec-w,,,cat_0039,src_ted_opendata,file_ted_0232,lot:LOT-0001,2026-08-19
lot_00631,LOT-0002,not_0232,pro_0213,"Lot II – Servicii de acceptare a plăților de impozite, taxe și a altor sume cuvenite bugetului local, efectuate cu carduri de plată prin intermediul terminalelor POS la ghișeele de plată","Lot II – Servicii de acceptare a plăților de impozite, taxe și a altor sume cuvenite bugetului local, efectuate cu carduri de plată prin intermediul terminalelor POS la ghișeele de plată,conform cerințelor caietului de sarcini nr. 294247/rev1/05.09.2024. Estimări ale cantităților (tranzacții prin intermediul terminalelor POS) minime și maxime care ar putea fi achiziționate pe întreaga durată a acordului cadru: - Cantitate minimă (tranzacții): 377.040 tranzacții, conform Caietului de sarcini nr. 294247/rev1/05.09.2024 - Cantitate maximă(tranzacții): 428.950 tranzacții, conform Caietului de sarcini nr. 294247/rev1/05.09.2024 Estimări ale cantităților ( tranzacții prin intermediul terminalelor POS) minime și maxime care ar putea face obiectul unui singur contract subsecvent dintre cele care urmează să fie atribuite pe durata Acordului-cadru: - Cantitate minimă (tranzacții): 17.294 tranzacții, conform Caietului de sarcini nr. 294247/rev1/05.09.2024 - Cantitate maximă(tranzacții): 120.904 tranzacții, conform Caietului de sarcini nr. 294247/rev1/05.09.2024 Valoarea estimata a celui mai mare contract subsecvent: 318.196,99 lei (excl. TVA). NOTĂ: - Contractele subsecvente vor fi încheiate în funcție de necesitățile efective ale autorității contractante. - Nu se vor atribui contracte subsecvente de tipuri sau natură diferite unele faţă de altele. - Cantităţile minime și maxime menționate reprezintă estimări ale cantităților care ar putea fi solicitate pe întreaga durată a acordului-cadru, acestea putând fi mai mici, egale sau mai mari față de cele estimate, în funcție de necesitățile autoritații contractante. - Autoritatea contractantă îşi rezerva dreptul/opțiunea de a suplimenta cantitatea estimată la nivelul documentației de atribuire cu până la maxim 50% din cantitatea maximă estimată pentru acordul-cadru. Pretul serviciilor care vor fi achizitionate suplimentar in baza clauzei de revizuire va fi cel din propunerea financiara ce sta la baza acordului-cadru. Perioada de timp in care se va putea utiliza aceasta optiune de catre autoritatea contractantă: pe toata durata de valabilitate a acordului-cadru/contractului subsecvent. Modificarea de valoare scăzută conform prevederilor art. 221 alin. (1), lit. f) din Legea nr. 98/2016 ,cu modificările și completările ulterioare, se tratează și se calculează distinct de modificarea în baza art. art. 221 alin. (1), lit. a) din Legea nr. 98/2016 ,cu modificările și completările. Modificarea Acordului-cadru/Contractului de achiziţie publică, in cursul perioadei sale de valabilitate, se face în cazurile și conditiile prevazute la art. 221 din Legea nr. 98/2016, cu modificările şi completările ulterioare. Modificarea Acordului-cadru/Contractului de achiziţie publică în cursul perioadei sale de valabilitate, altfel decat în cazurile și condițiile prevăzute la art. 221 din Legea nr. 98/2016 cu modificările şi completările ulterioare, se realizează prin organizarea unei noi proceduri de atribuire, în conformitate cu dispoziţiile legii.",selec-w,,,cat_0039,src_ted_opendata,file_ted_0232,lot:LOT-0002,2026-08-19
lot_00632,LOT-0001,not_0233,pro_0214,"Udzielenie kredytu długoterminowego w kwocie 5 535 065,00 zł na spłatę wcześniej zaciągniętych zobowiązań Gminy Ropczyce","1. Przedmiotem zamówienia jest: usługa udzielenia kredytu długoterminowego w wysokości 5 535 065, 00 - zł (słownie: pięć milionów pięćset trzydzieści pięć tysięcy sześćdziesiąt pięć złotych 00/100), zaciąganego na spłatę wcześniej zaciągniętych zobowiązań Gminy Ropczyce. 2. Kredyt winien być dostępny w jednej transzy od dnia następnego od daty podpisania umowy do 31.12.2024 r. 3. Spłata kredytu nastąpi w terminie: od 01.01.2025 r. do 31.12.2034 r. (okres 120 miesięcy). 1) do 31.12.2025 r. – 100 000,00 zł, 2) do 31.12.2026r. – 100 000,00 zł, 3) do 31.12.2027 r. – 100 000,00 zł, 4) do 31.12.2028 r. – 100 000,00 zł, 5) do 31.12.2029 r. – 100 000,00 zł, 6) do 31.12.2030 r. – 400 000,00 zł, 7) do 31.12.2031 r. – 500 000,00 zł, 8) do 31.12.2032 r. - 1 300 000,00 zł, 9) do 31.12.2033 r. – 1 500 000,00 zł, 10) do 31.12.2034 r. - 1 335 065,00 zł, 4. Okres karencji w spłacie kredytu obejmuje czas od daty podpisania umowy do 31.12.2024 r. 5. Spłata odsetek od poszczególnych transz kredytu nastąpi w ratach miesięcznych, licząc od następnego miesiąca po miesiącu, w którym transza zostanie uruchomiona. 6. Zabezpieczeniem kredytu będzie weksel in blanco wraz z deklaracją wekslową. 7. Oprocentowanie będzie zmienne ustalone w oparciu o stawkę bazową – WIBOR 1M, notowany na dzień ostatniego dnia roboczego miesiąca poprzedzającego miesiąc obrachunkowy (w zaokrągleniu do dwóch miejsc po przecinku). 8. Stała marża banku (określona w załączniku nr 1 do SIWZ), nie podlegająca zmianie przez cały okres wykonania zamówienia. 9. Ponadto do wyliczenia ceny w ofercie należy przyjąć: 1) że kredyt będzie wykorzystany w całości przez Zamawiającego w dniu 31.12.2024 r., 2) że bieg odsetek rozpoczyna się od dnia 01.01.2025 r. do końca spłaty umowy wg zapisów umowy, 3) stałą stawkę WIBOR 1M w całym okresie kredytowania wyliczoną na podstawie średniej za okres od dnia 01.08.2024 r. do dnia 15.10.2024 r., tj. 5,82%. 10. Zamawiający zastrzega sobie możliwość wcześniejszej spłaty kredytu bez dodatkowych opłat i prowizji. 11. Zamawiający zastrzega sobie możliwość wykorzystania części kredytu postawionego do jego dyspozycji. 12. Zamawiający informuje, że na stronie Biuletynu Informacji Publicznej https://ropczyce.bip.net.pl w zakładce Budżet zostały udostępnione dokumenty w celu wstępnego zbadania zdolności kredytowej, tj. sprawozdania, opinie, uchwały.",selec-w,,,cat_0013,src_ted_opendata,file_ted_0233,lot:LOT-0001,2026-08-19
lot_00633,LOT-0001,not_0234,pro_0004,Pakiet 152 Świadczenie usług serwisowania aparatury medycznej,Świadczenie usług serwisowania aparatury medycznej,clos-nw,,,cat_0005,src_ted_opendata,file_ted_0234,lot:LOT-0001,2026-08-19
lot_00634,LOT-0001,not_0235,pro_0215,Abschluss eines Rahmenvertrages mit den Auftraggebern gemäß Anlage 1 zum EVB-IT-Vertrag über Beschaffung Access-Switches 8 Port,"Abschluss eines Rahmenvertrages mit den Auftraggebern gemäß Anlage 1 zum EVB-IT-Vertrag über Beschaffung Access-Switches 8 Port mit/zu den in Anlage 2 zum EVB-IT-Vertrag benannten Funktionen, Eigenschaften und Bedingungen",selec-w,,,cat_0186,src_ted_opendata,file_ted_0235,lot:LOT-0001,2026-08-19
lot_00635,LOT-0002,not_0235,pro_0215,Abschluss eines Rahmenvertrages mit den Auftraggebern gemäß Anlage 1 zum EVB-IT-Vertrag über Beschaffung Access-Switches 24 Port,"Abschluss eines Rahmenvertrages mit den Auftraggebern gemäß Anlage 1 zum EVB-IT-Vertrag über Beschaffung Access-Switches 24 Port mit/zu den in Anlage 2 zum EVB-IT-Vertrag benannten Funktionen, Eigenschaften und Bedingungen",selec-w,,,cat_0186,src_ted_opendata,file_ted_0235,lot:LOT-0002,2026-08-19
lot_00636,LOT-0003,not_0235,pro_0215,Abschluss eines Rahmenvertrages mit den Auftraggebern gemäß Anlage 1 zum EVB-IT-Vertrag über Beschaffung Access-Switches 48 Port,"Abschluss eines Rahmenvertrages mit den Auftraggebern gemäß Anlage 1 zum EVB-IT-Vertrag über Beschaffung Access-Switches 48 Port mit/zu den in Anlage 2 zum EVB-IT-Vertrag benannten Funktionen, Eigenschaften und Bedingungen",selec-w,,,cat_0186,src_ted_opendata,file_ted_0235,lot:LOT-0003,2026-08-19
lot_00637,LOT-0004,not_0235,pro_0215,Abschluss eines Rahmenvertrages mit den Auftraggebern gemäß Anlage 1 zum EVB-IT-Vertrag über Beschaffung Core-Switches 24 Port,"Abschluss eines Rahmenvertrages mit den Auftraggebern gemäß Anlage 1 zum EVB-IT-Vertrag über Beschaffung Core-Switches 24 Port mit/zu den in Anlage 2 zum EVB-IT-Vertrag benannten Funktionen, Eigenschaften und Bedingungen",selec-w,,,cat_0186,src_ted_opendata,file_ted_0235,lot:LOT-0004,2026-08-19
lot_00638,LOT-0005,not_0235,pro_0215,Abschluss eines Rahmenvertrages mit den Auftraggebern gemäß Anlage 1 zum EVB-IT-Vertrag über Beschaffung Core-Switches 48 Port,"Abschluss eines Rahmenvertrages mit den Auftraggebern gemäß Anlage 1 zum EVB-IT-Vertrag über Beschaffung Core-Switches 48 Port mit/zu den in Anlage 2 zum EVB-IT-Vertrag benannten Funktionen, Eigenschaften und Bedingungen",selec-w,,,cat_0186,src_ted_opendata,file_ted_0235,lot:LOT-0005,2026-08-19
lot_00639,LOT-0006,not_0235,pro_0215,Abschluss eines Rahmenvertrages mit den Auftraggebern gemäß Anlage 1 zum EVB-IT-Vertrag über Beschaffung Server-Switches 24 Port,"Abschluss eines Rahmenvertrages mit den Auftraggebern gemäß Anlage 1 zum EVB-IT-Vertrag über Beschaffung Server-Switches 24 Port mit/zu den in Anlage 2 zum EVB-IT-Vertrag benannten Funktionen, Eigenschaften und Bedingungen",selec-w,,,cat_0186,src_ted_opendata,file_ted_0235,lot:LOT-0006,2026-08-19
lot_00640,LOT-0007,not_0235,pro_0215,Abschluss eines Rahmenvertrages mit den Auftraggebern gemäß Anlage 1 zum EVB-IT-Vertrag über Beschaffung Server-Switches 48 Port,"Abschluss eines Rahmenvertrages mit den Auftraggebern gemäß Anlage 1 zum EVB-IT-Vertrag über Beschaffung Server-Switches 48 Port mit/zu den in Anlage 2 zum EVB-IT-Vertrag benannten Funktionen, Eigenschaften und Bedingungen",selec-w,,,cat_0186,src_ted_opendata,file_ted_0235,lot:LOT-0007,2026-08-19
lot_00641,LOT-0000,not_0236,pro_0216,14/AQ/AT/2024 - Aquisição de serviços de desenvolvimento aplicacional no âmbito da necessidade de implementação do projeto de Manutenção e Evolução Tecnológica da aplicação ATGO,14/AQ/AT/2024 - Aquisição de serviços de desenvolvimento aplicacional no âmbito da necessidade de implementação do projeto de Manutenção e Evolução Tecnológica da aplicação ATGO,clos-nw,,,cat_0049,src_ted_opendata,file_ted_0236,lot:LOT-0000,2026-08-19
lot_00642,LOT-0001,not_0237,pro_0217,Brive La Gaillarde (19) – Accessibilité PMR – TX de rehaussement Quai 1 et 5,TRAVAUX_AMG_PMR_BRIVE,selec-w,,,cat_0187,src_ted_opendata,file_ted_0237,lot:LOT-0001,2026-08-19
lot_00643,LOT-0000,not_0238,pro_0218,Externalisation des éditions du service gestion locative,L'accord-cadre sera exécuté par l'émission de bons de commande. Les prestations sont réglées par des prix unitaires. Les montants estimatifs sont indicatifs et comprennent la totalité des périodes de reconduction,selec-w,,,cat_0188,src_ted_opendata,file_ted_0238,lot:LOT-0000,2026-08-19
lot_00644,LOT-0000,not_0239,pro_0219,Ozelenjivanje javnih površina na području općine Nedelišće,"Predmet nabave je ozelenjivanje javnih površina na području općine Nedelišće prema Elaboratu krajobraznog uređenja Ozelenjavanje Općina Nedelišće. Predmet nabave se sufinancira iz Fonda za zaštitu okoliša i energetsku učinkovitost na temelju sklopljenog Ugovora o neposrednom sudjelovanju Fonda u sufinanciranju provedbe mjera prilagodbe klimatskim promjenama u svrhu jačanja otpornosti urbanih sredina, davanjem sredstva pomoći. Uređenjem zelenih površina planirana je sadnja više od 1700 stabala i grmova na 19 lokacija: 1. Stadion Trate Nedelišće, 2. Varaždinska-Čakovečka ulica Nedelišće 3. UK6, DI i Drvored Dunjkovec 4. Groblje Macinec 5. Dječje igralište Peski Macinec 6. Dječje igralište Macinec 7. Dječje igralište Trnovec i okolne površine 8. Dječje igralište Črečan 9. Stara kovačnica Gornji Hrašćan 10. Sportski park Gornji Kuršanec 11. Dječje igralište Žarkovice Nedelišće 12.Parcela poo šumom Slakovec 13. Park Pušćine Ciglenice 14. Sportski park Pušćine 15. Društveni dom i parking Pretetinec 16. Ulaz u Parag 17. Dječje igralište Trnavska Nedelišće 18. Industrijska zona Pušćine 19. Varaždinska-Čakovečka ulica Pušćine Projekt uključuje provedbu aktivnosti razvoja zelene infrastrukture u urbanim i periurbanim područjima- povećanje površina pod krošnjama, sadnja pojedinačnih i grupa stabala i drvoreda, povećanje površina pod krošnjama ozelenjivanjem javnih parkirališta, parkova i mjesta javnih okupljanja, sadnja drvoreda uz prometnice i biciklističke staze. Ranije spomenute lokacije nalaze se uz stambene zone i lokalno stanovništvo koristi ih za šetnje, bicikliranje i provođenje slobodnog vremena na otvorenom, a dodatno uređenje u smislu smanjenja utjecaja klimatskih promjena i otpornost lokacije na klimatske promjene.",selec-w,321000.00,EUR,cat_0189,src_ted_opendata,file_ted_0239,lot:LOT-0000,2026-08-19
lot_00645,LOT-0001,not_0240,pro_0220,Odprowadzanie wód opadowych i roztopowych kanalizacją deszczową z powierzchni zanieczyszczonych o trwałej nawierzchni,Zamawiający zleca do wykonania zadanie pn.: „Odprowadzanie wód opadowych i roztopowych kanalizacją deszczową z powierzchni zanieczyszczonych o trwałej nawierzchni”. Przedmiot zamówienia określa: a) warunki odprowadzania wód opadowych i roztopowych pochodzących z powierzchni zanieczyszczonych o trwałej nawierzchni będących własnością Zamawiającego do sieci wodno-kanalizacyjnej (urządzeń kanalizacji deszczowej) wchodzącej w skład przedsiębiorstwa Wykonawcy i znajdującej się na obszarze określonym w załączniku do niniejszej umowy b) zasady rozliczania należności ze świadczenia będące jej przedmiotem. Szczegółowy zakres został zawarty w projektowanych postanowieniach umowy.,selec-w,4860687.72,PLN,cat_0190,src_ted_opendata,file_ted_0240,lot:LOT-0001,2026-08-19
lot_00646,LOT-0001,not_0241,pro_0221,Utrzymanie i remonty urządzeń elektroenergetycznych w Enea Elektrownia Połaniec S.A. na okres 3 m-cy w 2025 roku,Utrzymanie i remonty urządzeń elektroenergetycznych w Enea Elektrownia Połaniec S.A. na okres 3 m-cy w 2025 roku,selec-w,,,cat_0191,src_ted_opendata,file_ted_0241,lot:LOT-0001,2026-08-19
lot_00647,LOT-0001,not_0242,pro_0222,„Dostawa Licencji do Oprogramowania SugarCRM lub równoważne wraz ze wsparciem serwisowym” - część 1,"1. Przedmiotem zamówienia jest dostawa licencji do Oprogramowania SugarCRM lub równoważne wraz ze wsparciem serwisowym w podziale na dwie (2) odrębne części: Część 1: 1) Przedmiotem zamówienia w zakresie Części 1 jest: a) udzielenie i dostarczenie przez Wykonawcę Licencji na Oprogramowanie na 12 miesięcy od wygaśnięcia posiadanych Licencji, b) udzielenie przez Wykonawcę Wsparcia dla Oprogramowania na 12 miesięcy od wygaśnięcia posiadanych Licencji. c) dostarczenie przez Wykonawcę Dokumentacji. 2) Na Przedmiot zamówienia w zakresie określonym w ust. 1 pkt 1) lit. a) (część 1) składają się następujące elementy: Licencje na Oprogramowanie Sugar Enterprise w polskiej wersji językowej lub równoważne 70 sztuk. 3) W ramach realizacji Przedmiotu zamówienia Wykonawca zapewni Zamawiającemu Wsparcie Oprogramowania w wymiarze do 2 (słownie: dwóch) godzin w miesiącu, a ponadto Zamawiający może w ramach danego miesiąca zamówić dodatkowo do 40 godzin (tzw. ryczałtowa pula godzin). Łączna liczba godzin w całym okresie obowiązywania umowy nie przekroczy 480 godzin. 4) Realizacja Przedmiotu zamówienia w zakresie dostawy stosownych Licencji na korzystanie przez Zamawiającego z Oprogramowania oraz dostarczenie Dokumentacji nastąpi w terminie do 5 dni roboczych od dnia zawarcia Umowy. Część 2: 1) Przedmiotem zamówienia w zakresie Części 2 jest: a) udzielenie i dostarczenie przez Wykonawcę Licencji na Oprogramowanie na 12 miesięcy od wygaśnięcia posiadanych Licencji, b) udzielenie przez Wykonawcę Wsparcia dla Oprogramowania na 12 miesięcy od wygaśnięcia posiadanych Licencji, c) dostarczenie przez Wykonawcę Dokumentacji. 2) Na Przedmiot zamówienia w zakresie określonym w ust. 1 pkt 1) lit. a) (część 2) składają się następujące elementy: Licencje na Oprogramowanie Sugar Enterprise w polskiej wersji językowej lub równoważne 45 sztuk. 3) W ramach realizacji Przedmiotu zamówienia Wykonawca zapewni Zamawiającemu Wsparcie Oprogramowania w wymiarze minimum 2 (słownie: dwóch) godzin w miesiącu. 4) Realizacja Przedmiotu zamówienia w zakresie dostawy stosownych Licencji na korzystanie przez Zamawiającego z Oprogramowania oraz dostarczenie Dokumentacji nastąpi w terminie do 5 dni roboczych od dnia zawarcia Umowy. 2. Szczegółowy opis przedmiotu zamówienia (dalej SOPZ) określony został w Załączniku nr 1 do SWZ, odpowiednio dla każdej z części. 3. Termin wykonania zamówienia (dot. Części 1 i Części 2): a) Zamawiający wymaga, aby dostawa zrealizowana została w terminie do 5 dni roboczych od dnia zawarcia Umowy, lub krótszym zaoferowanym przez Wykonawcę w Ofercie . b) udzielenie przez Wykonawcę Wsparcia dla Oprogramowania na 12 miesięcy od wygaśnięcia posiadanych Licencji. 4. Zamawiający nie dopuszcza możliwości prowadzenia negocjacji w celu ulepszenia treści ofert złożonych w odpowiedzi na ogłoszenie o zamówieniu. 5. Na podstawie art. 5k rozporządzenia Rady (UE) nr 833/2014 z dnia 31 lipca 2014 r. dotyczącego środków ograniczających w związku z działaniami Rosji destabilizującymi sytuację na Ukrainie, zmienionego rozporządzeniem 2022/57, zwanego dalej „Rozporządzeniem 833/2014”, zakazuje się wykonywania zamówienia publicznego z udziałem podwykonawców, dostawców lub podmiotów, na których zdolności polega się w rozumieniu dyrektywy 2014/24/UE, o których mowa w art. 5k tego rozporządzenia w przypadku gdy przypada na nich ponad 10 % wartości zamówienia. 6. W przypadkach, kiedy w szczegółowym opisie przedmiotu zamówienia wskazane zostały znaki towarowe, patenty, pochodzenie, źródło lub szczególny proces, który charakteryzuje produkty lub usługi dostarczane przez konkretnego Wykonawcę co prowadziłoby do uprzywilejowania lub wyeliminowania niektórych wykonawców lub produktów, oznacza to, że Zamawiający nie może opisać przedmiotu zamówienia za pomocą dostatecznie dokładnych określeń i jest to uzasadnione specyfiką przedmiotu zamówienia. W takich sytuacjach ewentualne wskazania na znaki towarowe, patenty, pochodzenie, źródło lub szczególny proces, należy odczytywać z wyrazami „lub równoważne”. 7. Zamawiający nie przewiduje możliwości udzielenia zamówienia, o którym mowa w art. 305 pkt 1) w zw. z art. 214 ust. 1 pkt 8) ustawy Pzp. 8. Zamawiający nie przewiduje wymagań w zakresie zatrudnienia osób, o których mowa w art. 95 ustawy Pzp. 9. Na podstawie art. 222 ust. 4 ustawy Pzp Zamawiający informuje, że kwota jaką zamierza przeznaczyć na sfinansowanie zamówienia wynosi 603 056,20 złotych brutto, w tym: Część I – 440 749,34 zł brutto Część II – 162 306,86 zł brutto.",selec-w,,,cat_0192,src_ted_opendata,file_ted_0242,lot:LOT-0001,2026-08-19
lot_00648,LOT-0002,not_0242,pro_0222,„Dostawa Licencji do Oprogramowania SugarCRM lub równoważne wraz ze wsparciem serwisowym” - część 2,"1. Przedmiotem zamówienia jest dostawa licencji do Oprogramowania SugarCRM lub równoważne wraz ze wsparciem serwisowym w podziale na dwie (2) odrębne części: Część 1: 1) Przedmiotem zamówienia w zakresie Części 1 jest: a) udzielenie i dostarczenie przez Wykonawcę Licencji na Oprogramowanie na 12 miesięcy od wygaśnięcia posiadanych Licencji, b) udzielenie przez Wykonawcę Wsparcia dla Oprogramowania na 12 miesięcy od wygaśnięcia posiadanych Licencji. c) dostarczenie przez Wykonawcę Dokumentacji. 2) Na Przedmiot zamówienia w zakresie określonym w ust. 1 pkt 1) lit. a) (część 1) składają się następujące elementy: Licencje na Oprogramowanie Sugar Enterprise w polskiej wersji językowej lub równoważne 70 sztuk. 3) W ramach realizacji Przedmiotu zamówienia Wykonawca zapewni Zamawiającemu Wsparcie Oprogramowania w wymiarze do 2 (słownie: dwóch) godzin w miesiącu, a ponadto Zamawiający może w ramach danego miesiąca zamówić dodatkowo do 40 godzin (tzw. ryczałtowa pula godzin). Łączna liczba godzin w całym okresie obowiązywania umowy nie przekroczy 480 godzin. 4) Realizacja Przedmiotu zamówienia w zakresie dostawy stosownych Licencji na korzystanie przez Zamawiającego z Oprogramowania oraz dostarczenie Dokumentacji nastąpi w terminie do 5 dni roboczych od dnia zawarcia Umowy. Część 2: 1) Przedmiotem zamówienia w zakresie Części 2 jest: a) udzielenie i dostarczenie przez Wykonawcę Licencji na Oprogramowanie na 12 miesięcy od wygaśnięcia posiadanych Licencji, b) udzielenie przez Wykonawcę Wsparcia dla Oprogramowania na 12 miesięcy od wygaśnięcia posiadanych Licencji, c) dostarczenie przez Wykonawcę Dokumentacji. 2) Na Przedmiot zamówienia w zakresie określonym w ust. 1 pkt 1) lit. a) (część 2) składają się następujące elementy: Licencje na Oprogramowanie Sugar Enterprise w polskiej wersji językowej lub równoważne 45 sztuk. 3) W ramach realizacji Przedmiotu zamówienia Wykonawca zapewni Zamawiającemu Wsparcie Oprogramowania w wymiarze minimum 2 (słownie: dwóch) godzin w miesiącu. 4) Realizacja Przedmiotu zamówienia w zakresie dostawy stosownych Licencji na korzystanie przez Zamawiającego z Oprogramowania oraz dostarczenie Dokumentacji nastąpi w terminie do 5 dni roboczych od dnia zawarcia Umowy. 2. Szczegółowy opis przedmiotu zamówienia (dalej SOPZ) określony został w Załączniku nr 1 do SWZ, odpowiednio dla każdej z części. 3. Termin wykonania zamówienia (dot. Części 1 i Części 2): a) Zamawiający wymaga, aby dostawa zrealizowana została w terminie do 5 dni roboczych od dnia zawarcia Umowy, lub krótszym zaoferowanym przez Wykonawcę w Ofercie . b) udzielenie przez Wykonawcę Wsparcia dla Oprogramowania na 12 miesięcy od wygaśnięcia posiadanych Licencji. 4. Zamawiający nie dopuszcza możliwości prowadzenia negocjacji w celu ulepszenia treści ofert złożonych w odpowiedzi na ogłoszenie o zamówieniu. 5. Na podstawie art. 5k rozporządzenia Rady (UE) nr 833/2014 z dnia 31 lipca 2014 r. dotyczącego środków ograniczających w związku z działaniami Rosji destabilizującymi sytuację na Ukrainie, zmienionego rozporządzeniem 2022/57, zwanego dalej „Rozporządzeniem 833/2014”, zakazuje się wykonywania zamówienia publicznego z udziałem podwykonawców, dostawców lub podmiotów, na których zdolności polega się w rozumieniu dyrektywy 2014/24/UE, o których mowa w art. 5k tego rozporządzenia w przypadku gdy przypada na nich ponad 10 % wartości zamówienia. 6. W przypadkach, kiedy w szczegółowym opisie przedmiotu zamówienia wskazane zostały znaki towarowe, patenty, pochodzenie, źródło lub szczególny proces, który charakteryzuje produkty lub usługi dostarczane przez konkretnego Wykonawcę co prowadziłoby do uprzywilejowania lub wyeliminowania niektórych wykonawców lub produktów, oznacza to, że Zamawiający nie może opisać przedmiotu zamówienia za pomocą dostatecznie dokładnych określeń i jest to uzasadnione specyfiką przedmiotu zamówienia. W takich sytuacjach ewentualne wskazania na znaki towarowe, patenty, pochodzenie, źródło lub szczególny proces, należy odczytywać z wyrazami „lub równoważne”. 7. Zamawiający nie przewiduje możliwości udzielenia zamówienia, o którym mowa w art. 305 pkt 1) w zw. z art. 214 ust. 1 pkt 8) ustawy Pzp. 8. Zamawiający nie przewiduje wymagań w zakresie zatrudnienia osób, o których mowa w art. 95 ustawy Pzp. 9. Na podstawie art. 222 ust. 4 ustawy Pzp Zamawiający informuje, że kwota jaką zamierza przeznaczyć na sfinansowanie zamówienia wynosi 603 056,20 złotych brutto, w tym: Część I – 440 749,34 zł brutto Część II – 162 306,86 zł brutto.",selec-w,,,cat_0192,src_ted_opendata,file_ted_0242,lot:LOT-0002,2026-08-19
lot_00649,LOT-0001,not_0243,pro_0223,„Реконструкция на ул. „Мармарлийска“ (ОК370 - ОК372 - ОК341 - ОК860в - ОК378 - ОК598) в град Велико Търново“,"„Реконструкция на ул. „Мармарлийска“ (ОК370 - ОК372 - ОК341 - ОК860в - ОК378 - ОК598) в град Велико Търново“. Реконструкцията на ул. „Мармарлийска“ гр. Велико Търново ще се извършва изцяло по съществуващото трасе. Тя обхваща уличната настилка от п.т. 3 при км. 0+020 до п.т. 65 до км 0+630,22. Предвижда се реконструкция на уличната и тротоарната настилка. Проекта предвижда технологично фрезоване на асфалтовата настилка, изкоп на основата на улицата, изкоп за полагане на нови канализация и водопроводи, обратни насипи и уплътняване на траншеите за канализация и водопроводи и подготовка на основата за необходимите пластове за изграждане на уличното легло. Ще се извърши технологично фрезоване на съществуващия асфалт и ще се положи плътна асфалтова смес по ул. „Мармарлийска“ от ул. „Магистрална“ до п.т. 3 при км 0+020 и кръстовището с ул. „Любен Каравелов“ след п.т. 65 до км 0+630,22. Предвижда се демонтаж на почти всички съществуващи стълбове за осветление /и всички неизползвани амортизирани стълбове-за светлинни табели, пешеходни светофари и др./ и подмяна с нови стълбове за улично осветление. Основна реконструкция на съществуващите водопроводи по улицата и привеждането им в съответствие с нормативите за водоснабдяване и пожарна безопасност, както и изпълнение на нови водопроводи по улици съобразно съществуващата застройка. Общата дължина на предвидените за основен ремонт по този проект улични водопроводи е 1167.60м. Предвижда се подмяна на съществуващите канализационни тръби с нови като при строителството е заложено реконструкция и подмяна на включванията от страничните улица както и сградните канализационни отклонения. Тротоарната настилка от п.т. 1 до п.т. 4 ляво и дясно, от п.т. 16 до п.т. 23 дясно и част от тротоара от п.т. 33 до п.т. 37 е подменяна в течение на времето. На тези места тротоарната настилка ще се запази, ще се монтират единствено тактилни плочи, за да се направи връзка между останалите тротоари и да се форми единно пешеходно пространство. В част достъпна среда се предвижда: Изрязване с фугорез на вибропресовани павета – 218,00 м;Демонтаж на вибропресовани павета, вкл. сортиране - 44,00 кв.м;Доставка и монаж на тактилни плочи, образуващи ивица за внимание (предупреждение) 40/40 см. – 60,00 кв.м;Доставка и монаж на тактилни плочи, образуващи ивица за насочване (водеща линия) 40/40 см, - 489,00 кв.м. Предвиждат се и други работи, съгласно техническа спецификация. Пълното описание на видовете работи е съгласно технически проект, неразделна част от техническата спецификация.",clos-nw,4045333.33,BGN,cat_0003,src_ted_opendata,file_ted_0243,lot:LOT-0001,2026-08-19
lot_00650,LOT-0001,not_0244,pro_0224,ACIDUM ZOLEDRONICUM - sol. perf. 4 mg/100 ml,"ACIDUM ZOLEDRONICUM - sol. perf. 4 mg/100 ml - cantitate minima acord = 24 pungi, cantitate maxima acord = 96pungi, cantitate minima contract subsecvent = 6, cantitate maxima contract subsecvent = 24 pungi.",selec-w,,,cat_0193,src_ted_opendata,file_ted_0244,lot:LOT-0001,2026-08-19
lot_00651,LOT-0002,not_0244,pro_0224,ATEZOLIZUMAB - conc.pt.sol.perf. 1200 mg -20ml,"ATEZOLIZUMAB - conc.pt.sol.perf. 1200 mg -20ml, cantitate minima acord = 60 flacoane, cantitate maxima acord = 240 flacoane, cantitate minima contract subsecvent= 15 flacoane, cantitate maxima contract subsecvent = 60 flacoane.",selec-w,,,cat_0193,src_ted_opendata,file_ted_0244,lot:LOT-0002,2026-08-19
lot_00652,LOT-0003,not_0244,pro_0224,AVELUMABUM - conc. pt. Sol. Perf. - 20mg/ml - 10ml,"AVELUMABUM - conc. pt. Sol. Perf. - 20mg/ml - 10ml, cantitate minima acord = 104 flacoane, cantitate maxima acord = 416 flacoane, cantitate minima contract subsecvent = 26 flacoane, cantitate maxima contract subsecvent = 104 flacoane.",selec-w,,,cat_0193,src_ted_opendata,file_ted_0244,lot:LOT-0003,2026-08-19
lot_00653,LOT-0004,not_0244,pro_0224,CEMIPLIMABUM - conc. Pt. Sol. Perf. 50mg/ml - 7ml,"CEMIPLIMABUM - conc. Pt. Sol. Perf. 50mg/ml - 7ml, cantitate minima acord = 20 flacoane, cantitate maxima acord = 80 flacoane, cantitate minima contract subsecvent = 5 flacoane, cantitate maxima contract subsecvent = 20 flacoane.",selec-w,,,cat_0193,src_ted_opendata,file_ted_0244,lot:LOT-0004,2026-08-19
lot_00654,LOT-0005,not_0244,pro_0224,CETUXIMABUM - sol.perf.5mg/ml - 20 ml,"CETUXIMABUM - sol.perf.5mg/ml - 20 ml, cantitate minima acord = 150 flacoane, cantitate maxima acord = 600 flacoane, cantitate minima contract subsecvent = 37 flacoane, cantitate maxima contract subsecvent = 150 flacoane.",selec-w,,,cat_0193,src_ted_opendata,file_ted_0244,lot:LOT-0005,2026-08-19
lot_00655,LOT-0006,not_0244,pro_0224,DOCETAXELUM - conc.pt. sol perf. 20mg/ml- 7 ML,"DOCETAXELUM - conc.pt. sol perf. 20mg/ml- 7 ML, cantitate minima acord = 24 flacoane, cantitate maxima acord = 96 flacoane, cantitate minima contract subsecvent = 6 flacoane, cantitate maxima contract subsecvent = 24 flacoane.",selec-w,,,cat_0193,src_ted_opendata,file_ted_0244,lot:LOT-0006,2026-08-19
lot_00656,LOT-0007,not_0244,pro_0224,DOXORUBICINUM - conc. pt. sol. perf. 2 mg/ml - 10 ml (caelyx),"DOXORUBICINUM - conc. pt. sol. perf. 2 mg/ml - 10 ml (caelyx), cantitate minima acord = 10 flacoane, cantitate maxima acord = 40 flacoane, cantitate minima contract subsecvent = 2 flacoane, cantitate maxima contract subsecvent = 10 flacoane.",selec-w,,,cat_0193,src_ted_opendata,file_ted_0244,lot:LOT-0007,2026-08-19
lot_00657,LOT-0008,not_0244,pro_0224,"DURVALUMABUM - conc.pt.sol.perf. 50 mg/ml - (120mg) - 2,4 ml","DURVALUMABUM - conc.pt.sol.perf. 50 mg/ml - (120mg) - 2,4 ml, cantitate minima acord = 30 flacoane, cantitate maxima acord = 120 flacoane, cantitate minima contract subsecvent = 7 flacoane, cantitate maxima contract subsecvent = 30 flacoane.",selec-w,,,cat_0193,src_ted_opendata,file_ted_0244,lot:LOT-0008,2026-08-19
lot_00658,LOT-0009,not_0244,pro_0224,DURVALUMABUM - conc.pt.sol.perf. 50 mg/ml - (500mg) - 10 ml,"DURVALUMABUM - conc.pt.sol.perf. 50 mg/ml - (500mg) - 10 ml, cantitate minima acord = 30 flacoane, cantitate maxima acord = 120 flacoane, cantitate minima contract subsecvent = 7 flacoane, cantitate maxima contract subsecvent = 30 flacoane.",selec-w,,,cat_0193,src_ted_opendata,file_ted_0244,lot:LOT-0009,2026-08-19
lot_00659,LOT-0010,not_0244,pro_0224,"GEMCITABINUM - conc. pt. sol perf.- 38 mg/ml - 2g - 52,6 ml.","GEMCITABINUM - conc. pt. sol perf.- 38 mg/ml - 2g - 52,6 ml., cantitate minima acord = 100 flacoane, cantitate maxima acord = 400 flacoane, cantitate minima contract subsecvent = 25 flacoane, cantitate maxima contract subsecvent = 100 flacoane.",selec-w,,,cat_0193,src_ted_opendata,file_ted_0244,lot:LOT-0010,2026-08-19
lot_00660,LOT-0011,not_0244,pro_0224,NIVOLUMABUM - conc. pt. sol. perf. 10mg/ml - 10 ML,"NIVOLUMABUM - conc. pt. sol. perf. 10mg/ml - 10 ML, cantitate minima acord = 40 flacoane, cantitate maxima acord = 160 flacoane, cantitate minima contract subsecvent = 10 flacoane, cantitate maxima contract subsecvent = 40 flacoane.",selec-w,,,cat_0193,src_ted_opendata,file_ted_0244,lot:LOT-0011,2026-08-19
lot_00661,LOT-0012,not_0244,pro_0224,NIVOLUMABUM - conc. pt. sol. perf. 10mg/ml - 4 ML,"NIVOLUMABUM - conc. pt. sol. perf. 10mg/ml - 4 ML, cantitate minima acord = 80 flacoane, cantitate maxima acord = 320 flacoane, cantitate minima contract subsecvent = 20 flacoane, cantitate maxima contract subsecvent = 80 flacoane.",selec-w,,,cat_0193,src_ted_opendata,file_ted_0244,lot:LOT-0012,2026-08-19
lot_00662,LOT-0013,not_0244,pro_0224,OXALIPLATINUM - liof. pt. sol.perf. - 5mg/ml - 100 mg - 20ml,"OXALIPLATINUM - liof. pt. sol.perf. - 5mg/ml - 100 mg - 20ml, cantitate minima acord = 300 flacoane, cantitate maxima acord = 1200 flacoane, cantitate minima contract subsecvent = 75 flacoane, cantitate maxima contract subsecvent = 300 flacoane.",clos-nw,,,cat_0193,src_ted_opendata,file_ted_0244,lot:LOT-0013,2026-08-19
lot_00663,LOT-0014,not_0244,pro_0224,PANITUMUMABUM - conc. pt. sol. perf. 20mg/ml - 100 mg - 5 ml,"PANITUMUMABUM - conc. pt. sol. perf. 20mg/ml - 100 mg - 5 ml, cantitate minima acord = 30 flacoane, cantitate maxima acord = 120 flacoane, cantitate minima contract subsecvent = 7 flacoane, cantitate maxima contract subsecvent = 30 flacoane.",selec-w,,,cat_0193,src_ted_opendata,file_ted_0244,lot:LOT-0014,2026-08-19
lot_00664,LOT-0015,not_0244,pro_0224,PANITUMUMABUM - conc. pt. sol. perf. 20mg/ml - 400 mg -20 ml,"PANITUMUMABUM - conc. pt. sol. perf. 20mg/ml - 400 mg -20 ml, cantitate minima acord = 30 flacoane, cantitate maxima acord = 120 flacoane, cantitate minima contract subsecvent = 7 flacoane, cantitate maxima contract subsecvent = 30 flacoane.",selec-w,,,cat_0193,src_ted_opendata,file_ted_0244,lot:LOT-0015,2026-08-19
lot_00665,LOT-0016,not_0244,pro_0224,PEMBROLIZUMABUM - conc.pt. sol. perf.25mg/ml -4ml,"PEMBROLIZUMABUM - conc.pt. sol. perf.25mg/ml -4ml, cantitate minima acord = 112 flacoane, cantitate maxima acord = 448 flacoane, cantitate minima contract subsecvent = 28 flacoane, cantitate maxima contract subsecvent = 112 flacoane.",selec-w,,,cat_0193,src_ted_opendata,file_ted_0244,lot:LOT-0016,2026-08-19
lot_00666,LOT-0017,not_0244,pro_0224,PEMETREXEDUM - pulb. pt.conc. pt. sol. perf.100mg,"PEMETREXEDUM - pulb. pt.conc. pt. sol. perf.100mg , cantitate minima acord = 50 flacoane, cantitate maxima acord = 200 flacoane, cantitate minima contract subsecvent = 12 flacoane, cantitate maxima contract subsecvent = 50 flacoane.",clos-nw,,,cat_0193,src_ted_opendata,file_ted_0244,lot:LOT-0017,2026-08-19
lot_00667,LOT-0018,not_0244,pro_0224,PEMETREXEDUM - pulb. pt.conc. pt. sol. perf.500mg,"PEMETREXEDUM - pulb. pt.conc. pt. sol. perf.500mg , cantitate minima acord = 20 flacoane, cantitate maxima acord = 80 flacoane, cantitate minima contract subsecvent = 5 flacoane, cantitate maxima contract subsecvent = 20 flacoane.",selec-w,,,cat_0193,src_ted_opendata,file_ted_0244,lot:LOT-0018,2026-08-19
lot_00668,LOT-0019,not_0244,pro_0224,TRASTUZUMABUM EMTASINUM - pulb. pt.conc. pt. sol. perf. 100 mg - 15 ml,"TRASTUZUMABUM EMTASINUM - pulb. pt.conc. pt. sol. perf. 100 mg - 15 ml, cantitate minima acord = 25 flacoane, cantitate maxima acord = 100 flacoane, cantitate minima contract subsecvent = 6 flacoane, cantitate maxima contract subsecvent = 25 flacoane.",selec-w,,,cat_0193,src_ted_opendata,file_ted_0244,lot:LOT-0019,2026-08-19
lot_00669,LOT-0020,not_0244,pro_0224,TRASTUZUMABUM EMTASINUM - pulb. pt.conc. pt. sol. perf. 160 mg - 20 ml,"TRASTUZUMABUM EMTASINUM - pulb. pt.conc. pt. sol. perf. 160 mg - 20 ml, cantitate minima acord = 20 flacoane, cantitate maxima acord = 80 flacoane, cantitate minima contract subsecvent = 5 flacoane, cantitate maxima contract subsecvent = 20 flacoane.",selec-w,,,cat_0193,src_ted_opendata,file_ted_0244,lot:LOT-0020,2026-08-19
lot_00670,LOT-0021,not_0244,pro_0224,TRASTUZUMABUM - pulb. pt. conc. pt. sol perf. - 150 mg,"TRASTUZUMABUM - pulb. pt. conc. pt. sol perf. - 150 mg, cantitate minima acord = 20 flacoane, cantitate maxima acord = 80 flacoane, cantitate minima contract subsecvent = 5 flacoane, cantitate maxima contract subsecvent = 20 flacoane.",selec-w,,,cat_0193,src_ted_opendata,file_ted_0244,lot:LOT-0021,2026-08-19
lot_00671,LOT-0001,not_0245,pro_0225,"SERVICIO DE CERTIFICACIÓN, INSPECCIÓN, SEGUIMIENTO Y ASISTENCIA ANTE EL SUMINISTRO DE NUEVO MATERIAL MÓVIL DE GÁLIBO ESTRECHO","SERVICIO DE CERTIFICACIÓN, INSPECCIÓN, SEGUIMIENTO Y ASISTENCIA ANTE EL SUMINISTRO DE NUEVO MATERIAL MÓVIL DE GÁLIBO ESTRECHO",selec-w,7800000,EUR,cat_0194,src_ted_opendata,file_ted_0245,lot:LOT-0001,2026-08-19
lot_00672,LOT-0003,not_0246,pro_0226,3.ochrona obiektów i trenów wojskowych dla jednostek i instytucji wojskowych dyslokowanych w m. Bolesławiec,ochrona obiektów i trenów wojskowych dla jednostek i instytucji wojskowych dyslokowanych w m. Bolesławiec,selec-w,,,cat_0195,src_ted_opendata,file_ted_0246,lot:LOT-0003,2026-08-19
lot_00673,LOT-0001,not_0247,pro_0227,Odbiór i transport odpadów komunalnych oraz usługa obejmująca prowadzenie dwóch Punktów Selektywnego Zbierania Odpadów Komunalnych (PSZOK).,"1. Przedmiotem zamówienia jest świadczenie usługi odbioru i transportu odpadów komunalnych od właścicieli nieruchomości, na których zamieszkują mieszkańcy z terenu Gminy Miasto Ostrów Wielkopolski oraz usługa obejmująca prowadzenie dwóch Punktów Selektywnego Zbierania Odpadów Komunalnych (PSZOK) na terenie miasta Ostrowa Wielkopolskiego. 2. Wykonawca zobowiązany jest do odbierania i transportu: a) niesegregowanych (zmieszanych) odpadów komunalnych, b) odpadów komunalnych zbieranych w sposób selektywny „u źródła” z podziałem na: papier, tworzywa sztuczne, opakowania wielomateriałowe, metale (z zastrzeżeniem, że odpady te zbierane będą łącznie w jednym rodzaju worka lub pojemnika), szkło, bioodpady stanowiące odpady komunalne, c) odpadów komunalnych zbieranych w sposób selektywny w jednostkach wymienionych w załączniku nr 2 i nr 3 z podziałem na: przeterminowane leki, zużyte baterie i akumulatory. 3. System odbierania i transportu odpadów komunalnych nie obejmuje odpadów komunalnych powstających w wyniku prowadzenia działalności gospodarczej. 4. Wykonawca jest zobowiązany wyposażyć wszystkie pojazdy używane do realizacji zamówienia, w urządzenia zapewniające bieżący monitoring pracy bazujący na GPS 5. Wykonawca prowadził będzie na terenie Gminy Miasto Ostrów Wielkopolski dwa Punkty Selektywnego Zbierania Odpadów Komunalnych (PSZOK). Szczegółowy zakres usługi opisuje załącznik Opis przedmiotu zamówienia.",selec-w,,,cat_0008,src_ted_opendata,file_ted_0247,lot:LOT-0001,2026-08-19
lot_00674,LOT-0000,not_0248,pro_0228,Opracowanie kompletnej dokumentacji projektowej dla odcinkowej budowy lewego i prawego wału przeciwpowodziowego rzeki Młynówka wraz z budową bulwarów o łącznej długości ok. 1 330 m oraz budowy suchego zbiornika na rzece Młynówka w km 3+485 w ramach zadania pn.: „Budowa suchego zbiornika na rzece Młynówka w km 3+485”,"Przedmiotem zamówienia jest opracowanie kompletnej dokumentacji projektowo-kosztorysowej dla odcinkowej budowy lewego i prawego wału przeciwpowodziowego rzeki Młynówka wraz z budową bulwarów o łącznej długości ok. 1 330 m oraz budową suchego zbiornika na rzece Młynówka w km 3+485 w ramach zadania pn.: „Budowa suchego zbiornika na rzece Młynówka w km 3+485” wraz z uzyskaniem wszelkich niezbędnych decyzji administracyjnych w tym decyzji o pozwoleniu na realizację inwestycji. Celem przedsięwzięcia jest budowa wałów przeciwpowodziowych i bulwarów na lewym i prawym brzegu rzeki Młynówka wraz z niezbędną infrastrukturą o łącznej długości ok. 1 330 m, a także budowa suchego zbiornika na rzece Młynówce w miejscowości: Trzcinica, Opacie – gm. Jasło, Bączal Dolny – gm. Skołyszyn, powiat jasielski. Zapora czołowa zbiornika planowana jest w km 3+485 rzeki Młynówki, a jego pojemność ma wynieść ok. 515 tyś m3. Szczegółowy opis przedmiotu zamówienia zawiera Załącznik Nr 3 do SWZ.",selec-w,,,cat_0197,src_ted_opendata,file_ted_0248,lot:LOT-0000,2026-08-19
lot_00675,LOT-0001,not_0249,pro_0229,Leki różne V - Pakiet nr 1,Immunoglobuliny,selec-w,,,cat_0018,src_ted_opendata,file_ted_0249,lot:LOT-0001,2026-08-19
lot_00676,LOT-0002,not_0249,pro_0229,Leki różne V - Pakiet nr 2,Nalbuphine,selec-w,,,cat_0018,src_ted_opendata,file_ted_0249,lot:LOT-0002,2026-08-19
lot_00677,LOT-0003,not_0249,pro_0229,Leki różne V - Pakiet nr 3,Leki różne,clos-nw,,,cat_0018,src_ted_opendata,file_ted_0249,lot:LOT-0003,2026-08-19
lot_00678,LOT-0004,not_0249,pro_0229,Leki różne V - Pakiet nr 4,Leki różne,selec-w,,,cat_0018,src_ted_opendata,file_ted_0249,lot:LOT-0004,2026-08-19
lot_00679,LOT-0005,not_0249,pro_0229,Leki różne V - Pakiet nr 5,Leki różne,selec-w,,,cat_0018,src_ted_opendata,file_ted_0249,lot:LOT-0005,2026-08-19
lot_00680,LOT-0001,not_0250,pro_0004,Pakiet 181 Świadczenie usług serwisowania aparatury medycznej,Świadczenie usług serwisowania aparatury medycznej,clos-nw,,,cat_0005,src_ted_opendata,file_ted_0250,lot:LOT-0001,2026-08-19
lot_00681,LOT-0000,not_0251,pro_0230,Suministro de energía eléctrica y la prestación de los servicios energéticos y de mantenimiento con garantía total de las instalaciones de Alumbrado Público Exterior del Ayuntamiento de Burriana,"La actuación global e integrada objeto del contrato contempla la totalidad de los suministros, servicios y obras necesarias para la gestión de los servicios energéticos, incluyendo el suministro, la inversión y el mantenimiento con garantía total, de las instalaciones de alumbrado público exterior, la incorporación de energías renovables y la realización de otros trabajos directamente relacionados con el objeto del contrato.",selec-w,,,cat_0034,src_ted_opendata,file_ted_0251,lot:LOT-0000,2026-08-19
lot_00682,LOT-0002,not_0252,pro_0231,Assurance Maladie perte de gain,Assurance Maladie perte de gain,selec-w,,,cat_0112,src_ted_opendata,file_ted_0252,lot:LOT-0002,2026-08-19
lot_00683,LOT-0000,not_0253,pro_0232,Ville de Sion - AIMP Flotte,Assurance flotte véhicule à moteur,selec-w,,,cat_0081,src_ted_opendata,file_ted_0253,lot:LOT-0000,2026-08-19
lot_00684,LOT-0001,not_0254,pro_0004,Pakiet 140 Świadczenie usług serwisowania aparatury medycznej,Świadczenie usług serwisowania aparatury medycznej,clos-nw,,,cat_0005,src_ted_opendata,file_ted_0254,lot:LOT-0001,2026-08-19
lot_00685,LOT-0001,not_0255,pro_0233,"24N0020 - Maintenance des équipements d'alimentation électrique, d'éclairage et de ventilation des tunnels de la Métropole Nice Côte d'Azur","Accord-cadre à bons de commande : Montant minimum : 600 000,00 €. Montant maximum : 1 800 000,00 €. En valeur en € H.T. Durée (hors reconduction) : 12 mois. Nombre de reconductions éventuelles : 3. Début du marché : À la notification du contrat. Le délai d'exécution de chaque prestation est indiqué dans le bon de commande ou le cas échéant dans le C.C.T.P",selec-w,,,cat_0198,src_ted_opendata,file_ted_0255,lot:LOT-0001,2026-08-19
lot_00686,LOT-0001,not_0256,pro_0234,1. Dostawa odczynników i wzorców laboratoryjnych,Dostawa odczynników i wzorców laboratoryjnych określonych w formularzu cenowym wg załącznika nr 2a do SWZ.,selec-w,,,cat_0088,src_ted_opendata,file_ted_0256,lot:LOT-0001,2026-08-19
lot_00687,LOT-0002,not_0256,pro_0234,2. Dostawa odczynników i wzorców laboratoryjnych,Dostawa odczynników i wzorców laboratoryjnych określonych w formularzu cenowym wg załącznika nr 2b do SWZ.,selec-w,,,cat_0088,src_ted_opendata,file_ted_0256,lot:LOT-0002,2026-08-19
lot_00688,LOT-0003,not_0256,pro_0234,3. Dostawa odczynników i wzorców laboratoryjnych,Dostawa odczynników i wzorców laboratoryjnych określonych w formularzu cenowym wg załącznika nr 2c do SWZ.,selec-w,,,cat_0088,src_ted_opendata,file_ted_0256,lot:LOT-0003,2026-08-19
lot_00689,LOT-0004,not_0256,pro_0234,4. Dostawa odczynników i wzorców laboratoryjnych,Dostawa odczynników i wzorców laboratoryjnych określonych w formularzu cenowym wg załącznika nr 2d do SWZ.,selec-w,,,cat_0088,src_ted_opendata,file_ted_0256,lot:LOT-0004,2026-08-19
lot_00690,LOT-0005,not_0256,pro_0234,5. Dostawa odczynników i wzorców laboratoryjnych,Dostawa odczynników i wzorców laboratoryjnych określonych w formularzu cenowym wg załącznika nr 2e do SWZ.,selec-w,,,cat_0088,src_ted_opendata,file_ted_0256,lot:LOT-0005,2026-08-19
lot_00691,LOT-0006,not_0256,pro_0234,6. Dostawa odczynników i wzorców laboratoryjnych,Dostawa odczynników i wzorców laboratoryjnych określonych w formularzu cenowym wg załącznika nr 2f do SWZ.,selec-w,,,cat_0088,src_ted_opendata,file_ted_0256,lot:LOT-0006,2026-08-19
lot_00692,LOT-0007,not_0256,pro_0234,7. Dostawa odczynników i wzorców laboratoryjnych,Dostawa odczynników i wzorców laboratoryjnych określonych w formularzu cenowym wg załącznika nr 2g do SWZ.,selec-w,,,cat_0088,src_ted_opendata,file_ted_0256,lot:LOT-0007,2026-08-19
lot_00693,LOT-0008,not_0256,pro_0234,8. Dostawa odczynników i wzorców laboratoryjnych,Dostawa odczynników i wzorców laboratoryjnych określonych w formularzu cenowym wg załącznika nr 2h do SWZ.,selec-w,,,cat_0088,src_ted_opendata,file_ted_0256,lot:LOT-0008,2026-08-19
lot_00694,LOT-0009,not_0256,pro_0234,9. Dostawa odczynników i wzorców laboratoryjnych,Dostawa odczynników i wzorców laboratoryjnych określonych w formularzu cenowym wg załącznika nr 2i do SWZ.,selec-w,,,cat_0088,src_ted_opendata,file_ted_0256,lot:LOT-0009,2026-08-19
lot_00695,LOT-0010,not_0256,pro_0234,10. Dostawa odczynników i wzorców laboratoryjnych,Dostawa odczynników i wzorców laboratoryjnych określonych w formularzu cenowym wg załącznika nr 2j do SWZ.,selec-w,,,cat_0088,src_ted_opendata,file_ted_0256,lot:LOT-0010,2026-08-19
lot_00696,LOT-0011,not_0256,pro_0234,11. Dostawa odczynników i wzorców laboratoryjnych,Dostawa odczynników i wzorców laboratoryjnych określonych w formularzu cenowym wg załącznika nr 2k do SWZ.,selec-w,,,cat_0088,src_ted_opendata,file_ted_0256,lot:LOT-0011,2026-08-19
lot_00697,LOT-0012,not_0256,pro_0234,12. Dostawa odczynników i wzorców laboratoryjnych,Dostawa odczynników i wzorców laboratoryjnych określonych w formularzu cenowym wg załącznika nr 2l do SWZ.,selec-w,,,cat_0088,src_ted_opendata,file_ted_0256,lot:LOT-0012,2026-08-19
lot_00698,LOT-0013,not_0256,pro_0234,13. Dostawa odczynników i wzorców laboratoryjnych,Dostawa odczynników i wzorców laboratoryjnych określonych w formularzu cenowym wg załącznika nr 2m do SWZ.,selec-w,,,cat_0088,src_ted_opendata,file_ted_0256,lot:LOT-0013,2026-08-19
lot_00699,LOT-0014,not_0256,pro_0234,14. Dostawa odczynników i wzorców laboratoryjnych,Dostawa odczynników i wzorców laboratoryjnych określonych w formularzu cenowym wg załącznika nr 2n do SWZ.,clos-nw,,,cat_0088,src_ted_opendata,file_ted_0256,lot:LOT-0014,2026-08-19
lot_00700,LOT-0015,not_0256,pro_0234,15. Dostawa odczynników i wzorców laboratoryjnych,Dostawa odczynników i wzorców laboratoryjnych określonych w formularzu cenowym wg załącznika nr 2o do SWZ.,selec-w,,,cat_0088,src_ted_opendata,file_ted_0256,lot:LOT-0015,2026-08-19
lot_00701,LOT-0000,not_0257,pro_0235,09/AQ/AT/2024 - Aquisição de serviços de desenvolvimento aplicacional no âmbito da manutenção corretiva e evolutiva do Sistema de Distribuição da Receita e Despesa (SDRD),09/AQ/AT/2024 - Aquisição de serviços de desenvolvimento aplicacional no âmbito da manutenção corretiva e evolutiva do Sistema de Distribuição da Receita e Despesa (SDRD),clos-nw,,,cat_0049,src_ted_opendata,file_ted_0257,lot:LOT-0000,2026-08-19
lot_00702,LOT-0001,not_0258,pro_0236,część zamówienia nr 1,jałowy sprzęt medyczny jednorazowego użytku. Szczegółowy opis przedmiotu zamówienia Załącznik nr 2 do SWZ,selec-w,33516,PLN,cat_0016,src_ted_opendata,file_ted_0258,lot:LOT-0001,2026-08-19
lot_00703,LOT-0002,not_0258,pro_0236,część zamówienia nr 2,jałowy sprzęt medyczny jednorazowego użytku. Szczegółowy opis przedmiotu zamówienia Załącznik nr 2 do SWZ,selec-w,69110.36,PLN,cat_0016,src_ted_opendata,file_ted_0258,lot:LOT-0002,2026-08-19
lot_00704,LOT-0003,not_0258,pro_0236,część zamówienia nr 3,jałowy sprzęt medyczny jednorazowego użytku. Szczegółowy opis przedmiotu zamówienia Załącznik nr 2 do SWZ,clos-nw,102175.92,PLN,cat_0016,src_ted_opendata,file_ted_0258,lot:LOT-0003,2026-08-19
lot_00705,LOT-0004,not_0258,pro_0236,część zamówienia nr 4,jałowy sprzęt medyczny jednorazowego użytku. Szczegółowy opis przedmiotu zamówienia Załącznik nr 2 do SWZ,selec-w,48900,PLN,cat_0016,src_ted_opendata,file_ted_0258,lot:LOT-0004,2026-08-19
lot_00706,LOT-0005,not_0258,pro_0236,część zamówienia nr 5,jałowy sprzęt medyczny jednorazowego użytku. Szczegółowy opis przedmiotu zamówienia Załącznik nr 2 do SWZ,selec-w,30000,PLN,cat_0016,src_ted_opendata,file_ted_0258,lot:LOT-0005,2026-08-19
lot_00707,LOT-0006,not_0258,pro_0236,część zamówienia nr 6,jałowy sprzęt medyczny jednorazowego użytku. Szczegółowy opis przedmiotu zamówienia Załącznik nr 2 do SWZ,selec-w,5940,PLN,cat_0016,src_ted_opendata,file_ted_0258,lot:LOT-0006,2026-08-19
lot_00708,LOT-0007,not_0258,pro_0236,część zamówienia nr 7,jałowy sprzęt medyczny jednorazowego użytku. Szczegółowy opis przedmiotu zamówienia Załącznik nr 2 do SWZ,selec-w,63684,PLN,cat_0016,src_ted_opendata,file_ted_0258,lot:LOT-0007,2026-08-19
lot_00709,LOT-0008,not_0258,pro_0236,część zamówienia nr 8,jałowy sprzęt medyczny jednorazowego użytku. Szczegółowy opis przedmiotu zamówienia Załącznik nr 2 do SWZ,selec-w,8060.64,PLN,cat_0016,src_ted_opendata,file_ted_0258,lot:LOT-0008,2026-08-19
lot_00710,LOT-0009,not_0258,pro_0236,część zamówienia nr 9,jałowy sprzęt medyczny jednorazowego użytku. Szczegółowy opis przedmiotu zamówienia Załącznik nr 2 do SWZ,selec-w,192964.8,PLN,cat_0016,src_ted_opendata,file_ted_0258,lot:LOT-0009,2026-08-19
lot_00711,LOT-0010,not_0258,pro_0236,część zamówienia nr 10,jałowy sprzęt medyczny jednorazowego użytku. Szczegółowy opis przedmiotu zamówienia Załącznik nr 2 do SWZ,selec-w,32760,PLN,cat_0016,src_ted_opendata,file_ted_0258,lot:LOT-0010,2026-08-19
lot_00712,LOT-0011,not_0258,pro_0236,część zamówienia nr 11,jałowy sprzęt medyczny jednorazowego użytku. Szczegółowy opis przedmiotu zamówienia Załącznik nr 2 do SWZ,clos-nw,27183.12,PLN,cat_0016,src_ted_opendata,file_ted_0258,lot:LOT-0011,2026-08-19
lot_00713,LOT-0012,not_0258,pro_0236,część zamówienia nr 12,jałowy sprzęt medyczny jednorazowego użytku. Szczegółowy opis przedmiotu zamówienia Załącznik nr 2 do SWZ,selec-w,2161.73,PLN,cat_0016,src_ted_opendata,file_ted_0258,lot:LOT-0012,2026-08-19
lot_00714,LOT-0013,not_0258,pro_0236,część zamówienia nr 13,jałowy sprzęt medyczny jednorazowego użytku. Szczegółowy opis przedmiotu zamówienia Załącznik nr 2 do SWZ,clos-nw,37500,PLN,cat_0016,src_ted_opendata,file_ted_0258,lot:LOT-0013,2026-08-19
lot_00715,LOT-0014,not_0258,pro_0236,część zamówienia nr 14,jałowy sprzęt medyczny jednorazowego użytku. Szczegółowy opis przedmiotu zamówienia Załącznik nr 2 do SWZ,clos-nw,8310,PLN,cat_0016,src_ted_opendata,file_ted_0258,lot:LOT-0014,2026-08-19
lot_00716,LOT-0015,not_0258,pro_0236,część zamówienia nr 15,jałowy sprzęt medyczny jednorazowego użytku. Szczegółowy opis przedmiotu zamówienia Załącznik nr 2 do SWZ,selec-w,95868,PLN,cat_0016,src_ted_opendata,file_ted_0258,lot:LOT-0015,2026-08-19
lot_00717,LOT-0016,not_0258,pro_0236,część zamówienia nr 16,jałowy sprzęt medyczny jednorazowego użytku. Szczegółowy opis przedmiotu zamówienia Załącznik nr 2 do SWZ,clos-nw,5292,PLN,cat_0016,src_ted_opendata,file_ted_0258,lot:LOT-0016,2026-08-19
lot_00718,LOT-0017,not_0258,pro_0236,część zamówienia nr 17,jałowy sprzęt medyczny jednorazowego użytku. Szczegółowy opis przedmiotu zamówienia Załącznik nr 2 do SWZ,selec-w,25583.8,PLN,cat_0016,src_ted_opendata,file_ted_0258,lot:LOT-0017,2026-08-19
lot_00719,LOT-0018,not_0258,pro_0236,część zamówienia nr 18,jałowy sprzęt medyczny jednorazowego użytku. Szczegółowy opis przedmiotu zamówienia Załącznik nr 2 do SWZ,selec-w,13000,PLN,cat_0016,src_ted_opendata,file_ted_0258,lot:LOT-0018,2026-08-19
lot_00720,LOT-0019,not_0258,pro_0236,część zamówienia nr 19,jałowy sprzęt medyczny jednorazowego użytku. Szczegółowy opis przedmiotu zamówienia Załącznik nr 2 do SWZ,selec-w,2860,PLN,cat_0016,src_ted_opendata,file_ted_0258,lot:LOT-0019,2026-08-19
lot_00721,LOT-0001,not_0259,pro_0237,Dostawa wodorowęglanu sodu do suchego oczyszczania spalin w Stacji Termicznej Utylizacji Osadów Ściekowych,Dostawa wodorowęglanu sodu do suchego oczyszczania spalin w Stacji Termicznej Utylizacji Osadów Ściekowych,selec-w,,,cat_0199,src_ted_opendata,file_ted_0259,lot:LOT-0001,2026-08-19
lot_00722,LOT-0001,not_0260,pro_0238,"Część I zamówienia – Odbieranie i zagospodarowanie odpadów komunalnych od właścicieli nieruchomości, na których zamieszkują mieszkańcy na terenie gminy Popielów","Odbiór, transport i zagospodarowanie odpadów komunalnych od właścicieli nieruchomości zamieszkałych, na terenie Gminy Popielów niezależnie od ich ilości w sposób zgodny z przepisami ustawy z dnia 13 września 1996 r. o utrzymaniu czystości i porządku w gminach, ustawy z dnia 14 grudnia 2012 r. o odpadach oraz przepisami Regulaminu utrzymania czystości i porządku na terenie Gminy Popielów.",selec-w,,,cat_0022,src_ted_opendata,file_ted_0260,lot:LOT-0001,2026-08-19
lot_00723,LOT-0002,not_0260,pro_0238,Część II zamówienia – Odbiór i zagospodarowanie odpadów komunalnych z Punktu Selektywnego Zbierania Odpadów Komunalnych,"Odbiór, transport i zagospodarowanie odpadów komunalnych pochodzących z Punktu Selektywnego Zbierania Odpadów Komunalnych (PSZOK).",selec-w,,,cat_0022,src_ted_opendata,file_ted_0260,lot:LOT-0002,2026-08-19
lot_00724,LOT-0003,not_0260,pro_0238,Część III zamówienia – Odbiór i zagospodarowanie odpadów z terenów komunalnych i Centrów Recyklingu,"Przedmiotem zamówienia jest wykonanie usługi polegającej na opróżnianiu (odbieraniu), transporcie i zagospodarowaniu odpadów komunalnych zgromadzonych w pojemnikach przeznaczonych do selektywnej zbiórki, pojemnikach na odpady zmieszane oraz z Centrów Recyklingu zlokalizowanych na terenie Gminy Popielów.",selec-w,,,cat_0022,src_ted_opendata,file_ted_0260,lot:LOT-0003,2026-08-19
lot_00725,LOT-0001,not_0261,pro_0239,Elektrody do elektrostymulatorów do EMG,"1. Przedmiotem zamówienia jest dostawa materiałów eksploatacyjnych do aparatury medycznej - część nr 1: Elektrody do elektrostymulatorów do EMG . 2. Szczegółowy opis przedmiotu zamówienia zawierający informację o asortymencie, ilości i wymogach został określony w Załączniku do SWZ - formularz asortymentowo-cenowy. 3. Zamawiający dopuszcza składanie ofert równoważnych. 4. Wyroby dostarczane podczas realizacji umowy muszą być identyczne z wyrobami zaoferowanymi w ofercie przetargowej. 5. Przedmiot zamówienia dostarczony będzie na koszt, ryzyko i transportem Wykonawcy. 6. Warunki realizacji Przedmiotu Zamówienia zawarte zostały również w projektowanych postanowieniach umowy, stanowiących Załącznikach do SWZ. 7. Zamawiający zastrzega możliwość skorzystania z prawa opcji. Szczegółowy opis oraz zakres prawa opcji został opisany w projektowanych postanowieniach umowy stanowiących załącznik do SWZ (dla części 1-6)",clos-nw,,,cat_0100,src_ted_opendata,file_ted_0261,lot:LOT-0001,2026-08-19
lot_00726,LOT-0002,not_0261,pro_0239,Akcesoria do aparatów do elektrochirurgii,"1. Przedmiotem zamówienia jest dostawa materiałów eksploatacyjnych do aparatury medycznej - część nr 2: Akcesoria do aparatów do elektrochirurgii 2. Szczegółowy opis przedmiotu zamówienia zawierający informację o asortymencie, ilości i wymogach został określony w Załączniku do SWZ - formularz asortymentowo-cenowy. 3. Zamawiający dopuszcza składanie ofert równoważnych. 4. Wyroby dostarczane podczas realizacji umowy muszą być identyczne z wyrobami zaoferowanymi w ofercie przetargowej. 5. Przedmiot zamówienia dostarczony będzie na koszt, ryzyko i transportem Wykonawcy. 6. Warunki realizacji Przedmiotu Zamówienia zawarte zostały również w projektowanych postanowieniach umowy, stanowiących Załącznikach do SWZ. 7. Zamawiający zastrzega możliwość skorzystania z prawa opcji. Szczegółowy opis oraz zakres prawa opcji został opisany w projektowanych postanowieniach umowy stanowiących załącznik do SWZ (dla części 1-6)",selec-w,,,cat_0100,src_ted_opendata,file_ted_0261,lot:LOT-0002,2026-08-19
lot_00727,LOT-0003,not_0261,pro_0239,Akcesoria do zasilaczy opasek uciskowych,"1. Przedmiotem zamówienia jest dostawa materiałów eksploatacyjnych do aparatury medycznej - część nr 3: Akcesoria do zasilaczy opasek uciskowych. 2. Szczegółowy opis przedmiotu zamówienia zawierający informację o asortymencie, ilości i wymogach został określony w Załączniku do SWZ - formularz asortymentowo-cenowy. 3. Zamawiający dopuszcza składanie ofert równoważnych. 4. Wyroby dostarczane podczas realizacji umowy muszą być identyczne z wyrobami zaoferowanymi w ofercie przetargowej. 5. Przedmiot zamówienia dostarczony będzie na koszt, ryzyko i transportem Wykonawcy. 6. Warunki realizacji Przedmiotu Zamówienia zawarte zostały również w projektowanych postanowieniach umowy, stanowiących Załącznikach do SWZ. 7. Zamawiający zastrzega możliwość skorzystania z prawa opcji. Szczegółowy opis oraz zakres prawa opcji został opisany w projektowanych postanowieniach umowy stanowiących załącznik do SWZ (dla części 1-6)",selec-w,,,cat_0100,src_ted_opendata,file_ted_0261,lot:LOT-0003,2026-08-19
lot_00728,LOT-0004,not_0261,pro_0239,Opaski do zasilaczy opasek VBM Tourniquet TT20,"1. Przedmiotem zamówienia jest dostawa materiałów eksploatacyjnych do aparatury medycznej - część nr 4: Opaski do zasilaczy opasek VBM Tourniquet TT20. 2. Szczegółowy opis przedmiotu zamówienia zawierający informację o asortymencie, ilości i wymogach został określony w Załączniku do SWZ - formularz asortymentowo-cenowy. 3. Zamawiający dopuszcza składanie ofert równoważnych. 4. Wyroby dostarczane podczas realizacji umowy muszą być identyczne z wyrobami zaoferowanymi w ofercie przetargowej. 5. Przedmiot zamówienia dostarczony będzie na koszt, ryzyko i transportem Wykonawcy. 6. Warunki realizacji Przedmiotu Zamówienia zawarte zostały również w projektowanych postanowieniach umowy, stanowiących Załącznikach do SWZ. 7. Zamawiający zastrzega możliwość skorzystania z prawa opcji. Szczegółowy opis oraz zakres prawa opcji został opisany w projektowanych postanowieniach umowy stanowiących załącznik do SWZ (dla części 1-6)",selec-w,,,cat_0100,src_ted_opendata,file_ted_0261,lot:LOT-0004,2026-08-19
lot_00729,LOT-0005,not_0261,pro_0239,Osłony do lamp operacyjnych Simled,"1. Przedmiotem zamówienia jest dostawa materiałów eksploatacyjnych do aparatury medycznej - część nr 5: Osłony do lamp operacyjnych Simled. 2. Szczegółowy opis przedmiotu zamówienia zawierający informację o asortymencie, ilości i wymogach został określony w Załączniku do SWZ - formularz asortymentowo-cenowy. 3. Zamawiający dopuszcza składanie ofert równoważnych. 4. Wyroby dostarczane podczas realizacji umowy muszą być identyczne z wyrobami zaoferowanymi w ofercie przetargowej. 5. Przedmiot zamówienia dostarczony będzie na koszt, ryzyko i transportem Wykonawcy. 6. Warunki realizacji Przedmiotu Zamówienia zawarte zostały również w projektowanych postanowieniach umowy, stanowiących Załącznikach do SWZ. 7. Zamawiający zastrzega możliwość skorzystania z prawa opcji. Szczegółowy opis oraz zakres prawa opcji został opisany w projektowanych postanowieniach umowy stanowiących załącznik do SWZ (dla części 1-6)",selec-w,,,cat_0100,src_ted_opendata,file_ted_0261,lot:LOT-0005,2026-08-19
lot_00730,LOT-0006,not_0261,pro_0239,Sondy do kriolezji,"1. Przedmiotem zamówienia jest dostawa materiałów eksploatacyjnych do aparatury medycznej - część nr 6:Sondy do kriolezji 2. Szczegółowy opis przedmiotu zamówienia zawierający informację o asortymencie, ilości i wymogach został określony w Załączniku do SWZ - formularz asortymentowo-cenowy. 3. Zamawiający dopuszcza składanie ofert równoważnych. 4. Wyroby dostarczane podczas realizacji umowy muszą być identyczne z wyrobami zaoferowanymi w ofercie przetargowej. 5. Przedmiot zamówienia dostarczony będzie na koszt, ryzyko i transportem Wykonawcy. 6. Warunki realizacji Przedmiotu Zamówienia zawarte zostały również w projektowanych postanowieniach umowy, stanowiących Załącznikach do SWZ. 7. Zamawiający zastrzega możliwość skorzystania z prawa opcji. Szczegółowy opis oraz zakres prawa opcji został opisany w projektowanych postanowieniach umowy stanowiących załącznik do SWZ (dla części 1-6)",selec-w,,,cat_0100,src_ted_opendata,file_ted_0261,lot:LOT-0006,2026-08-19
lot_00731,LOT-0007,not_0261,pro_0239,Mankiety do NIBP,"1. Przedmiotem zamówienia jest dostawa materiałów eksploatacyjnych do aparatury medycznej - część nr 7: Mankiety do NIBP. 2. Szczegółowy opis przedmiotu zamówienia zawierający informację o asortymencie, ilości i wymogach został określony w Załączniku do SWZ - formularz asortymentowo-cenowy. 3. Zamawiający dopuszcza składanie ofert równoważnych. 4. Wyroby dostarczane podczas realizacji umowy muszą być identyczne z wyrobami zaoferowanymi w ofercie przetargowej. 5. Przedmiot zamówienia dostarczony będzie na koszt, ryzyko i transportem Wykonawcy. 6. Warunki realizacji Przedmiotu Zamówienia zawarte zostały również w projektowanych postanowieniach umowy, stanowiących Załącznikach do SWZ.",selec-w,,,cat_0100,src_ted_opendata,file_ted_0261,lot:LOT-0007,2026-08-19
lot_00732,LOT-0008,not_0261,pro_0239,Pojemnik do akumulatorów do wiertarek Stryker CD S8,"1. Przedmiotem zamówienia jest dostawa materiałów eksploatacyjnych do aparatury medycznej - część nr 8: Pojemnik do akumulatorów do wiertarek Stryker CD S8. 2. Szczegółowy opis przedmiotu zamówienia zawierający informację o asortymencie, ilości i wymogach został określony w Załącznikach do SWZ - formularz asortymentowo-cenowy. 3. Zamawiający dopuszcza składanie ofert równoważnych. 4. Wyroby dostarczane podczas realizacji umowy muszą być identyczne z wyrobami zaoferowanymi w ofercie przetargowej. 5. Przedmiot zamówienia dostarczony będzie na koszt, ryzyko i transportem Wykonawcy. 6. Warunki realizacji Przedmiotu Zamówienia zawarte zostały również w projektowanych postanowieniach umowy, stanowiących Załącznikach do SWZ.",selec-w,,,cat_0100,src_ted_opendata,file_ted_0261,lot:LOT-0008,2026-08-19
lot_00733,LOT-0009,not_0261,pro_0239,Akcesoria do aparatów do elektrochirurgii Erbe,"1. Przedmiotem zamówienia jest dostawa materiałów eksploatacyjnych do aparatury medycznej - część nr 9: Akcesoria do aparatów do elektrochirurgii Erbe. 2. Szczegółowy opis przedmiotu zamówienia zawierający informację o asortymencie, ilości i wymogach został określony w Załączniku do SWZ - formularz asortymentowo-cenowy. 3. Zamawiający dopuszcza składanie ofert równoważnych. 4. Wyroby dostarczane podczas realizacji umowy muszą być identyczne z wyrobami zaoferowanymi w ofercie przetargowej. 5. Przedmiot zamówienia dostarczony będzie na koszt, ryzyko i transportem Wykonawcy. 6. Warunki realizacji Przedmiotu Zamówienia zawarte zostały również w projektowanych postanowieniach umowy, stanowiących Załącznikach do SWZ.",selec-w,,,cat_0100,src_ted_opendata,file_ted_0261,lot:LOT-0009,2026-08-19
lot_00734,LOT-0001,not_0262,pro_0004,Pakiet 23 Świadczenie usług serwisowania aparatury medycznej,Świadczenie usług serwisowania aparatury medycznej,clos-nw,,,cat_0005,src_ted_opendata,file_ted_0262,lot:LOT-0001,2026-08-19
lot_00735,LOT-0000,not_0263,pro_0240,qPCR -laitteistot,"HUS-yhtymä pyytää tarjouksia kvantitatiivisista Real Time PCR (qPCR) -laitteistoista. qPCR-tutkimuksia käytetään yhä laajemmin erilaisissa perinnöllisten ja syöpäkudoksen geenimuutosten tutkimuksissa sekä syövän jäännöstautitutkimuksissa. Hankittavien qPCR-laitteistojen käyttötarkoitus on laajentaa diagnostisen laboratorion omavalmisteanalytiikan vaatimukset täyttävän qPCR-tuotannon kapasiteettia. Laitteelta ei edellytetä CE-IVD-merkintää, vaan esimerkiksi RUO-merkintä on riittävä. Hankittavien qPCR-laitteistojen tulee mahdollistaa sekä 96 - että 384 -kuoppalevyformaattisten PCR-levyjen vaihtoehtoisen käytön vaihtoblokkeja hyödyntäen. Hankittavan qPCR–laitteiston tai siihen liitetyn tietokoneen/palvelimen tulee kyetä vastaanottamaan ulkoisen järjestelmän tuottamia työlistoja, joissa laitteelle tuodaan sarjan ajotiedot, sisältäen vähintään potilastunnisteet, niiden sijainti kuoppalevyllä, sekä käytettävät merkkiaineet. Näitä näytetunnisteita vastaavat tulokset tulee voida siirtää laitteelta tai siihen liitetyltä tietokoneelta/palvelimelta ulkopuolista käsittelyä varten esim. .txt, .CSV tai Excel -muodossa. Hankintaan sisältyy kaksi (2) qPCR–laitteistoa sisältäen laitteen lisäksi tarvittavan työaseman/tietokoneen ja analyysi-, tiedonkäsittely- ja tiedontulkintaohjelmistot sekä laitteiden takuuajan jälkeisen huollon sopimusajaksi. Hankinta sisältää myös kaksi (2) tilaajan toimesta vaihdettavaa vaihtoblokkia niin, että kummallakin laitteella on mahdollista analysoida sekä 96- että 384-paikkaisia kuoppalevyjä. Tämän lisäksi tarjoajan tulee tarjota optiona kahden (2) vastaavan laitekokonaisuuden hankkimiseen vuosien 2025–2027 aikana. Hankittavien qPCR–laitteistojen tulee soveltua diagnostisessa omavalmisteanalytiikassa muodostuvan qPCR-tiedon tuottamiseen, tallentamiseen, hallintaan ja käsittelyyn terveydenhuollossa paikallisen ja EU-lainsäädännön edellyttämällä tavalla. qPCR–laitteistot sijoitetaan HUS:n Genetiikan laboratorioon osoitteeseen Topeliuksenkatu 32, 00290 Helsinki. Kyseessä on kokonaishankinta, jossa hankinnan kohteena on qPCR – laitteistokokonaisuus, joka koostuu kahden samanlaisen qPCR – laitteiston, kahden vaihtoblokin ja niille tarkoitetun huoltosopimuksen muodostamasta kokonaisuudesta, eikä hankintaa voida jakaa osiin. Hankinnassa valitaan yksi (1) toimittaja. Hankintayksikön tarkoituksena on tilata qPCR-laitteistokokonaisuus mahdollisimman pian. Tarjouspyynnöllä esitetty on vain tiedoksi annettava tavoite, eikä suunniteltu aikataulu sido hankintayksikköä. Tarkempi aikataulu sovitaan tilauksen tekemisen yhteydessä. Sopimukseen sisältyy optio hankkia 2 (kaksi) lisälaitekokonaisuutta vuosina 2025–2027 huoltosopimuksineen. Hankintayksikkö päättää mahdollisesta option hankkimisesta erikseen. Hankinnan kohde ja sitä koskevat vaatimukset on kuvattu yksityiskohtaisesti tarjouspyynnössä ja sen liitteissä.",selec-w,320000,EUR,cat_0200,src_ted_opendata,file_ted_0263,lot:LOT-0000,2026-08-19
lot_00736,LOT-0001,not_0264,pro_0241,Achizitie echipamente TIC pentru cabinete si ateliere scolare,"Valoarea totala estimata pentru dotarea cu echipamente TIC a celor 5 cabinete si a unui atelier este de 170.000,00 lei (excl. TVA), conform contract de finantare cod F-PNRR-Dotari-2023-0673 și caiet de sarcini atasat prezentei documentatii.",selec-w,,,cat_0201,src_ted_opendata,file_ted_0264,lot:LOT-0001,2026-08-19
lot_00737,LOT-0002,not_0264,pro_0241,Achizitie echipamente TIC pentru laboratoare informatica,"Valoarea totala estimata pentru dotarea cu echipamente TIC a celor 6 laboratoare de informatica este de 484.806,78 lei (excl. TVA), conform contract de finantare cod F-PNRR-Dotari-2023-0673 și caiet de sarcini atasat prezentei documentatii.",selec-w,,,cat_0201,src_ted_opendata,file_ted_0264,lot:LOT-0002,2026-08-19
lot_00738,LOT-0003,not_0264,pro_0241,Achizitie echipamente TIC pentru laboratoare stiinte,"Valoarea totala estimata pentru dotarea cu echipamente TIC a celor 4 laboratoare de stiinte este de 108.053,60 lei (excl. TVA), conform contract de finantare cod F-PNRR-Dotari-2023-0673 și caiet de sarcini atasat prezentei documentatii.",selec-w,,,cat_0201,src_ted_opendata,file_ted_0264,lot:LOT-0003,2026-08-19
lot_00739,LOT-0004,not_0264,pro_0241,Achizitie echipamente TIC pentru sali clasa,"Valoarea totala estimata pentru dotarea cu echipamente TIC a celor 92 sali de clasa este de 1.845.000,00 lei (excl. TVA), conform contract de finantare cod F-PNRR-Dotari-2023-0673 și caiet de sarcini atasat prezentei documentatii.",selec-w,,,cat_0201,src_ted_opendata,file_ted_0264,lot:LOT-0004,2026-08-19
lot_00740,LOT-0001,not_0265,pro_0242,Zakup i dostawa odczynników wraz z dzierżawą systemu biochemiczno-immunologicznego na okres 36 miesięcy w tym: – Dwa automatyczne systemy biochemiczno-immunologiczne /z modułem ISE/ – Sorter próbek zintegrowany z systemami biochemiczno-immunochemicznymi – stacja do uzdatniania wody jako wyposażenie systemu oraz dostosowanie pomieszczeń laboratoryjnych w celu wdrożenia systemu .,Zakup i dostawa odczynników wraz z dzierżawą systemu biochemiczno-immunologicznego na okres 36 miesięcy w tym: – Dwa automatyczne systemy biochemiczno-immunologiczne /z modułem ISE/ – Sorter próbek zintegrowany z systemami biochemiczno-immunochemicznymi – stacja do uzdatniania wody jako wyposażenie systemu oraz dostosowanie pomieszczeń laboratoryjnych w celu wdrożenia systemu .,selec-w,,,cat_0088,src_ted_opendata,file_ted_0265,lot:LOT-0001,2026-08-19
lot_00741,LOT-0000,not_0266,pro_0243,Mededingingsprocedure met onderhandeling (ontwerp)Wijziging omgevingsplan Ecofactorij II met onderliggende onderzoeken,"Opdracht is niet opgedeeld in percelen, zie Beschrijvend document",selec-w,940000.0,EUR,cat_0146,src_ted_opendata,file_ted_0266,lot:LOT-0000,2026-08-19
lot_00742,LOT-0001,not_0267,pro_0244,Produits surgelés,Fournitures de produits surgelés,selec-w,37500,EUR,cat_0060,src_ted_opendata,file_ted_0267,lot:LOT-0001,2026-08-19
lot_00743,LOT-0002,not_0267,pro_0244,Epicerie et boissons,Fournitures de produits d'épicerie et boissons,selec-w,21250,EUR,cat_0060,src_ted_opendata,file_ted_0267,lot:LOT-0002,2026-08-19
lot_00744,LOT-0003,not_0267,pro_0244,Autres denrées alimentaires,Fournitures de denrées diverses,selec-w,57500,EUR,cat_0060,src_ted_opendata,file_ted_0267,lot:LOT-0003,2026-08-19
lot_00745,LOT-0004,not_0267,pro_0244,Produits laitiers et ovoproduits,Fournitures de denrées alimentaires laitiers et ovoproduits,selec-w,32500,EUR,cat_0060,src_ted_opendata,file_ted_0267,lot:LOT-0004,2026-08-19
lot_00746,LOT-0005,not_0267,pro_0244,Traiteur frais,Fournitures de produits traiteur en frais,selec-w,6250,EUR,cat_0060,src_ted_opendata,file_ted_0267,lot:LOT-0005,2026-08-19
lot_00747,LOT-0006,not_0267,pro_0244,Produits issu de l'agriculture biologique,Fournitures de denrées alimentaires issu de l'agriculture biologique,selec-w,65000,EUR,cat_0060,src_ted_opendata,file_ted_0267,lot:LOT-0006,2026-08-19
lot_00748,LOT-0001,not_0268,pro_0245,Odbiór i zagospodarowanie odpadów komunalnych z nieruchomości zamieszkałych na terenie Gminy Krzepice,"Przedmiotem zamówienia jest świadczenie usługi polegającej na odbiorze, transporcie i zagospodarowaniu wskazanych w pkt 3 i 4 odpadów komunalnych gromadzonych na terenie wszystkich nieruchomości, na których zamieszkują mieszkańcy, położonych na terenie gminy Krzepice oraz odbiór, transport i zagospodarowanie odpadów z Punktu Selektywnej Zbiórki Odpadów Komunalnych. Orientacyjna liczba punktów wywozowych, z których należy odebrać odpady komunalne wynosi około 2 646. Zamówienie nie obejmuje odbioru i zagospodarowania powstających na nieruchomościach zamieszkałych odpadów pochodzących z robót budowlanych i remontowych i pozostałych frakcji odpadów niewymienionych w pkt 3 i 4 rozdziału I zał. nr 3 do SWZ. Szczegółowy opis i zakres przedmiotu zamówienia określono w zał. nr 3 do SWZ.",selec-w,2206365,PLN,cat_0202,src_ted_opendata,file_ted_0268,lot:LOT-0001,2026-08-19
lot_00749,LOT-0001,not_0269,pro_0246,725643 Siurblių remonto ir metalo gaminių apdirbimo paslaugos,Siurblių remonto ir metalo gaminių apdirbimo paslaugos,selec-w,335000.00,EUR,cat_0005,src_ted_opendata,file_ted_0269,lot:LOT-0001,2026-08-19
lot_00750,LOT-0001,not_0270,pro_0247,Bezirk Nord-Ost,"Rahmenvertrag für Tiefbauarbeiten für Neubau, Instandsetzung und Störungsbeseitigung (einschl. Rufbereitschaft) an Versorgungsleitungen im Stadtgebiet Wuppertal",selec-w,,,cat_0203,src_ted_opendata,file_ted_0270,lot:LOT-0001,2026-08-19
lot_00751,LOT-0002,not_0270,pro_0247,Bezirk Süd-Ost,"Rahmenvertrag für Tiefbauarbeiten für Neubau, Instandsetzung und Störungsbeseitigung (einschl. Rufbereitschaft) an Versorgungsleitungen im Stadtgebiet Wuppertal",selec-w,,,cat_0203,src_ted_opendata,file_ted_0270,lot:LOT-0002,2026-08-19
lot_00752,LOT-0000,not_0271,pro_0248,Prijevoz učenika OŠ nad kojima osnivačka prava ima Bjelovarsko-bilogorska županija,"Predmet nabave je usluga prijevoza učenika osnovnih škola nad kojima osnivačka prava ima Bjelovarsko-bilogorska županija (u nastavku: Škole), na nastavu i s nastave, svakog nastavnog dana, u razdoblju od 01. prosinca 2024. godine do kraja školske godine 2024./2025., odnosno do 31.08.2025. godine. Ponuditelj je obvezan pružiti uslugu prijevoza učenika putem posebnog linijskog prijevoza sukladno priloženom troškovniku i ostalim uvjetima iz dokumentacije o nabavi, od mjesta stanovanja učenika do škole i po završetku nastave od škole do mjesta stanovanja. U slučaju promjene naziva, ukidanja, pripajanja, preustroja pojedine škole, odnosno drugih sličnih situacija, određenih zakonom ili drugim propisima kojima dolazi do promjene u djelokrugu rada i nadležnosti škole i Naručitelja, sva prava i obveze vezana uz ovaj predmet nabave i sklopljeni ugovor o javnoj nabavi, prelaze na pravnog slijednika ili slijednike sukladno njihovom međusobnom sporazumu.",selec-w,1260000.00,EUR,cat_0164,src_ted_opendata,file_ted_0271,lot:LOT-0000,2026-08-19
lot_00753,LOT-0001,not_0272,pro_0249,Tunnel de Viandes Renforcement par coques L590 (Départ 82),TRAVAUX DE TUNNEL DE VIANDES,selec-w,,,cat_0204,src_ted_opendata,file_ted_0272,lot:LOT-0001,2026-08-19
lot_00754,LOT-0002,not_0273,pro_0250,"Kaniule dożylne, koreczki, zamknięty system dostępu naczyniowego","1. Przedmiotem zamówienia są dostawy materiałów medycznych jednorazowego użytku: kaniul dożylnych, koreczków, zamkniętego systemu dostępu naczyniowego. 2. Szczegółowy opis przedmiotów zamówienia oraz orientacyjne ilości dostaw w okresie objętym zamówieniem został zawarty w Formularzu cenowo – ofertowym dla Części nr 1 (Załącznik nr 1 do SWZ), będącym integralną częścią SWZ. 3. Zakres zamówienia obejmuje dostawę przedmiotów zamówienia w ilościach wyszczególnionych w Formularzu cenowo – ofertowym na okres 24 miesięcy. 4. Zamawiający nie dopuszcza składania ofert równoważnych Części nr 1. 5. Dostawa przedmiotów zamówienia w Części nr 1 - przez 24 miesiące licząc od daty zawarcia umowy; Zamawiający dopuszcza możliwość zmiany terminu obowiązywania umowy w przypadku nie zrealizowania w okresie umowy całości przedmiotu umowy wskutek realizacji niższych zamówień. Zmiana umowy wymaga aneksu, z tym że Zamawiający jednostronnie zawiadamia Wykonawcę o proponowanym przedłużeniu umowy przed upływem terminu na jaki została ona zawarta.",selec-w,,,cat_0100,src_ted_opendata,file_ted_0273,lot:LOT-0002,2026-08-19
lot_00755,LOT-0003,not_0273,pro_0250,Worek na zwłoki,"1. Przedmiotem zamówienia są dostawy materiałów medycznych jednorazowego użytku: worków na zwłoki. 2. Szczegółowy opis przedmiotów zamówienia oraz orientacyjne ilości dostaw w okresie objętym zamówieniem został zawarty w Formularzu cenowo – ofertowym dla Części nr 2 (Załącznik nr 1 do SWZ), będącym integralną częścią SWZ. 3. Zakres zamówienia obejmuje dostawę przedmiotów zamówienia w ilościach wyszczególnionych w Formularzu cenowo – ofertowym na okres 24 miesięcy. 4. Zamawiający nie dopuszcza składania ofert równoważnych Części nr 2. 5. Dostawa przedmiotów zamówienia w Części nr 2 - przez 24 miesiące licząc od daty zawarcia umowy; Zamawiający dopuszcza możliwość zmiany terminu obowiązywania umowy w przypadku nie zrealizowania w okresie umowy całości przedmiotu umowy wskutek realizacji niższych zamówień. Zmiana umowy wymaga aneksu, z tym że Zamawiający jednostronnie zawiadamia Wykonawcę o proponowanym przedłużeniu umowy przed upływem terminu na jaki została ona zawarta.",clos-nw,,,cat_0100,src_ted_opendata,file_ted_0273,lot:LOT-0003,2026-08-19
lot_00756,LOT-0004,not_0273,pro_0250,Ubranie operacyjne jednorazowego użytku,"1. Przedmiotem zamówienia są dostawy materiałów medycznych jednorazowego użytku: ubrań operacyjnych jednorazowego użytku. 2. Szczegółowy opis przedmiotów zamówienia oraz orientacyjne ilości dostaw w okresie objętym zamówieniem został zawarty w Formularzu cenowo – ofertowym dla Części nr 3 (Załącznik nr 1 do SWZ), będącym integralną częścią SWZ. 3. Zakres zamówienia obejmuje dostawę przedmiotów zamówienia w ilościach wyszczególnionych w Formularzu cenowo – ofertowym na okres 24 miesięcy. 4. Zamawiający nie dopuszcza składania ofert równoważnych Części nr 3. 5. Dostawa przedmiotów zamówienia w Części nr 3 - przez 24 miesiące licząc od daty zawarcia umowy; Zamawiający dopuszcza możliwość zmiany terminu obowiązywania umowy w przypadku nie zrealizowania w okresie umowy całości przedmiotu umowy wskutek realizacji niższych zamówień. Zmiana umowy wymaga aneksu, z tym że Zamawiający jednostronnie zawiadamia Wykonawcę o proponowanym przedłużeniu umowy przed upływem terminu na jaki została ona zawarta.",selec-w,,,cat_0100,src_ted_opendata,file_ted_0273,lot:LOT-0004,2026-08-19
lot_00757,LOT-0005,not_0273,pro_0250,"Akcesoria onkologiczne, systemy bezigłowe","1. Przedmiotem zamówienia są dostawy materiałów medycznych jednorazowego użytku: akcesoriów onkologicznych, systemów bezigłowych. 2. Szczegółowy opis przedmiotów zamówienia oraz orientacyjne ilości dostaw w okresie objętym zamówieniem został zawarty w Formularzu cenowo – ofertowym dla Części nr 4 (Załącznik nr 1 do SWZ), będącym integralną częścią SWZ. 3. Zakres zamówienia obejmuje dostawę przedmiotów zamówienia w ilościach wyszczególnionych w Formularzu cenowo – ofertowym na okres 24 miesięcy. 4. Zamawiający nie dopuszcza składania ofert równoważnych Części nr 4. 5. Dostawa przedmiotów zamówienia w Części nr 4 - przez 24 miesiące licząc od daty zawarcia umowy; Zamawiający dopuszcza możliwość zmiany terminu obowiązywania umowy w przypadku nie zrealizowania w okresie umowy całości przedmiotu umowy wskutek realizacji niższych zamówień. Zmiana umowy wymaga aneksu, z tym że Zamawiający jednostronnie zawiadamia Wykonawcę o proponowanym przedłużeniu umowy przed upływem terminu na jaki została ona zawarta.",clos-nw,,,cat_0100,src_ted_opendata,file_ted_0273,lot:LOT-0005,2026-08-19
lot_00758,LOT-0006,not_0273,pro_0250,Zestawy do odsysania i drenażu klatki piersiowej,"1. Przedmiotem zamówienia są dostawy materiałów medycznych jednorazowego użytku: zestawów do odsysania i drenażu klatki piersiowej. 2. Szczegółowy opis przedmiotów zamówienia oraz orientacyjne ilości dostaw w okresie objętym zamówieniem został zawarty w Formularzu cenowo – ofertowym dla Części nr 5 (Załącznik nr 1 do SWZ), będącym integralną częścią SWZ. 3. Zakres zamówienia obejmuje dostawę przedmiotów zamówienia w ilościach wyszczególnionych w Formularzu cenowo – ofertowym na okres 24 miesięcy. 4. Zamawiający nie dopuszcza składania ofert równoważnych Części nr 5. 5. Dostawa przedmiotów zamówienia w Części nr 5 - przez 24 miesiące licząc od daty zawarcia umowy; Zamawiający dopuszcza możliwość zmiany terminu obowiązywania umowy w przypadku nie zrealizowania w okresie umowy całości przedmiotu umowy wskutek realizacji niższych zamówień. Zmiana umowy wymaga aneksu, z tym że Zamawiający jednostronnie zawiadamia Wykonawcę o proponowanym przedłużeniu umowy przed upływem terminu na jaki została ona zawarta.",selec-w,,,cat_0100,src_ted_opendata,file_ted_0273,lot:LOT-0006,2026-08-19
lot_00759,LOT-0007,not_0273,pro_0250,Specjalistyczne igły biopsyjne,"1. Przedmiotem zamówienia są dostawy materiałów medycznych jednorazowego użytku: specjalistycznych igieł biopsyjnych. 2. Szczegółowy opis przedmiotów zamówienia oraz orientacyjne ilości dostaw w okresie objętym zamówieniem został zawarty w Formularzu cenowo – ofertowym dla Części nr 6 (Załącznik nr 1 do SWZ), będącym integralną częścią SWZ. 3. Zakres zamówienia obejmuje dostawę przedmiotów zamówienia w ilościach wyszczególnionych w Formularzu cenowo – ofertowym na okres 24 miesięcy. 4. Zamawiający nie dopuszcza składania ofert równoważnych Części nr 6. 5. Dostawa przedmiotów zamówienia w Części nr 6 - przez 24 miesiące licząc od daty zawarcia umowy; Zamawiający dopuszcza możliwość zmiany terminu obowiązywania umowy w przypadku nie zrealizowania w okresie umowy całości przedmiotu umowy wskutek realizacji niższych zamówień. Zmiana umowy wymaga aneksu, z tym że Zamawiający jednostronnie zawiadamia Wykonawcę o proponowanym przedłużeniu umowy przed upływem terminu na jaki została ona zawarta.",selec-w,,,cat_0100,src_ted_opendata,file_ted_0273,lot:LOT-0007,2026-08-19
lot_00760,LOT-0008,not_0273,pro_0250,"Retraktor pola operacyjnego, haki skórne, proszek żelujący, silkonowe lejce naczyniowe, preparat przeciwroszeniowy, sterylny retraktor ran","1. Przedmiotem zamówienia są dostawy materiałów medycznych jednorazowego użytku: retraktorów pola operacyjnego, haków skórnych, proszku żelującego, silkonowych lejc naczyniowych, preparatów przeciwroszeniowych, sterylnych retraktorów ran. 2. Szczegółowy opis przedmiotów zamówienia oraz orientacyjne ilości dostaw w okresie objętym zamówieniem został zawarty w Formularzu cenowo – ofertowym dla Części nr 7 (Załącznik nr 1 do SWZ), będącym integralną częścią SWZ. 3. Zakres zamówienia obejmuje dostawę przedmiotów zamówienia w ilościach wyszczególnionych w Formularzu cenowo – ofertowym na okres 24 miesięcy. 4. Zamawiający nie dopuszcza składania ofert równoważnych Części nr 7. 5. Dostawa przedmiotów zamówienia w Części nr 7 - przez 24 miesiące licząc od daty zawarcia umowy; Zamawiający dopuszcza możliwość zmiany terminu obowiązywania umowy w przypadku nie zrealizowania w okresie umowy całości przedmiotu umowy wskutek realizacji niższych zamówień. Zmiana umowy wymaga aneksu, z tym że Zamawiający jednostronnie zawiadamia Wykonawcę o proponowanym przedłużeniu umowy przed upływem terminu na jaki została ona zawarta.",selec-w,,,cat_0100,src_ted_opendata,file_ted_0273,lot:LOT-0008,2026-08-19
lot_00761,LOT-0009,not_0273,pro_0250,"Klipsownice, klipsy, retraktory rany, woreczki do zbierania tkanek","1. Przedmiotem zamówienia są dostawy materiałów medycznych jednorazowego użytku: klipsownic, klipsów, retraktorów rany, woreczków do zbierania tkanek. 2. Szczegółowy opis przedmiotów zamówienia oraz orientacyjne ilości dostaw w okresie objętym zamówieniem został zawarty w Formularzu cenowo – ofertowym dla Części nr 8 (Załącznik nr 1 do SWZ), będącym integralną częścią SWZ. 3. Zakres zamówienia obejmuje dostawę przedmiotów zamówienia w ilościach wyszczególnionych w Formularzu cenowo – ofertowym na okres 24 miesięcy. 4. Zamawiający nie dopuszcza składania ofert równoważnych Części nr 8. 5. Dostawa przedmiotów zamówienia w Części nr 8 - przez 24 miesiące licząc od daty zawarcia umowy; Zamawiający dopuszcza możliwość zmiany terminu obowiązywania umowy w przypadku nie zrealizowania w okresie umowy całości przedmiotu umowy wskutek realizacji niższych zamówień. Zmiana umowy wymaga aneksu, z tym że Zamawiający jednostronnie zawiadamia Wykonawcę o proponowanym przedłużeniu umowy przed upływem terminu na jaki została ona zawarta.",selec-w,,,cat_0100,src_ted_opendata,file_ted_0273,lot:LOT-0009,2026-08-19
lot_00762,LOT-0010,not_0273,pro_0250,"Materiały zużywalne do systemu drenażu klatki piersiowej Thopaz firmy Medela, jaki posiada Zamawiający","1. Przedmiotem zamówienia są dostawy materiałów medycznych jednorazowego użytku: materiałów zużywalnych do systemu drenażu klatki piersiowej Thopaz firmy Medela, jaki posiada Zamawiający. 2. Szczegółowy opis przedmiotów zamówienia oraz orientacyjne ilości dostaw w okresie objętym zamówieniem został zawarty w Formularzu cenowo – ofertowym dla Części nr 9 (Załącznik nr 1 do SWZ), będącym integralną częścią SWZ. 3. Zakres zamówienia obejmuje dostawę przedmiotów zamówienia w ilościach wyszczególnionych w Formularzu cenowo – ofertowym na okres 24 miesięcy. 4. Zamawiający nie dopuszcza składania ofert równoważnych Części nr 9. 5. Dostawa przedmiotów zamówienia w Części nr 9 - przez 24 miesiące licząc od daty zawarcia umowy; Zamawiający dopuszcza możliwość zmiany terminu obowiązywania umowy w przypadku nie zrealizowania w okresie umowy całości przedmiotu umowy wskutek realizacji niższych zamówień. Zmiana umowy wymaga aneksu, z tym że Zamawiający jednostronnie zawiadamia Wykonawcę o proponowanym przedłużeniu umowy przed upływem terminu na jaki została ona zawarta.",selec-w,,,cat_0100,src_ted_opendata,file_ted_0273,lot:LOT-0010,2026-08-19
lot_00763,LOT-0011,not_0273,pro_0250,Akcesoria dla niemowląt,"1. Przedmiotem zamówienia są dostawy materiałów medycznych jednorazowego użytku: akcesoriów dla niemowląt. 2. Szczegółowy opis przedmiotów zamówienia oraz orientacyjne ilości dostaw w okresie objętym zamówieniem został zawarty w Formularzu cenowo – ofertowym dla Części nr 10 (Załącznik nr 1 do SWZ), będącym integralną częścią SWZ. 3. Zakres zamówienia obejmuje dostawę przedmiotów zamówienia w ilościach wyszczególnionych w Formularzu cenowo – ofertowym na okres 24 miesięcy. 4. Zamawiający nie dopuszcza składania ofert równoważnych Części nr 10. 5. Dostawa przedmiotów zamówienia w Części nr 10 - przez 24 miesiące licząc od daty zawarcia umowy; Zamawiający dopuszcza możliwość zmiany terminu obowiązywania umowy w przypadku nie zrealizowania w okresie umowy całości przedmiotu umowy wskutek realizacji niższych zamówień. Zmiana umowy wymaga aneksu, z tym że Zamawiający jednostronnie zawiadamia Wykonawcę o proponowanym przedłużeniu umowy przed upływem terminu na jaki została ona zawarta.",selec-w,,,cat_0100,src_ted_opendata,file_ted_0273,lot:LOT-0011,2026-08-19
lot_00764,LOT-0012,not_0273,pro_0250,Akcesoria neonatologiczne dla Kliniki Noworodków (I),"1. Przedmiotem zamówienia są dostawy materiałów medycznych jednorazowego użytku: akcesoriów neonatologicznych dla Kliniki Noworodków (I). 2. Szczegółowy opis przedmiotów zamówienia oraz orientacyjne ilości dostaw w okresie objętym zamówieniem został zawarty w Formularzu cenowo – ofertowym dla Części nr 11 (Załącznik nr 1 do SWZ), będącym integralną częścią SWZ. 3. Zakres zamówienia obejmuje dostawę przedmiotów zamówienia w ilościach wyszczególnionych w Formularzu cenowo – ofertowym na okres 24 miesięcy. 4. Zamawiający nie dopuszcza składania ofert równoważnych Części nr 11. 5. Dostawa przedmiotów zamówienia w Części nr 11 - przez 24 miesiące licząc od daty zawarcia umowy; Zamawiający dopuszcza możliwość zmiany terminu obowiązywania umowy w przypadku nie zrealizowania w okresie umowy całości przedmiotu umowy wskutek realizacji niższych zamówień. Zmiana umowy wymaga aneksu, z tym że Zamawiający jednostronnie zawiadamia Wykonawcę o proponowanym przedłużeniu umowy przed upływem terminu na jaki została ona zawarta.",clos-nw,,,cat_0100,src_ted_opendata,file_ted_0273,lot:LOT-0012,2026-08-19
lot_00765,LOT-0013,not_0273,pro_0250,Wkładka (materacyk) do systemu zarządzania temperaturą pacjenta wraz z dzierżawą systemu zarządzania temperaturą pacjenta dla Kliniki Noworodków,"1. Przedmiotem zamówienia są dostawy materiałów medycznych jednorazowego użytku: wkładek (materacyków) do systemu zarządzania temperaturą pacjenta wraz z dzierżawą systemu zarządzania temperaturą pacjenta dla Kliniki Noworodków. 2. Szczegółowy opis przedmiotów zamówienia oraz orientacyjne ilości dostaw w okresie objętym zamówieniem został zawarty w Formularzu cenowo – ofertowym dla Części nr 12 (Załącznik nr 1 do SWZ), w Zestawieniu parametrów wymaganych dla Części nr 12 (Załącznik nr 2 do SWZ), będących integralną częścią SWZ. 3. Zakres zamówienia obejmuje dostawę przedmiotów zamówienia w ilościach wyszczególnionych w Formularzu cenowo – ofertowym na okres 24 miesięcy. 4. Zamawiający nie dopuszcza składania ofert równoważnych Części nr 12. 5. Dostawa przedmiotów zamówienia w Części nr 12 wraz z dzierżawą system zarządzania temperaturą pacjenta - przez 24 miesiące licząc od daty zawarcia umowy; Zamawiający dopuszcza możliwość zmiany terminu obowiązywania umowy w przypadku nie zrealizowania w okresie umowy całości przedmiotu umowy wskutek realizacji niższych zamówień (nie dotyczy dzierżawy). Zmiana umowy wymaga aneksu, z tym że Zamawiający jednostronnie zawiadamia Wykonawcę o proponowanym przedłużeniu umowy przed upływem terminu na jaki została ona zawarta.",selec-w,,,cat_0100,src_ted_opendata,file_ted_0273,lot:LOT-0013,2026-08-19
lot_00766,LOT-0014,not_0273,pro_0250,Akcesoria neonatologiczne dla Kliniki Noworodków (II),"1. Przedmiotem zamówienia są dostawy materiałów medycznych jednorazowego użytku: akcesoriów neonatologicznych dla Kliniki Noworodków (II). 2. Szczegółowy opis przedmiotów zamówienia oraz orientacyjne ilości dostaw w okresie objętym zamówieniem został zawarty w Formularzu cenowo – ofertowym dla Części nr 13 (Załącznik nr 1 do SWZ), będącym integralną częścią SWZ. 3. Zakres zamówienia obejmuje dostawę przedmiotów zamówienia w ilościach wyszczególnionych w Formularzu cenowo – ofertowym na okres 24 miesięcy. 4. Zamawiający nie dopuszcza składania ofert równoważnych Części nr 13. 5. Dostawa przedmiotów zamówienia w Części nr 13 - przez 24 miesiące licząc od daty zawarcia umowy; Zamawiający dopuszcza możliwość zmiany terminu obowiązywania umowy w przypadku nie zrealizowania w okresie umowy całości przedmiotu umowy wskutek realizacji niższych zamówień. Zmiana umowy wymaga aneksu, z tym że Zamawiający jednostronnie zawiadamia Wykonawcę o proponowanym przedłużeniu umowy przed upływem terminu na jaki została ona zawarta.",selec-w,,,cat_0100,src_ted_opendata,file_ted_0273,lot:LOT-0014,2026-08-19
lot_00767,LOT-0015,not_0273,pro_0250,Akcesoria onkologiczne dla Kliniki Anestezjologii,"1. Przedmiotem zamówienia są dostawy materiałów medycznych jednorazowego użytku: akcesoriów onkologicznych dla Kliniki Anestezjologii. 2. Szczegółowy opis przedmiotów zamówienia oraz orientacyjne ilości dostaw w okresie objętym zamówieniem został zawarty w Formularzu cenowo – ofertowym dla Części nr 14 (Załącznik nr 1 do SWZ), będącym integralną częścią SWZ. 3. Zakres zamówienia obejmuje dostawę przedmiotów zamówienia w ilościach wyszczególnionych w Formularzu cenowo – ofertowym na okres 24 miesięcy. 4. Zamawiający nie dopuszcza składania ofert równoważnych Części nr 14. 5. Dostawa przedmiotów zamówienia w Części nr 14 - przez 24 miesiące licząc od daty zawarcia umowy; Zamawiający dopuszcza możliwość zmiany terminu obowiązywania umowy w przypadku nie zrealizowania w okresie umowy całości przedmiotu umowy wskutek realizacji niższych zamówień. Zmiana umowy wymaga aneksu, z tym że Zamawiający jednostronnie zawiadamia Wykonawcę o proponowanym przedłużeniu umowy przed upływem terminu na jaki została ona zawarta.",selec-w,,,cat_0100,src_ted_opendata,file_ted_0273,lot:LOT-0015,2026-08-19
lot_00768,LOT-0016,not_0273,pro_0250,"Pojemniki do utrwalania materiału tkankowego - pojemność 20ml, 60ml","1. Przedmiotem zamówienia są dostawy materiałów medycznych jednorazowego użytku: pojemników do utrwalania materiału tkankowego - pojemność 20ml, 60ml. 2. Szczegółowy opis przedmiotów zamówienia oraz orientacyjne ilości dostaw w okresie objętym zamówieniem został zawarty w Formularzu cenowo – ofertowym dla Części nr 15 (Załącznik nr 1 do SWZ), będącym integralną częścią SWZ. 3. Zakres zamówienia obejmuje dostawę przedmiotów zamówienia w ilościach wyszczególnionych w Formularzu cenowo – ofertowym na okres 24 miesięcy. 4. Zamawiający nie dopuszcza składania ofert równoważnych Części nr 15. 5. Dostawa przedmiotów zamówienia w Części nr 15 - przez 24 miesiące licząc od daty zawarcia umowy; Zamawiający dopuszcza możliwość zmiany terminu obowiązywania umowy w przypadku nie zrealizowania w okresie umowy całości przedmiotu umowy wskutek realizacji niższych zamówień. Zmiana umowy wymaga aneksu, z tym że Zamawiający jednostronnie zawiadamia Wykonawcę o proponowanym przedłużeniu umowy przed upływem terminu na jaki została ona zawarta.",selec-w,,,cat_0100,src_ted_opendata,file_ted_0273,lot:LOT-0016,2026-08-19
lot_00769,LOT-0017,not_0273,pro_0250,Pojemniki do utrwalania materiału tkankowego - pojemność 150ml,"1. Przedmiotem zamówienia są dostawy materiałów medycznych jednorazowego użytku: pojemników do utrwalania materiału tkankowego - pojemność 150ml. 2. Szczegółowy opis przedmiotów zamówienia oraz orientacyjne ilości dostaw w okresie objętym zamówieniem został zawarty w Formularzu cenowo – ofertowym dla Części nr 16 (Załącznik nr 1 do SWZ), będącym integralną częścią SWZ. 3. Zakres zamówienia obejmuje dostawę przedmiotów zamówienia w ilościach wyszczególnionych w Formularzu cenowo – ofertowym na okres 24 miesięcy. 4. Zamawiający nie dopuszcza składania ofert równoważnych Części nr 16. 5. Dostawa przedmiotów zamówienia w Części nr 16 - przez 24 miesiące licząc od daty zawarcia umowy; Zamawiający dopuszcza możliwość zmiany terminu obowiązywania umowy w przypadku nie zrealizowania w okresie umowy całości przedmiotu umowy wskutek realizacji niższych zamówień. Zmiana umowy wymaga aneksu, z tym że Zamawiający jednostronnie zawiadamia Wykonawcę o proponowanym przedłużeniu umowy przed upływem terminu na jaki została ona zawarta.",selec-w,,,cat_0100,src_ted_opendata,file_ted_0273,lot:LOT-0017,2026-08-19
lot_00770,LOT-0018,not_0273,pro_0250,Elektrody do EKG jednorazowego użytku,"1. Przedmiotem zamówienia są dostawy materiałów medycznych jednorazowego użytku: elektrod do EKG jednorazowego użytku. 2. Szczegółowy opis przedmiotów zamówienia oraz orientacyjne ilości dostaw w okresie objętym zamówieniem został zawarty w Formularzu cenowo – ofertowym dla Części nr 17 (Załącznik nr 1 do SWZ), będącym integralną częścią SWZ. 3. Zakres zamówienia obejmuje dostawę przedmiotów zamówienia w ilościach wyszczególnionych w Formularzu cenowo – ofertowym na okres 24 miesięcy. 4. Zamawiający nie dopuszcza składania ofert równoważnych Części nr 17. 5. Dostawa przedmiotów zamówienia w Części nr 17 - przez 24 miesiące licząc od daty zawarcia umowy; Zamawiający dopuszcza możliwość zmiany terminu obowiązywania umowy w przypadku nie zrealizowania w okresie umowy całości przedmiotu umowy wskutek realizacji niższych zamówień. Zmiana umowy wymaga aneksu, z tym że Zamawiający jednostronnie zawiadamia Wykonawcę o proponowanym przedłużeniu umowy przed upływem terminu na jaki została ona zawarta.",selec-w,,,cat_0100,src_ted_opendata,file_ted_0273,lot:LOT-0018,2026-08-19
lot_00771,LOT-0019,not_0273,pro_0250,"Maty, osłony, pokrowce na Bloki Operacyjne","1. Przedmiotem zamówienia są dostawy materiałów medycznych jednorazowego użytku: mat, osłon, pokrowców na Bloki Operacyjne. 2. Szczegółowy opis przedmiotów zamówienia oraz orientacyjne ilości dostaw w okresie objętym zamówieniem został zawarty w Formularzu cenowo – ofertowym dla Części nr 18 (Załącznik nr 1 do SWZ), będącym integralną częścią SWZ. 3. Zakres zamówienia obejmuje dostawę przedmiotów zamówienia w ilościach wyszczególnionych w Formularzu cenowo – ofertowym na okres 24 miesięcy. 4. Zamawiający dopuszcza składania ofert równoważnych Części nr 18. 5. Dostawa przedmiotów zamówienia w Części nr 18 - przez 24 miesiące licząc od daty zawarcia umowy; Zamawiający dopuszcza możliwość zmiany terminu obowiązywania umowy w przypadku nie zrealizowania w okresie umowy całości przedmiotu umowy wskutek realizacji niższych zamówień. Zmiana umowy wymaga aneksu, z tym że Zamawiający jednostronnie zawiadamia Wykonawcę o proponowanym przedłużeniu umowy przed upływem terminu na jaki została ona zawarta.",clos-nw,,,cat_0100,src_ted_opendata,file_ted_0273,lot:LOT-0019,2026-08-19
lot_00772,LOT-0020,not_0273,pro_0250,Zestawy operacyjne sterylne,"1. Przedmiotem zamówienia są dostawy materiałów medycznych jednorazowego użytku: zestawów operacyjnych sterylnych. 2. Szczegółowy opis przedmiotów zamówienia oraz orientacyjne ilości dostaw w okresie objętym zamówieniem został zawarty w Formularzu cenowo – ofertowym dla Części nr 19 (Załącznik nr 1 do SWZ), będącym integralną częścią SWZ. 3. Zakres zamówienia obejmuje dostawę przedmiotów zamówienia w ilościach wyszczególnionych w Formularzu cenowo – ofertowym na okres 24 miesięcy. 4. Zamawiający dopuszcza składania ofert równoważnych Części nr 19. 5. Dostawa przedmiotów zamówienia w Części nr 19 - przez 24 miesiące licząc od daty zawarcia umowy; Zamawiający dopuszcza możliwość zmiany terminu obowiązywania umowy w przypadku nie zrealizowania w okresie umowy całości przedmiotu umowy wskutek realizacji niższych zamówień. Zmiana umowy wymaga aneksu, z tym że Zamawiający jednostronnie zawiadamia Wykonawcę o proponowanym przedłużeniu umowy przed upływem terminu na jaki została ona zawarta.",clos-nw,,,cat_0100,src_ted_opendata,file_ted_0273,lot:LOT-0020,2026-08-19
lot_00773,LOT-0021,not_0273,pro_0250,Narzędzia chirurgiczne jednorazowego użytku,"1. Przedmiotem zamówienia są dostawy materiałów medycznych jednorazowego użytku: narzędzi chirurgicznych jednorazowego użytku. 2. Szczegółowy opis przedmiotów zamówienia oraz orientacyjne ilości dostaw w okresie objętym zamówieniem został zawarty w Formularzu cenowo – ofertowym dla Części nr 20 (Załącznik nr 1 do SWZ), będącym integralną częścią SWZ. 3. Zakres zamówienia obejmuje dostawę przedmiotów zamówienia w ilościach wyszczególnionych w Formularzu cenowo – ofertowym na okres 24 miesięcy. 4. Zamawiający dopuszcza składania ofert równoważnych Części nr 20. 5. Dostawa przedmiotów zamówienia w Części nr 20 - przez 24 miesiące licząc od daty zawarcia umowy; Zamawiający dopuszcza możliwość zmiany terminu obowiązywania umowy w przypadku nie zrealizowania w okresie umowy całości przedmiotu umowy wskutek realizacji niższych zamówień. Zmiana umowy wymaga aneksu, z tym że Zamawiający jednostronnie zawiadamia Wykonawcę o proponowanym przedłużeniu umowy przed upływem terminu na jaki została ona zawarta.",clos-nw,,,cat_0100,src_ted_opendata,file_ted_0273,lot:LOT-0021,2026-08-19
lot_00774,LOT-0022,not_0273,pro_0250,Naczynia sanitarne z pulpy celulozowej do utylizacji w maceratorach,"1. Przedmiotem zamówienia są dostawy materiałów medycznych jednorazowego użytku: naczyń sanitarnych z pulpy celulozowej do utylizacji w maceratorach. 2. Szczegółowy opis przedmiotów zamówienia oraz orientacyjne ilości dostaw w okresie objętym zamówieniem został zawarty w Formularzu cenowo – ofertowym dla Części nr 21 (Załącznik nr 1 do SWZ), będącym integralną częścią SWZ. 3. Zakres zamówienia obejmuje dostawę przedmiotów zamówienia w ilościach wyszczególnionych w Formularzu cenowo – ofertowym na okres 24 miesięcy. 4. Zamawiający nie dopuszcza składania ofert równoważnych Części nr 21. 5. Dostawa przedmiotów zamówienia w Części nr 21 - przez 24 miesiące licząc od daty zawarcia umowy; Zamawiający dopuszcza możliwość zmiany terminu obowiązywania umowy w przypadku nie zrealizowania w okresie umowy całości przedmiotu umowy wskutek realizacji niższych zamówień. Zmiana umowy wymaga aneksu, z tym że Zamawiający jednostronnie zawiadamia Wykonawcę o proponowanym przedłużeniu umowy przed upływem terminu na jaki została ona zawarta.",selec-w,,,cat_0100,src_ted_opendata,file_ted_0273,lot:LOT-0022,2026-08-19
lot_00775,LOT-0023,not_0273,pro_0250,Akcesoria neonatologiczne dla Kliniki Noworodków (III),"1. Przedmiotem zamówienia są dostawy materiałów medycznych jednorazowego użytku: akcesoriów neonatologicznych dla Kliniki Noworodków (III). 2. Szczegółowy opis przedmiotów zamówienia oraz orientacyjne ilości dostaw w okresie objętym zamówieniem został zawarty w Formularzu cenowo – ofertowym dla Części nr 22 (Załącznik nr 1 do SWZ), będącym integralną częścią SWZ. 3. Zakres zamówienia obejmuje dostawę przedmiotów zamówienia w ilościach wyszczególnionych w Formularzu cenowo – ofertowym na okres 24 miesięcy. 4. Zamawiający nie dopuszcza składania ofert równoważnych Części nr 22. 5. Dostawa przedmiotów zamówienia w Części nr 22 - przez 24 miesiące licząc od daty zawarcia umowy; Zamawiający dopuszcza możliwość zmiany terminu obowiązywania umowy w przypadku nie zrealizowania w okresie umowy całości przedmiotu umowy wskutek realizacji niższych zamówień. Zmiana umowy wymaga aneksu, z tym że Zamawiający jednostronnie zawiadamia Wykonawcę o proponowanym przedłużeniu umowy przed upływem terminu na jaki została ona zawarta.",clos-nw,,,cat_0100,src_ted_opendata,file_ted_0273,lot:LOT-0023,2026-08-19
lot_00776,LOT-0024,not_0273,pro_0250,Szkiełka do badań cytogenetycznych i FISH,"1. Przedmiotem zamówienia są dostawy materiałów medycznych jednorazowego użytku: szkiełek do badań cytogenetycznych i FISH. 2. Szczegółowy opis przedmiotów zamówienia oraz orientacyjne ilości dostaw w okresie objętym zamówieniem został zawarty w Formularzu cenowo – ofertowym dla Części nr 23 (Załącznik nr 1 do SWZ), będącym integralną częścią SWZ. 3. Zakres zamówienia obejmuje dostawę przedmiotów zamówienia w ilościach wyszczególnionych w Formularzu cenowo – ofertowym na okres 24 miesięcy. 4. Zamawiający dopuszcza składania ofert równoważnych Części nr 23. 5. Dostawa przedmiotów zamówienia w Części nr 23 - przez 24 miesiące licząc od daty zawarcia umowy; Zamawiający dopuszcza możliwość zmiany terminu obowiązywania umowy w przypadku nie zrealizowania w okresie umowy całości przedmiotu umowy wskutek realizacji niższych zamówień. Zmiana umowy wymaga aneksu, z tym że Zamawiający jednostronnie zawiadamia Wykonawcę o proponowanym przedłużeniu umowy przed upływem terminu na jaki została ona zawarta.",selec-w,,,cat_0100,src_ted_opendata,file_ted_0273,lot:LOT-0024,2026-08-19
lot_00777,LOT-0000,not_0274,pro_0251,DAS Maaibeheer Weerribben Wintermaaien overjarig riet Cluster 2,DAS Maaibeheer Weerribben Wintermaaien overjarig riet Cluster 2,selec-w,1,EUR,cat_0205,src_ted_opendata,file_ted_0274,lot:LOT-0000,2026-08-19
lot_00778,LOT-0001,not_0275,pro_0252,Brosserie,Brosserie,selec-w,,,cat_0206,src_ted_opendata,file_ted_0275,lot:LOT-0001,2026-08-19
lot_00779,LOT-0002,not_0275,pro_0252,Droguerie,Droguerie,selec-w,,,cat_0206,src_ted_opendata,file_ted_0275,lot:LOT-0002,2026-08-19
lot_00780,LOT-0003,not_0275,pro_0252,Matériel d'entretien sols et vitres,Matériel d'entretien sols et vitres,selec-w,,,cat_0206,src_ted_opendata,file_ted_0275,lot:LOT-0003,2026-08-19
lot_00781,LOT-0004,not_0275,pro_0252,Détergents,Détergents,selec-w,,,cat_0206,src_ted_opendata,file_ted_0275,lot:LOT-0004,2026-08-19
lot_00782,LOT-0005,not_0275,pro_0252,Produits d'hygiène et d'essuyage,Produits d'hygiène et d'essuyage,clos-nw,,,cat_0206,src_ted_opendata,file_ted_0275,lot:LOT-0005,2026-08-19
lot_00783,LOT-0006,not_0275,pro_0252,Déchets sacs,Déchets sacs,selec-w,,,cat_0206,src_ted_opendata,file_ted_0275,lot:LOT-0006,2026-08-19
lot_00784,LOT-0001,not_0276,pro_0253,Dostawa sterylizatora niskotemperaturowego na tlenek etylenu EO,"Zakres przedmiotowy został szczegółowo opisany w załączeniu do niniejszej SWZ „Zestawienie parametrów technicznych, warunków gwarancji i szkoleń” – Załącznik nr 2 oraz wzorze umowy – Załącznik nr 7",selec-w,,,cat_0207,src_ted_opendata,file_ted_0276,lot:LOT-0001,2026-08-19
lot_00785,LOT-0001,not_0277,pro_0254,Általános villamos energia,Általános villamos energia beszerzése a 2025. évre: 1.365.902 kWh.,selec-w,,,cat_0037,src_ted_opendata,file_ted_0277,lot:LOT-0001,2026-08-19
lot_00786,LOT-0002,not_0277,pro_0254,Közvilágítás,Közvilágítás villamos energia beszerzése 2025. évre: 494.114 kWh.,selec-w,,,cat_0037,src_ted_opendata,file_ted_0277,lot:LOT-0002,2026-08-19
lot_00787,LOT-0001,not_0278,pro_0255,Agence ARAGO,Agence ARAGO,selec-w,,,cat_0023,src_ted_opendata,file_ted_0278,lot:LOT-0001,2026-08-19
lot_00788,LOT-0002,not_0278,pro_0255,Agence COLBERT,Agence COLBERT,selec-w,,,cat_0023,src_ted_opendata,file_ted_0278,lot:LOT-0002,2026-08-19
lot_00789,LOT-0003,not_0278,pro_0255,Agence EUROPE,Agence EUROPE,selec-w,,,cat_0023,src_ted_opendata,file_ted_0278,lot:LOT-0003,2026-08-19
lot_00790,LOT-0004,not_0278,pro_0255,Agence MARCHANDEAU,Agence MARCHANDEAU,selec-w,,,cat_0023,src_ted_opendata,file_ted_0278,lot:LOT-0004,2026-08-19
lot_00791,LOT-0005,not_0278,pro_0255,Agence VITRY-LE-FRANÇOIS,Agence VITRY-LE-FRANÇOIS,selec-w,,,cat_0023,src_ted_opendata,file_ted_0278,lot:LOT-0005,2026-08-19
lot_00792,LOT-0001,not_0279,pro_0256,Inżynier Kontraktu dla Zadania pn. „Modernizacja dwóch lewobrzeżnych Kolektorów Burzowych Mostowa/Boleść oraz Krasińskiego wraz z ich wylotami w kierunku rz. Wisły”.,Przedmiotem zamówienia jest nadzór nad Robotami wykonywanymi w ramach Kontraktu na Roboty pn.: „Modernizacja dwóch lewobrzeżnych Kolektorów Burzowych Mostowa/Boleść oraz Krasińskiego wraz z ich wylotami w kierunku rz. Wisły” (szczegółowy opis zawiera Część III SWZ).,selec-w,,,cat_0208,src_ted_opendata,file_ted_0279,lot:LOT-0001,2026-08-19
lot_00793,LOT-0000,not_0280,pro_0257,Default lot,"Service si piese de schimb pentru autoturisme teren D.R.D.P. Iasi, in conformitate cu cerintele din caietul de sarcini.",clos-nw,,,cat_0127,src_ted_opendata,file_ted_0280,lot:LOT-0000,2026-08-19
lot_00794,LOT-0000,not_0281,pro_0258,(85) ΠΡΟΜΗΘΕΙΑ AMBU MASK ΑΣΚΟΥΣ ΑΝΑΝΗΨΗΣ ΜΕ ΡΕΖΕΡΒΟΥΑΡ ΟΞΥΓΟΝΟΥ ΠΟΥ ΝΑ ΑΠΟΣΤΕΙΡΩΝΟΝΤΑΙ,(85) ΠΡΟΜΗΘΕΙΑ AMBU MASK ΑΣΚΟΥΣ ΑΝΑΝΗΨΗΣ ΜΕ ΡΕΖΕΡΒΟΥΑΡ ΟΞΥΓΟΝΟΥ ΠΟΥ ΝΑ ΑΠΟΣΤΕΙΡΩΝΟΝΤΑΙ,selec-w,332,EUR,cat_0026,src_ted_opendata,file_ted_0281,lot:LOT-0000,2026-08-19
lot_00795,LOT-0000,not_0282,pro_0259,Najem in vzdrževanje sistema za spremljanje in nadzor čistosti površin in spremljanje in nadzor higiene rok za obdobje 60 mesecev,Najem in vzdrževanje sistema za spremljanje in nadzor čistosti površin in spremljanje in nadzor higiene rok za obdobje 60 mesecev,selec-w,33660.3000,EUR,cat_0192,src_ted_opendata,file_ted_0282,lot:LOT-0000,2026-08-19
lot_00796,LOT-0001,not_0283,pro_0260,ArcGIS EA licencija ir konsultacinės paslaugos,Planuojama įsigyti Geografinės informacinės sistemos (toliau – GIS ) veikimui reikalingą ArcGIS EA licencijos (arba lygiavertės programinės įrangos) prenumeratą ir konsultacines GIS vystymo paslaugas,selec-w,705500.00,EUR,cat_0192,src_ted_opendata,file_ted_0283,lot:LOT-0001,2026-08-19
lot_00797,LOT-0001,not_0284,pro_0261,Świadczenie usług ochrony osób i mienia w obrębie nieruchomości zarządzanych przez KZGM w Katowicach,"1. Przedmiotem niniejszej umowy są usługi bezpośredniej ochrony fizycznej osób i mienia oraz patroli prewencyjnych w obrębie nieruchomości położonych w Katowicach i zarządzanych przez Komunalny Zakład Gospodarki Mieszkaniowej w Katowicach składające się z: 1) usługi bezpośredniej ochrony fizycznej osób i mienia (realizowane zgodnie z zasadami określonymi w projektowanych postanowieniach umowy (Załącznik nr 3 do SWZ), w tym: a) stałą obecność pracowników ochrony na ochranianym obiekcie w godzinach wskazanych przez Zamawiającego (realizowaną w trybie zwykłym i awaryjnym, przy czym tryb awaryjny objęty jest prawem opcji); b) dysponowanie zmotoryzowaną grupą interwencyjną, wyposażoną w radiowe środki łączności, w celu awaryjnej kontroli sytuacji na ochranianych obiektach (zweryfikowania stanu i podjęcie działań zapobiegawczych niezwiązanych z użyciem przymusu bezpośredniego) przez zmotoryzowane dwuosobowe grupy pracowników ochrony, z czasem dojazdu do obiektów Zamawiającego nie przekraczającym 15 minut. Zamawiający nie wymaga dedykowanego patrolu interwencyjnego, stworzonego tylko i wyłącznie na potrzeby realizacji zamówienia (dysponowanie zmotoryzowaną grupą interwencyjną, której czas reakcji nie może być dłuższy niż 15 minut od momentu telefonicznego zgłoszenia w ciągu dnia i nie dłuższy niż 10 w minut w godzinach nocnych, tj. od 22:00 do 6:00) 2) usługi patroli prewencyjnych, przez co rozumie usługę polegającą na okresowym kontrolowaniu stanu bezpieczeństwa obiektów Zamawiającego przez zmotoryzowane (samochód), dwuosobowe grupy pracowników ochrony, w godzinach nocnych (tj. 22.00 – 6.00), w ilości i częstotliwości wskazanej w zleceniu przez zmotoryzowane (samochód) dwuosobowe grupy pracowników ochrony, zgodnie z zasadami określonymi w projektowanych postanowieniach umowy i w Planie Ochrony (Załącznik nr 3 do SWZ). Przez pojedynczy patrol rozumie się dojazd i kontrolę wskazanych w zleceniu nieruchomości. Zakres ten w całości objęty jest prawem opcji. 2. Zestawienie aktualnie ochranianych obiektów stanowi Załącznik nr 1 do projektowanych postanowień umowy. Zamawiający na chwilę obecną planuje świadczenie usługi bezpośredniej ochrony fizycznej osób i mienia w trybie zwykłym na 8 obiektach, w sumie ok. 5568 godzin miesięcznie, jednak Zamawiający zastrzega, że liczba obiektów może ulec zmianie, zgodnie z przewidzianym prawem opcji. 3. Zamawiający nie wymaga aby osoby wykonujące czynności bezpośredniej ochrony fizycznej osób i mienia ani osoby świadczące usługi w ramach grupy interwencyjnej lub patroli prewencyjnych były wpisane na listę kwalifikowanych pracowników ochrony fizycznej, o której mowa w ustawie z dnia 22 sierpnia 1997 r. o ochronie osób i mienia. 4. Szczegółowy opis przedmiotu zamówienia zawarty jest w Rozdziale III SWZ oraz projektowanych postanowieniach umowy wraz z załącznikami. 5. Zamawiający przewiduje udzielenie zamówień, o których mowa w art. 214 ust. 1 pkt 7 ustawy, polegających na powtórzeniu podobnych usług tj. usług ochrony osób i mienia w obrębie nieruchomości położonych w Katowicach, zarządzanych przez Komunalny Zakład Gospodarki Mieszkaniowej w Katowicach w zakresie maksymalnie 75598 godzin (w tym: ochrona fizyczna maksymalnie 75 573 godzin i tryb awaryjny maksymalnie 25 godzin) oraz maksymalnie 240 patroli prewencyjnych. Zasady oraz warunki świadczenia usług będą podobne jak w zamówieniu podstawowym. Zamawiający udzieli zamówień, o których mowa w art. 214 ust. 1 pkt 7 ustawy na następujących warunkach: 1) wykonawca realizował dotychczasowe zamówienie w terminie i z najwyższą starannością, 2) wykonawca zapewni nie gorszy standard wykonania nowego zamówienia niż podstawowego, 3) strony w wyniku negocjacji uzgodnią wynagrodzenie i termin wykonania nowego zamówienia.",selec-w,,,cat_0195,src_ted_opendata,file_ted_0284,lot:LOT-0001,2026-08-19
lot_00798,LOT-0001,not_0285,pro_0262,Pakiet nr 1,"Amikacinum, Gentamycinum, Ibuprofenum, Ondansetronum",selec-w,,,cat_0018,src_ted_opendata,file_ted_0285,lot:LOT-0001,2026-08-19
lot_00799,LOT-0002,not_0285,pro_0262,Pakiet nr 2,Ethanol,clos-nw,,,cat_0018,src_ted_opendata,file_ted_0285,lot:LOT-0002,2026-08-19
lot_00800,LOT-0003,not_0285,pro_0262,Pakiet nr 3,Povidone-iodine,selec-w,,,cat_0018,src_ted_opendata,file_ted_0285,lot:LOT-0003,2026-08-19
lot_00801,LOT-0004,not_0285,pro_0262,Pakiet nr 4,Povidone-iodine,selec-w,,,cat_0018,src_ted_opendata,file_ted_0285,lot:LOT-0004,2026-08-19
lot_00802,LOT-0001,not_0286,pro_0263,Lot n°1 - Dommages aux biens immobiliers et mobiliers Ville de NEVERS,Dommages aux biens immobiliers et mobiliers Ville de NEVERS Offre de base : franchise à 5 000 Euros Variante imposée : franchise à 10 000 Euros PSE à réponse facultative : majoration du montant de la limitation contractuelle d'indemnité de 29 900 000 Euros à 49 000 000 Euros,selec-w,,,cat_0109,src_ted_opendata,file_ted_0286,lot:LOT-0001,2026-08-19
lot_00803,LOT-0005,not_0286,pro_0263,Lot n°2 -Dommages aux biens immobiliers et mobiliers NEVERS Agglomération,Dommages aux biens immobiliers et mobiliers Ville de NEVERS Agglomération Offre de base : franchise à 5 000 Euros Variante imposée : franchise à 10 000 Euros,selec-w,,,cat_0109,src_ted_opendata,file_ted_0286,lot:LOT-0005,2026-08-19
lot_00804,LOT-0006,not_0286,pro_0263,Lot n°3 -Responsabilité civile et risques annexes Ville de NEVERS,Responsabilité civile et risques annexes Ville de NEVERS,selec-w,,,cat_0158,src_ted_opendata,file_ted_0286,lot:LOT-0006,2026-08-19
lot_00805,LOT-0007,not_0286,pro_0263,Lot n°4 - Responsabilité civile et risques annexes NEVERS Agglomération,Responsabilité civile et risques annexes NEVERS Agglomération,selec-w,,,cat_0158,src_ted_opendata,file_ted_0286,lot:LOT-0007,2026-08-19
lot_00806,LOT-0008,not_0286,pro_0263,Lot n°5 - Flotte véhicules et risques annexes Ville de NEVERS,Flotte véhicules et risques annexes Ville de NEVERS,selec-w,,,cat_0081,src_ted_opendata,file_ted_0286,lot:LOT-0008,2026-08-19
lot_00807,LOT-0009,not_0286,pro_0263,Lot n°6 -Flotte véhicules et risques annexes de NEVERS Agglomération,Flotte véhicules et risques annexes de NEVERS Agglomération,selec-w,,,cat_0081,src_ted_opendata,file_ted_0286,lot:LOT-0009,2026-08-19
lot_00808,LOT-0010,not_0286,pro_0263,Lot n°7 - Tous Risques Expositions Ville de NEVERS,Flotte véhicules et risques annexes Ville de NEVERS,selec-w,,,cat_0209,src_ted_opendata,file_ted_0286,lot:LOT-0010,2026-08-19
lot_00809,LOT-0011,not_0286,pro_0263,Lot n°8 - Risques statutaires agents affiliés à la CNRACL Ville de NEVERS et NEVERS Agglomération,Risques statutaires agents affiliés à la CNRACL Ville de NEVERS et NEVERS Agglomération Offre de base : Accident du travail / Maladie professionnelle - Frais de soins (y compris reprise du passé) et frais funéraires PSE avec réponses obligatoires : - DECES - Accident du travail / Maladie professionnelle - Remboursement de la rémunération (100 % de l'assiette) avec franchise 30 jours,selec-w,,,cat_0112,src_ted_opendata,file_ted_0286,lot:LOT-0011,2026-08-19
lot_00810,LOT-0012,not_0286,pro_0263,Lot n°9 - Protection fonctionnelle Ville de NEVERS et NEVERS Agglomération,Protection fonctionnelle Ville de NEVERS et NEVERS Agglomération,selec-w,,,cat_0159,src_ted_opendata,file_ted_0286,lot:LOT-0012,2026-08-19
lot_00811,LOT-0013,not_0286,pro_0263,Lot n°10 - Cyber risques Ville de NEVERS et NEVERS Agglomération,Cyber risques Ville de NEVERS et NEVERS Agglomération,clos-nw,,,cat_0109,src_ted_opendata,file_ted_0286,lot:LOT-0013,2026-08-19
lot_00812,LOT-0014,not_0286,pro_0263,Lot n°11 - Responsabilité civile environnement NEVERS Agglomération,Responsabilité civile environnement NEVERS Agglomération,selec-w,,,cat_0158,src_ted_opendata,file_ted_0286,lot:LOT-0014,2026-08-19
lot_00813,LOT-0000,not_0287,pro_0264,"Réalisation d'un nouveau pont sur l'Isère et des raccordements routiers sur la RD10 sur les communes de Crolles, Froges et Villard-Bonnot",Les prestations sont réglées par des prix unitaires et forfaitaires. Les travaux comprennent la réalisation d'un pont de type Bowstring d'une longueur de 120 m pour le franchissement de l'Isère et les raccordements routiers sur la RD10,selec-w,,,cat_0210,src_ted_opendata,file_ted_0287,lot:LOT-0000,2026-08-19
lot_00814,LOT-0001,not_0288,pro_0265,25 konkretus pirkimas. Alytaus apskrities vyriausiojo policijos komisariato tarnybinių transporto priemonių atsarginės dalys ir eksploatacinės medžiagos,Alytaus apskrities vyriausiojo policijos komisariato tarnybinėms transporto priemonėms atsarginės dalys ir eksploatacinės medžiagos,selec-w,165289.26,EUR,cat_0211,src_ted_opendata,file_ted_0288,lot:LOT-0001,2026-08-19
lot_00815,LOT-0001,not_0289,pro_0266,Świadczenie usługi żywienia pacjentów hospitalizowanych w Szpitalu Czerniakowskim sp. z o.o.,Przedmiotem zamówienia jest świadczenie usługi żywienia pacjentów hospitalizowanych w Szpitalu Czerniakowskim sp. z o.o. Szczegółowy opis przedmiotu zamówienia stanowi załącznik nr 3 do SWZ – Opis przedmiotu zamówienia.,selec-w,,,cat_0212,src_ted_opendata,file_ted_0289,lot:LOT-0001,2026-08-19
lot_00816,LOT-0001,not_0290,pro_0267,Dostawa 1 sztuki samochodu osobowego typu SUV w wersji nieoznakowanej.,"Postępowanie nie zostało podzielone na części. Wymaga się złożenia oferty obejmującej jeden samochód typu SUV w wersji nieoznakowanej. Dostawa obejmuje pojazd nowy, wyprodukowany w 2024 r. spełniający wszystkie minimalne wymagania opisane w załącznikach numer: - 1 do SWZ – Wymagania ogólne, - 1.1 do SWZ – Podstawowe wymagania samochodu, - 1.2 do SWZ – Wymagania gwarancyjne",selec-w,,,cat_0129,src_ted_opendata,file_ted_0290,lot:LOT-0001,2026-08-19
lot_00817,LOT-0001,not_0291,pro_0268,Solution de dématérialisation du Conseil Médical,"Acquisition, mise en oeuvre, formation, hébergement HDS et maintenance d'une solution pour dématérialiser l'ensemble du processus lié au fonctionnement du conseil médical, placé auprès du CIG et réduire au maximum l'utilisation du papier.",selec-w,,,cat_0213,src_ted_opendata,file_ted_0291,lot:LOT-0001,2026-08-19
lot_00818,LOT-0001,not_0292,pro_0269,sprzęt firmy F5 Networks,przedłużenie gwarancji i rozszerzonego serwisu producenta dla posiadanego przez Zamawiającego sprzętu firmy F5 Networks,selec-w,1057142.4,PLN,cat_0214,src_ted_opendata,file_ted_0292,lot:LOT-0001,2026-08-19
lot_00819,LOT-0002,not_0292,pro_0269,sprzęt firmy Juniper,przedłużenie gwarancji dla posiadanego przez Zamawiającego sprzętu firmy Juniper,selec-w,212229.25,PLN,cat_0214,src_ted_opendata,file_ted_0292,lot:LOT-0002,2026-08-19
lot_00820,LOT-0003,not_0292,pro_0269,sprzęt firmy Huawei,przedłużenie gwarancji dla posiadanego przez Zamawiającego sprzętu firmy Huawei,selec-w,706800,PLN,cat_0215,src_ted_opendata,file_ted_0292,lot:LOT-0003,2026-08-19
lot_00821,LOT-0004,not_0292,pro_0269,sprzęt firmy IBM/Lenovo -ThinkSystem,przedłużenie serwisu producenta dla sprzętu IBM/Lenovo - ThinkSystem,selec-w,437796,PLN,cat_0215,src_ted_opendata,file_ted_0292,lot:LOT-0004,2026-08-19
lot_00822,LOT-0005,not_0292,pro_0269,sprzęt firmy IBM/Lenovo -IBM FlashSystem,przedłużenie serwisu producenta dla sprzętu firmy IBM/Lenovo -IBM FlashSystem,selec-w,340818,PLN,cat_0216,src_ted_opendata,file_ted_0292,lot:LOT-0005,2026-08-19
lot_00823,LOT-0006,not_0292,pro_0269,biblioteki taśmowe,przedłużenie serwisu producenta dla sprzętu firmy IBM (biblioteki taśmowe),selec-w,61980,PLN,cat_0214,src_ted_opendata,file_ted_0292,lot:LOT-0006,2026-08-19
lot_00824,LOT-0001,not_0293,pro_0004,Pakiet 84 Świadczenie usług serwisowania aparatury medycznej,Świadczenie usług serwisowania aparatury medycznej,clos-nw,,,cat_0005,src_ted_opendata,file_ted_0293,lot:LOT-0001,2026-08-19
lot_00825,LOT-0001,not_0294,pro_0004,Pakiet 149 Świadczenie usług serwisowania aparatury medycznej,Świadczenie usług serwisowania aparatury medycznej,clos-nw,,,cat_0005,src_ted_opendata,file_ted_0294,lot:LOT-0001,2026-08-19
lot_00826,LOT-0001,not_0295,pro_0270,Dostawy produktów mleczarskich,"1. Przedmiotem zamówienia są sukcesywne dostawy produktów mleczarskich do Szkoły Policji w Pile. 2. Szczegółowy opis przedmiotu zamówienia i pełny wykaz asortymentu będącego przedmiotem dostaw oraz szacowana ilość zamawianych produktów zostały podane w Specyfikacji asortymentowo-ilościowej, która stanowi załącznik nr 2 do SWZ. Załącznik ten stanowi część oferty, a zatem musi zostać złożony z zachowaniem formy przewidzianej dla oferty. 3. Podane ilości są wielkościami szacunkowymi i nie zobowiązują Zamawiającego do zakupu produktów w tych ilościach. 4. Zamawiający zastrzega sobie możliwość niezrealizowania przedmiotu zamówienia o wartości do 50% łącznego wynagrodzenia brutto. Z tytułu niezrealizowania części zamówienia Wykonawcy nie przysługują żadne roszczenia finansowe oraz prawne. 5. Dostawa, rozładunek i wniesienie przedmiotu zamówienia realizowane będą na koszt Wykonawcy wkalkulowany w cenę produktów objętych umową o udzielenie zamówienia publicznego. 6. Dostawa przedmiotu zamówienia wykonywana będzie środkami transportu Wykonawcy dopuszczonymi do przewozu żywności. 7. Wykonawca zobowiązany jest do posiadania aktualnego zaświadczenia o wpisie do rejestru zakładów podlegających urzędowej kontroli właściwych władz – zgodnie z ustawą z dnia 25 sierpnia 2006 roku o bezpieczeństwie żywności i żywienia (t.j. Dz. U. z 2023 r., poz. 1448) lub aktualnej decyzji administracyjnej o wpisie do rejestru zakładów albo o zatwierdzeniu zakładu wydanej przez powiatowego lekarza weterynarii wraz z nadanym numerem identyfikacyjnym zgodnie z art. 21 ust. 4 ustawy z dnia 16 grudnia 2005 r. o produktach pochodzenia zwierzęcego (t.j. Dz. U. z 2023 r., poz. 872 z późn. zm.). Wykonawca musi podlegać stałemu nadzorowi właściwych władz. 8. Oferowane produkty muszą spełniać wymagania wymienione w obowiązujących przepisach prawa dotyczącego produkcji i obrotu żywności. Każdy produkt musi być wyprodukowany i wprowadzony do obrotu zgodnie z wymogami systemu HACCP.",selec-w,,,cat_0043,src_ted_opendata,file_ted_0295,lot:LOT-0001,2026-08-19
lot_00827,LOT-0001,not_0296,pro_0271,Pakiet nr 1 - Leśnictwo Skrzypny Ostrów,"Przedmiotem zamówienia są prace z zakresu ścinki, zrywki drzew i wyróbki sortymentów oraz wycinki drzewek i krzewów na powierzchniach otwartych wraz z uprzątnięciem powierzchni pozrębowych, do wykonania na terenie Nadleśnictwa Tomaszów w związku z budową odcinka drogi ekspresowej S17 Piaski-Hrebenne, Odcinek nr 7: węzeł „Zamość Południe"" bez węzła – węzeł „Tomaszów Lubelski Północ” bez węzła; dł. ok. 18,498 km.",selec-w,360732.71,PLN,cat_0217,src_ted_opendata,file_ted_0296,lot:LOT-0001,2026-08-19
lot_00828,LOT-0002,not_0296,pro_0271,Pakiet nr 2 - Leśnictwo Pańków,"Przedmiotem zamówienia są prace z zakresu ścinki, zrywki drzew i wyróbki sortymentów oraz wycinki drzewek i krzewów na powierzchniach otwartych wraz z uprzątnięciem powierzchni pozrębowych, do wykonania na terenie Nadleśnictwa Tomaszów w związku z budową odcinka drogi ekspresowej S17 Piaski-Hrebenne, Odcinek nr 7: węzeł „Zamość Południe"" bez węzła – węzeł „Tomaszów Lubelski Północ” bez węzła; dł. ok. 18,498 km.",selec-w,786051.23,PLN,cat_0217,src_ted_opendata,file_ted_0296,lot:LOT-0002,2026-08-19
lot_00829,LOT-0003,not_0296,pro_0271,Pakiet nr 3 - Leśnictwo Bełżec,"Przedmiotem zamówienia są prace z zakresu ścinki, zrywki drzew i wyróbki sortymentów oraz wycinki drzewek i krzewów na powierzchniach otwartych wraz z uprzątnięciem powierzchni pozrębowych, do wykonania na terenie Nadleśnictwa Tomaszów w związku z budową odcinka drogi ekspresowej S17 Piaski-Hrebenne, Odcinek nr 9: Tomaszów Lubelski (koniec ‎‎obwodnicy) – Hrebenne (początek obwodnicy), długości ok. 17,3 km.",selec-w,202792.76,PLN,cat_0217,src_ted_opendata,file_ted_0296,lot:LOT-0003,2026-08-19
lot_00830,LOT-0004,not_0296,pro_0271,Pakiet nr 4 - Leśnictwa Potoki i Lubycza Królewska,"Przedmiotem zamówienia są prace z zakresu ścinki, zrywki drzew i wyróbki sortymentów oraz wycinki drzewek i krzewów na powierzchniach otwartych wraz z uprzątnięciem powierzchni pozrębowych, do wykonania na terenie Nadleśnictwa Tomaszów w związku z budową odcinka drogi ekspresowej S17 Piaski-Hrebenne, Odcinek nr 9: Tomaszów Lubelski (koniec ‎‎obwodnicy) – Hrebenne (początek obwodnicy), długości ok. 17,3 km.",selec-w,682179.63,PLN,cat_0217,src_ted_opendata,file_ted_0296,lot:LOT-0004,2026-08-19
lot_00831,LOT-0000,not_0297,pro_0272,Kiirtõkestusvahendite soetamine,Kaitsemüüride soetamine,selec-w,,,cat_0218,src_ted_opendata,file_ted_0297,lot:LOT-0000,2026-08-19
lot_00832,LOT-0001,not_0298,pro_0273,Lote 1 - Piscinas Municipais,Lote 1 - Piscinas Municipais,selec-w,2476596.87,EUR,cat_0031,src_ted_opendata,file_ted_0298,lot:LOT-0001,2026-08-19
lot_00833,LOT-0002,not_0298,pro_0273,"Lote 2 - Cultura, Juventude e Turismo","Lote 2 - Cultura, Juventude e Turismo",selec-w,219966.58,EUR,cat_0031,src_ted_opendata,file_ted_0298,lot:LOT-0002,2026-08-19
lot_00834,LOT-0003,not_0298,pro_0273,Lote 3 - Centro de Alto Rendimento,Lote 3 - Centro de Alto Rendimento,selec-w,92132.46,EUR,cat_0031,src_ted_opendata,file_ted_0298,lot:LOT-0003,2026-08-19
lot_00835,LOT-0004,not_0298,pro_0273,Lote 4 - Pavilhões e Estádios Municipais,Lote 4 - Pavilhões e Estádios Municipais,selec-w,1162379.68,EUR,cat_0031,src_ted_opendata,file_ted_0298,lot:LOT-0004,2026-08-19
lot_00836,LOT-0005,not_0298,pro_0273,Lote 5 - Auditórios Municipais,Lote 5 - Auditórios Municipais,selec-w,294004.56,EUR,cat_0031,src_ted_opendata,file_ted_0298,lot:LOT-0005,2026-08-19
lot_00837,LOT-0006,not_0298,pro_0273,Lote 6 - Lavagem de vidros,Lote 6 - Lavagem de vidros,selec-w,126918.96,EUR,cat_0031,src_ted_opendata,file_ted_0298,lot:LOT-0006,2026-08-19
lot_00838,LOT-0001,not_0299,pro_0274,Pakiet nr 117,"dostawa leków, środków spożywczych specjalnego przeznaczenia żywieniowego - 197 pakietów. .- opis zgodnie z załącznikiem nr 1 wykaz przedmiotu zamówienia.",selec-w,,,cat_0018,src_ted_opendata,file_ted_0299,lot:LOT-0001,2026-08-19
lot_00839,LOT-0002,not_0299,pro_0274,Pakiet nr 125,"dostawa leków, środków spożywczych specjalnego przeznaczenia żywieniowego - 197 pakietów. .- opis zgodnie z załącznikiem nr 1 wykaz przedmiotu zamówienia.",selec-w,,,cat_0018,src_ted_opendata,file_ted_0299,lot:LOT-0002,2026-08-19
lot_00840,LOT-0003,not_0299,pro_0274,Pakiet nr 4,"dostawa leków, środków spożywczych specjalnego przeznaczenia żywieniowego - 197 pakietów. .- opis zgodnie z załącznikiem nr 1 wykaz przedmiotu zamówienia.",selec-w,,,cat_0018,src_ted_opendata,file_ted_0299,lot:LOT-0003,2026-08-19
lot_00841,LOT-0004,not_0299,pro_0274,Pakiet nr 37,"dostawa leków, środków spożywczych specjalnego przeznaczenia żywieniowego - 197 pakietów. .- opis zgodnie z załącznikiem nr 1 wykaz przedmiotu zamówienia.",selec-w,,,cat_0018,src_ted_opendata,file_ted_0299,lot:LOT-0004,2026-08-19
lot_00842,LOT-0005,not_0299,pro_0274,Pakiet nr 178,"dostawa leków, środków spożywczych specjalnego przeznaczenia żywieniowego - 197 pakietów. .- opis zgodnie z załącznikiem nr 1 wykaz przedmiotu zamówienia.",selec-w,,,cat_0018,src_ted_opendata,file_ted_0299,lot:LOT-0005,2026-08-19
lot_00843,LOT-0006,not_0299,pro_0274,Pakiet nr 181,"dostawa leków, środków spożywczych specjalnego przeznaczenia żywieniowego - 197 pakietów. .- opis zgodnie z załącznikiem nr 1 wykaz przedmiotu zamówienia.",selec-w,,,cat_0018,src_ted_opendata,file_ted_0299,lot:LOT-0006,2026-08-19
lot_00844,LOT-0007,not_0299,pro_0274,Pakiet nr 184,"dostawa leków, środków spożywczych specjalnego przeznaczenia żywieniowego - 197 pakietów. .- opis zgodnie z załącznikiem nr 1 wykaz przedmiotu zamówienia.",selec-w,,,cat_0018,src_ted_opendata,file_ted_0299,lot:LOT-0007,2026-08-19
lot_00845,LOT-0008,not_0299,pro_0274,Pakiet nr 193,"dostawa leków, środków spożywczych specjalnego przeznaczenia żywieniowego - 197 pakietów. .- opis zgodnie z załącznikiem nr 1 wykaz przedmiotu zamówienia.",selec-w,,,cat_0018,src_ted_opendata,file_ted_0299,lot:LOT-0008,2026-08-19
lot_00846,LOT-0001,not_0300,pro_0004,Pakiet 48 Świadczenie usług serwisowania aparatury medycznej,Świadczenie usług serwisowania aparatury medycznej,clos-nw,,,cat_0005,src_ted_opendata,file_ted_0300,lot:LOT-0001,2026-08-19
