award_id,source_award_id,notice_id,procedure_id,lot_id,award_date,award_status,award_value,currency_code,source_id,source_file_id,source_record_id,collected_at
awd_00001,RES-0001,not_0001,pro_0001,lot_00001,2024-12-31,selec-w,,,src_ted_opendata,file_ted_0001,lot_result:RES-0001,2026-08-19
awd_00002,RES-0002,not_0001,pro_0001,lot_00002,2024-12-31,selec-w,,,src_ted_opendata,file_ted_0001,lot_result:RES-0002,2026-08-19
awd_00003,RES-0003,not_0001,pro_0001,lot_00003,2024-12-31,selec-w,,,src_ted_opendata,file_ted_0001,lot_result:RES-0003,2026-08-19
awd_00004,RES-0004,not_0001,pro_0001,lot_00004,2024-12-31,selec-w,,,src_ted_opendata,file_ted_0001,lot_result:RES-0004,2026-08-19
awd_00005,RES-0005,not_0001,pro_0001,lot_00005,2024-12-31,selec-w,,,src_ted_opendata,file_ted_0001,lot_result:RES-0005,2026-08-19
awd_00006,RES-0001,not_0002,pro_0002,lot_00006,2000-01-01,selec-w,899130,PLN,src_ted_opendata,file_ted_0002,lot_result:RES-0001,2026-08-19
awd_00007,RES-0000,not_0003,pro_0003,lot_00007,2000-01-01,selec-w,40497.8600,EUR,src_ted_opendata,file_ted_0003,lot_result:RES-0000,2026-08-19
awd_00008,RES-0001,not_0004,pro_0004,lot_00008,2000-01-01,clos-nw,,,src_ted_opendata,file_ted_0004,lot_result:RES-0001,2026-08-19
awd_00009,RES-0001,not_0005,pro_0005,lot_00009,2000-01-01,selec-w,3545730,PLN,src_ted_opendata,file_ted_0005,lot_result:RES-0001,2026-08-19
awd_00010,RES-0001,not_0006,pro_0006,lot_00010,2000-01-01,selec-w,,,src_ted_opendata,file_ted_0006,lot_result:RES-0001,2026-08-19
awd_00011,RES-0001,not_0007,pro_0007,lot_00011,2000-01-01,selec-w,3309693.48,PLN,src_ted_opendata,file_ted_0007,lot_result:RES-0001,2026-08-19
awd_00012,RES-0001,not_0008,pro_0008,lot_00012,2000-01-01,selec-w,3583334,EUR,src_ted_opendata,file_ted_0008,lot_result:RES-0001,2026-08-19
awd_00013,RES-0001,not_0009,pro_0009,lot_00013,2000-01-01,selec-w,2419500,RON,src_ted_opendata,file_ted_0009,lot_result:RES-0001,2026-08-19
awd_00014,RES-0010,not_0009,pro_0009,lot_00022,2000-01-01,selec-w,240000,RON,src_ted_opendata,file_ted_0009,lot_result:RES-0010,2026-08-19
awd_00015,RES-0008,not_0009,pro_0009,lot_00020,2000-01-01,selec-w,881000,RON,src_ted_opendata,file_ted_0009,lot_result:RES-0008,2026-08-19
awd_00016,RES-0003,not_0009,pro_0009,lot_00015,2000-01-01,selec-w,2344500,RON,src_ted_opendata,file_ted_0009,lot_result:RES-0003,2026-08-19
awd_00017,RES-0007,not_0009,pro_0009,lot_00019,2000-01-01,selec-w,864500,RON,src_ted_opendata,file_ted_0009,lot_result:RES-0007,2026-08-19
awd_00018,RES-0012,not_0009,pro_0009,lot_00024,2000-01-01,selec-w,3452800,RON,src_ted_opendata,file_ted_0009,lot_result:RES-0012,2026-08-19
awd_00019,RES-0014,not_0009,pro_0009,lot_00026,2000-01-01,selec-w,212000,RON,src_ted_opendata,file_ted_0009,lot_result:RES-0014,2026-08-19
awd_00020,RES-0013,not_0009,pro_0009,lot_00025,2000-01-01,selec-w,372000,RON,src_ted_opendata,file_ted_0009,lot_result:RES-0013,2026-08-19
awd_00021,RES-0009,not_0009,pro_0009,lot_00021,2000-01-01,selec-w,43500,RON,src_ted_opendata,file_ted_0009,lot_result:RES-0009,2026-08-19
awd_00022,RES-0002,not_0009,pro_0009,lot_00014,2000-01-01,selec-w,2080000,RON,src_ted_opendata,file_ted_0009,lot_result:RES-0002,2026-08-19
awd_00023,RES-0015,not_0009,pro_0009,lot_00027,2000-01-01,selec-w,3309000,RON,src_ted_opendata,file_ted_0009,lot_result:RES-0015,2026-08-19
awd_00024,RES-0011,not_0009,pro_0009,lot_00023,2000-01-01,selec-w,366000,RON,src_ted_opendata,file_ted_0009,lot_result:RES-0011,2026-08-19
awd_00025,RES-0004,not_0009,pro_0009,lot_00016,2000-01-01,selec-w,3071000,RON,src_ted_opendata,file_ted_0009,lot_result:RES-0004,2026-08-19
awd_00026,RES-0018,not_0009,pro_0009,lot_00030,2000-01-01,selec-w,768000,RON,src_ted_opendata,file_ted_0009,lot_result:RES-0018,2026-08-19
awd_00027,RES-0005,not_0009,pro_0009,lot_00017,2000-01-01,selec-w,639800,RON,src_ted_opendata,file_ted_0009,lot_result:RES-0005,2026-08-19
awd_00028,RES-0006,not_0009,pro_0009,lot_00018,2000-01-01,selec-w,1037000,RON,src_ted_opendata,file_ted_0009,lot_result:RES-0006,2026-08-19
awd_00029,RES-0017,not_0009,pro_0009,lot_00029,2000-01-01,selec-w,317800,RON,src_ted_opendata,file_ted_0009,lot_result:RES-0017,2026-08-19
awd_00030,RES-0016,not_0009,pro_0009,lot_00028,2000-01-01,selec-w,564100,RON,src_ted_opendata,file_ted_0009,lot_result:RES-0016,2026-08-19
awd_00031,RES-0001,not_0010,pro_0010,lot_00031,2000-01-01,selec-w,2979099.97,PLN,src_ted_opendata,file_ted_0010,lot_result:RES-0001,2026-08-19
awd_00032,RES-0001,not_0011,pro_0011,lot_00032,2000-01-01,clos-nw,,,src_ted_opendata,file_ted_0011,lot_result:RES-0001,2026-08-19
awd_00033,RES-0001,not_0012,pro_0012,lot_00033,2000-01-01,selec-w,1229385,PLN,src_ted_opendata,file_ted_0012,lot_result:RES-0001,2026-08-19
awd_00034,RES-0001,not_0013,pro_0013,lot_00034,2000-01-01,selec-w,51000,PLN,src_ted_opendata,file_ted_0013,lot_result:RES-0001,2026-08-19
awd_00035,RES-0002,not_0013,pro_0013,lot_00035,2000-01-01,selec-w,23000,PLN,src_ted_opendata,file_ted_0013,lot_result:RES-0002,2026-08-19
awd_00036,RES-0003,not_0013,pro_0013,lot_00036,2000-01-01,selec-w,153000,PLN,src_ted_opendata,file_ted_0013,lot_result:RES-0003,2026-08-19
awd_00037,RES-0004,not_0013,pro_0013,lot_00037,2000-01-01,selec-w,208000,PLN,src_ted_opendata,file_ted_0013,lot_result:RES-0004,2026-08-19
awd_00038,RES-0005,not_0013,pro_0013,lot_00038,2000-01-01,selec-w,339000,PLN,src_ted_opendata,file_ted_0013,lot_result:RES-0005,2026-08-19
awd_00039,RES-0006,not_0013,pro_0013,lot_00039,2000-01-01,selec-w,630000,PLN,src_ted_opendata,file_ted_0013,lot_result:RES-0006,2026-08-19
awd_00040,RES-0007,not_0013,pro_0013,lot_00040,2000-01-01,selec-w,336000,PLN,src_ted_opendata,file_ted_0013,lot_result:RES-0007,2026-08-19
awd_00041,RES-0008,not_0013,pro_0013,lot_00041,2000-01-01,selec-w,630000,PLN,src_ted_opendata,file_ted_0013,lot_result:RES-0008,2026-08-19
awd_00042,RES-0009,not_0013,pro_0013,lot_00042,2000-01-01,selec-w,343200,PLN,src_ted_opendata,file_ted_0013,lot_result:RES-0009,2026-08-19
awd_00043,RES-0010,not_0013,pro_0013,lot_00043,2000-01-01,selec-w,139600,PLN,src_ted_opendata,file_ted_0013,lot_result:RES-0010,2026-08-19
awd_00044,RES-0011,not_0013,pro_0013,lot_00044,2000-01-01,selec-w,84000,PLN,src_ted_opendata,file_ted_0013,lot_result:RES-0011,2026-08-19
awd_00045,RES-0012,not_0013,pro_0013,lot_00045,2000-01-01,selec-w,587287,PLN,src_ted_opendata,file_ted_0013,lot_result:RES-0012,2026-08-19
awd_00046,RES-0013,not_0013,pro_0013,lot_00046,2000-01-01,selec-w,690000,PLN,src_ted_opendata,file_ted_0013,lot_result:RES-0013,2026-08-19
awd_00047,RES-0014,not_0013,pro_0013,lot_00047,2000-01-01,selec-w,215000,PLN,src_ted_opendata,file_ted_0013,lot_result:RES-0014,2026-08-19
awd_00048,RES-0015,not_0013,pro_0013,lot_00048,2000-01-01,selec-w,139600,PLN,src_ted_opendata,file_ted_0013,lot_result:RES-0015,2026-08-19
awd_00049,RES-0016,not_0013,pro_0013,lot_00049,2000-01-01,selec-w,82685,PLN,src_ted_opendata,file_ted_0013,lot_result:RES-0016,2026-08-19
awd_00050,RES-0017,not_0013,pro_0013,lot_00050,2000-01-01,selec-w,91805,PLN,src_ted_opendata,file_ted_0013,lot_result:RES-0017,2026-08-19
awd_00051,RES-0018,not_0013,pro_0013,lot_00051,2000-01-01,selec-w,53437.5,PLN,src_ted_opendata,file_ted_0013,lot_result:RES-0018,2026-08-19
awd_00052,RES-0019,not_0013,pro_0013,lot_00052,2000-01-01,selec-w,367407.4,PLN,src_ted_opendata,file_ted_0013,lot_result:RES-0019,2026-08-19
awd_00053,RES-0020,not_0013,pro_0013,lot_00053,2000-01-01,selec-w,88875,PLN,src_ted_opendata,file_ted_0013,lot_result:RES-0020,2026-08-19
awd_00054,RES-0021,not_0013,pro_0013,lot_00054,2000-01-01,selec-w,24600,PLN,src_ted_opendata,file_ted_0013,lot_result:RES-0021,2026-08-19
awd_00055,RES-0022,not_0013,pro_0013,lot_00055,2000-01-01,selec-w,339000,PLN,src_ted_opendata,file_ted_0013,lot_result:RES-0022,2026-08-19
awd_00056,RES-0023,not_0013,pro_0013,lot_00056,2000-01-01,selec-w,252000,PLN,src_ted_opendata,file_ted_0013,lot_result:RES-0023,2026-08-19
awd_00057,RES-0024,not_0013,pro_0013,lot_00057,2000-01-01,selec-w,270000,PLN,src_ted_opendata,file_ted_0013,lot_result:RES-0024,2026-08-19
awd_00058,RES-0025,not_0013,pro_0013,lot_00058,2000-01-01,selec-w,220000,PLN,src_ted_opendata,file_ted_0013,lot_result:RES-0025,2026-08-19
awd_00059,RES-0026,not_0013,pro_0013,lot_00059,2000-01-01,selec-w,120000,PLN,src_ted_opendata,file_ted_0013,lot_result:RES-0026,2026-08-19
awd_00060,RES-0027,not_0013,pro_0013,lot_00060,2000-01-01,selec-w,311400,PLN,src_ted_opendata,file_ted_0013,lot_result:RES-0027,2026-08-19
awd_00061,RES-0000,not_0014,pro_0014,lot_00061,2000-01-01,selec-w,178986.00,EUR,src_ted_opendata,file_ted_0014,lot_result:RES-0000,2026-08-19
awd_00062,RES-0001,not_0015,pro_0015,lot_00062,2000-01-01,selec-w,77047.2,PLN,src_ted_opendata,file_ted_0015,lot_result:RES-0001,2026-08-19
awd_00063,RES-0002,not_0015,pro_0015,lot_00063,2000-01-01,selec-w,21351.6,PLN,src_ted_opendata,file_ted_0015,lot_result:RES-0002,2026-08-19
awd_00064,RES-0003,not_0015,pro_0015,lot_00064,2000-01-01,selec-w,51148.8,PLN,src_ted_opendata,file_ted_0015,lot_result:RES-0003,2026-08-19
awd_00065,RES-0004,not_0015,pro_0015,lot_00065,2000-01-01,selec-w,6513.98,PLN,src_ted_opendata,file_ted_0015,lot_result:RES-0004,2026-08-19
awd_00066,RES-0005,not_0015,pro_0015,lot_00066,2000-01-01,selec-w,4898.88,PLN,src_ted_opendata,file_ted_0015,lot_result:RES-0005,2026-08-19
awd_00067,RES-0006,not_0015,pro_0015,lot_00067,2000-01-01,selec-w,167309.28,PLN,src_ted_opendata,file_ted_0015,lot_result:RES-0006,2026-08-19
awd_00068,RES-0007,not_0015,pro_0015,lot_00068,2000-01-01,selec-w,69660,PLN,src_ted_opendata,file_ted_0015,lot_result:RES-0007,2026-08-19
awd_00069,RES-0008,not_0015,pro_0015,lot_00069,2000-01-01,selec-w,10512.13,PLN,src_ted_opendata,file_ted_0015,lot_result:RES-0008,2026-08-19
awd_00070,RES-0009,not_0015,pro_0015,lot_00070,2000-01-01,selec-w,3881.6,PLN,src_ted_opendata,file_ted_0015,lot_result:RES-0009,2026-08-19
awd_00071,RES-0010,not_0015,pro_0015,lot_00071,2000-01-01,selec-w,11057.81,PLN,src_ted_opendata,file_ted_0015,lot_result:RES-0010,2026-08-19
awd_00072,RES-0001,not_0016,pro_0016,lot_00072,2024-12-31,selec-w,2867211.6,EUR,src_ted_opendata,file_ted_0016,lot_result:RES-0001,2026-08-19
awd_00073,RES-0000,not_0017,pro_0017,lot_00073,2000-01-01,selec-w,329791.0400,EUR,src_ted_opendata,file_ted_0017,lot_result:RES-0000,2026-08-19
awd_00074,RES-0001,not_0018,pro_0018,lot_00074,2000-01-01,selec-w,496987.65,PLN,src_ted_opendata,file_ted_0018,lot_result:RES-0001,2026-08-19
awd_00075,RES-0001,not_0019,pro_0019,lot_00075,2000-01-01,selec-w,2239196.4,PLN,src_ted_opendata,file_ted_0019,lot_result:RES-0001,2026-08-19
awd_00076,RES-0001,not_0020,pro_0020,lot_00076,2000-01-01,selec-w,1480846.08,PLN,src_ted_opendata,file_ted_0020,lot_result:RES-0001,2026-08-19
awd_00077,RES-0001,not_0021,pro_0004,lot_00077,2000-01-01,clos-nw,,,src_ted_opendata,file_ted_0021,lot_result:RES-0001,2026-08-19
awd_00078,RES-0001,not_0022,pro_0004,lot_00078,2000-01-01,clos-nw,,,src_ted_opendata,file_ted_0022,lot_result:RES-0001,2026-08-19
awd_00079,RES-0001,not_0023,pro_0021,lot_00079,2000-01-01,selec-w,390412.8,EUR,src_ted_opendata,file_ted_0023,lot_result:RES-0001,2026-08-19
awd_00080,RES-0005,not_0024,pro_0022,lot_00084,2000-01-01,selec-w,8600,RON,src_ted_opendata,file_ted_0024,lot_result:RES-0005,2026-08-19
awd_00081,RES-0002,not_0024,pro_0022,lot_00081,2000-01-01,selec-w,43723.8,RON,src_ted_opendata,file_ted_0024,lot_result:RES-0002,2026-08-19
awd_00082,RES-0007,not_0024,pro_0022,lot_00086,2000-01-01,selec-w,292.5,RON,src_ted_opendata,file_ted_0024,lot_result:RES-0007,2026-08-19
awd_00083,RES-0004,not_0024,pro_0022,lot_00083,2000-01-01,selec-w,4370.8,RON,src_ted_opendata,file_ted_0024,lot_result:RES-0004,2026-08-19
awd_00084,RES-0003,not_0024,pro_0022,lot_00082,2000-01-01,selec-w,38160,RON,src_ted_opendata,file_ted_0024,lot_result:RES-0003,2026-08-19
awd_00085,RES-0008,not_0024,pro_0022,lot_00087,2000-01-01,selec-w,7300.8,RON,src_ted_opendata,file_ted_0024,lot_result:RES-0008,2026-08-19
awd_00086,RES-0006,not_0024,pro_0022,lot_00085,2000-01-01,selec-w,29880,RON,src_ted_opendata,file_ted_0024,lot_result:RES-0006,2026-08-19
awd_00087,RES-0001,not_0024,pro_0022,lot_00080,2000-01-01,selec-w,965580,RON,src_ted_opendata,file_ted_0024,lot_result:RES-0001,2026-08-19
awd_00088,RES-0009,not_0024,pro_0022,lot_00088,2000-01-01,clos-nw,,,src_ted_opendata,file_ted_0024,lot_result:RES-0009,2026-08-19
awd_00089,RES-0001,not_0025,pro_0023,lot_00089,1970-01-01,selec-w,559008,EUR,src_ted_opendata,file_ted_0025,lot_result:RES-0001,2026-08-19
awd_00090,RES-0001,not_0026,pro_0024,lot_00090,2000-01-01,selec-w,4000,EUR,src_ted_opendata,file_ted_0026,lot_result:RES-0001,2026-08-19
awd_00091,RES-0001,not_0027,pro_0025,lot_00091,2000-01-01,clos-nw,,,src_ted_opendata,file_ted_0027,lot_result:RES-0001,2026-08-19
awd_00092,RES-0001,not_0028,pro_0026,lot_00092,2000-01-01,selec-w,5959833,PLN,src_ted_opendata,file_ted_0028,lot_result:RES-0001,2026-08-19
awd_00093,RES-0001,not_0029,pro_0027,lot_00093,2000-01-01,selec-w,1080000,EUR,src_ted_opendata,file_ted_0029,lot_result:RES-0001,2026-08-19
awd_00094,RES-0001,not_0030,pro_0028,lot_00094,2000-01-01,selec-w,1860000.00,PLN,src_ted_opendata,file_ted_0030,lot_result:RES-0001,2026-08-19
awd_00095,RES-0001,not_0031,pro_0029,lot_00095,2024-11-14,selec-w,400815.91,EUR,src_ted_opendata,file_ted_0031,lot_result:RES-0001,2026-08-19
awd_00096,RES-0001,not_0032,pro_0030,lot_00096,2000-01-01,selec-w,1050380,EUR,src_ted_opendata,file_ted_0032,lot_result:RES-0001,2026-08-19
awd_00097,RES-0001,not_0033,pro_0031,lot_00097,2000-01-01,selec-w,243621.36,EUR,src_ted_opendata,file_ted_0033,lot_result:RES-0001,2026-08-19
awd_00098,RES-0002,not_0033,pro_0031,lot_00097,2000-01-01,selec-w,334117.78,EUR,src_ted_opendata,file_ted_0033,lot_result:RES-0002,2026-08-19
awd_00099,RES-0003,not_0033,pro_0031,lot_00097,2000-01-01,selec-w,6931.35,EUR,src_ted_opendata,file_ted_0033,lot_result:RES-0003,2026-08-19
awd_00100,RES-0001,not_0034,pro_0032,lot_00098,2000-01-01,selec-w,33830.0000,EUR,src_ted_opendata,file_ted_0034,lot_result:RES-0001,2026-08-19
awd_00101,RES-0002,not_0034,pro_0032,lot_00099,2000-01-01,selec-w,33990.0000,EUR,src_ted_opendata,file_ted_0034,lot_result:RES-0002,2026-08-19
awd_00102,RES-0003,not_0034,pro_0032,lot_00100,2000-01-01,selec-w,16990.0000,EUR,src_ted_opendata,file_ted_0034,lot_result:RES-0003,2026-08-19
awd_00103,RES-0001,not_0035,pro_0033,lot_00101,2000-01-01,selec-w,1025724,PLN,src_ted_opendata,file_ted_0035,lot_result:RES-0001,2026-08-19
awd_00104,RES-0001,not_0036,pro_0034,lot_00102,2000-01-01,selec-w,,,src_ted_opendata,file_ted_0036,lot_result:RES-0001,2026-08-19
awd_00105,RES-0002,not_0036,pro_0034,lot_00103,2000-01-01,selec-w,,,src_ted_opendata,file_ted_0036,lot_result:RES-0002,2026-08-19
awd_00106,RES-0003,not_0036,pro_0034,lot_00104,2000-01-01,selec-w,,,src_ted_opendata,file_ted_0036,lot_result:RES-0003,2026-08-19
awd_00107,RES-0003,not_0037,pro_0035,lot_00105,2024-12-30,selec-w,2243086.84,EUR,src_ted_opendata,file_ted_0037,lot_result:RES-0003,2026-08-19
awd_00108,RES-0001,not_0038,pro_0004,lot_00106,2000-01-01,clos-nw,,,src_ted_opendata,file_ted_0038,lot_result:RES-0001,2026-08-19
awd_00109,RES-0001,not_0039,pro_0036,lot_00107,2024-12-31,selec-w,987500.00,BGN,src_ted_opendata,file_ted_0039,lot_result:RES-0001,2026-08-19
awd_00110,RES-0002,not_0039,pro_0036,lot_00108,2024-12-31,selec-w,908500.00,BGN,src_ted_opendata,file_ted_0039,lot_result:RES-0002,2026-08-19
awd_00111,RES-0001,not_0040,pro_0037,lot_00109,2000-01-01,selec-w,471932.86,PLN,src_ted_opendata,file_ted_0040,lot_result:RES-0001,2026-08-19
awd_00112,RES-0002,not_0040,pro_0037,lot_00110,2000-01-01,selec-w,305793.81,PLN,src_ted_opendata,file_ted_0040,lot_result:RES-0002,2026-08-19
awd_00113,RES-0003,not_0040,pro_0037,lot_00111,2000-01-01,selec-w,126421.89,PLN,src_ted_opendata,file_ted_0040,lot_result:RES-0003,2026-08-19
awd_00114,RES-0004,not_0040,pro_0037,lot_00112,2000-01-01,selec-w,149508.02,PLN,src_ted_opendata,file_ted_0040,lot_result:RES-0004,2026-08-19
awd_00115,RES-0005,not_0040,pro_0037,lot_00113,2000-01-01,selec-w,72265.25,PLN,src_ted_opendata,file_ted_0040,lot_result:RES-0005,2026-08-19
awd_00116,RES-0006,not_0040,pro_0037,lot_00114,2000-01-01,selec-w,355636.41,PLN,src_ted_opendata,file_ted_0040,lot_result:RES-0006,2026-08-19
awd_00117,RES-0007,not_0040,pro_0037,lot_00115,2000-01-01,selec-w,24263.14,PLN,src_ted_opendata,file_ted_0040,lot_result:RES-0007,2026-08-19
awd_00118,RES-0008,not_0040,pro_0037,lot_00116,2000-01-01,clos-nw,,,src_ted_opendata,file_ted_0040,lot_result:RES-0008,2026-08-19
awd_00119,RES-0001,not_0041,pro_0038,lot_00117,2024-12-26,selec-w,1408141.89,EUR,src_ted_opendata,file_ted_0041,lot_result:RES-0001,2026-08-19
awd_00120,RES-0002,not_0041,pro_0038,lot_00118,2024-12-26,selec-w,1462678.47,EUR,src_ted_opendata,file_ted_0041,lot_result:RES-0002,2026-08-19
awd_00121,RES-0001,not_0042,pro_0039,lot_00119,2000-01-01,selec-w,,,src_ted_opendata,file_ted_0042,lot_result:RES-0001,2026-08-19
awd_00122,RES-0004,not_0042,pro_0039,lot_00122,2000-01-01,selec-w,,,src_ted_opendata,file_ted_0042,lot_result:RES-0004,2026-08-19
awd_00123,RES-0003,not_0042,pro_0039,lot_00121,2000-01-01,selec-w,,,src_ted_opendata,file_ted_0042,lot_result:RES-0003,2026-08-19
awd_00124,RES-0002,not_0042,pro_0039,lot_00120,2000-01-01,selec-w,,,src_ted_opendata,file_ted_0042,lot_result:RES-0002,2026-08-19
awd_00125,RES-0009,not_0043,pro_0040,lot_00131,2000-01-01,selec-w,20439.4,RON,src_ted_opendata,file_ted_0043,lot_result:RES-0009,2026-08-19
awd_00126,RES-0016,not_0043,pro_0040,lot_00138,2000-01-01,selec-w,49709.44,RON,src_ted_opendata,file_ted_0043,lot_result:RES-0016,2026-08-19
awd_00127,RES-0013,not_0043,pro_0040,lot_00135,2000-01-01,selec-w,22415,RON,src_ted_opendata,file_ted_0043,lot_result:RES-0013,2026-08-19
awd_00128,RES-0005,not_0043,pro_0040,lot_00127,2000-01-01,selec-w,2090.9,RON,src_ted_opendata,file_ted_0043,lot_result:RES-0005,2026-08-19
awd_00129,RES-0004,not_0043,pro_0040,lot_00126,2000-01-01,selec-w,14082.14,RON,src_ted_opendata,file_ted_0043,lot_result:RES-0004,2026-08-19
awd_00130,RES-0001,not_0043,pro_0040,lot_00123,2000-01-01,selec-w,48411.25,RON,src_ted_opendata,file_ted_0043,lot_result:RES-0001,2026-08-19
awd_00131,RES-0006,not_0043,pro_0040,lot_00128,2000-01-01,selec-w,1686,RON,src_ted_opendata,file_ted_0043,lot_result:RES-0006,2026-08-19
awd_00132,RES-0012,not_0043,pro_0040,lot_00134,2000-01-01,selec-w,6747.9,RON,src_ted_opendata,file_ted_0043,lot_result:RES-0012,2026-08-19
awd_00133,RES-0003,not_0043,pro_0040,lot_00125,2000-01-01,selec-w,7900,RON,src_ted_opendata,file_ted_0043,lot_result:RES-0003,2026-08-19
awd_00134,RES-0014,not_0043,pro_0040,lot_00136,2000-01-01,selec-w,11778.8,RON,src_ted_opendata,file_ted_0043,lot_result:RES-0014,2026-08-19
awd_00135,RES-0015,not_0043,pro_0040,lot_00137,2000-01-01,selec-w,85243.2,RON,src_ted_opendata,file_ted_0043,lot_result:RES-0015,2026-08-19
awd_00136,RES-0007,not_0043,pro_0040,lot_00129,2000-01-01,selec-w,30425.6,RON,src_ted_opendata,file_ted_0043,lot_result:RES-0007,2026-08-19
awd_00137,RES-0011,not_0043,pro_0040,lot_00133,2000-01-01,selec-w,45083,RON,src_ted_opendata,file_ted_0043,lot_result:RES-0011,2026-08-19
awd_00138,RES-0010,not_0043,pro_0040,lot_00132,2000-01-01,selec-w,62464.1,RON,src_ted_opendata,file_ted_0043,lot_result:RES-0010,2026-08-19
awd_00139,RES-0002,not_0043,pro_0040,lot_00124,2000-01-01,clos-nw,,,src_ted_opendata,file_ted_0043,lot_result:RES-0002,2026-08-19
awd_00140,RES-0008,not_0043,pro_0040,lot_00130,2000-01-01,clos-nw,,,src_ted_opendata,file_ted_0043,lot_result:RES-0008,2026-08-19
awd_00141,RES-0001,not_0044,pro_0041,lot_00139,2000-01-01,selec-w,3563246.21,PLN,src_ted_opendata,file_ted_0044,lot_result:RES-0001,2026-08-19
awd_00142,RES-0001,not_0045,pro_0042,lot_00140,2024-12-12,selec-w,1928.74,EUR,src_ted_opendata,file_ted_0045,lot_result:RES-0001,2026-08-19
awd_00143,RES-0001,not_0046,pro_0043,lot_00141,2000-01-01,selec-w,166,EUR,src_ted_opendata,file_ted_0046,lot_result:RES-0001,2026-08-19
awd_00144,RES-0001,not_0047,pro_0044,lot_00142,2000-01-01,selec-w,37431306.9,PLN,src_ted_opendata,file_ted_0047,lot_result:RES-0001,2026-08-19
awd_00145,RES-0002,not_0047,pro_0044,lot_00143,2000-01-01,selec-w,12716812.08,PLN,src_ted_opendata,file_ted_0047,lot_result:RES-0002,2026-08-19
awd_00146,RES-0003,not_0047,pro_0044,lot_00144,2000-01-01,selec-w,28428312.42,PLN,src_ted_opendata,file_ted_0047,lot_result:RES-0003,2026-08-19
awd_00147,RES-0001,not_0048,pro_0045,lot_00145,2024-12-30,selec-w,646079.4,EUR,src_ted_opendata,file_ted_0048,lot_result:RES-0001,2026-08-19
awd_00148,RES-0001,not_0049,pro_0046,lot_00146,2000-01-01,clos-nw,,,src_ted_opendata,file_ted_0049,lot_result:RES-0001,2026-08-19
awd_00149,RES-0002,not_0049,pro_0046,lot_00147,2000-01-01,clos-nw,,,src_ted_opendata,file_ted_0049,lot_result:RES-0002,2026-08-19
awd_00150,RES-0001,not_0050,pro_0004,lot_00148,2000-01-01,clos-nw,,,src_ted_opendata,file_ted_0050,lot_result:RES-0001,2026-08-19
awd_00151,RES-0001,not_0051,pro_0047,lot_00149,2000-01-01,selec-w,0.10,EUR,src_ted_opendata,file_ted_0051,lot_result:RES-0001,2026-08-19
awd_00152,RES-0001,not_0052,pro_0048,lot_00150,2000-01-01,selec-w,150000000.00,HUF,src_ted_opendata,file_ted_0052,lot_result:RES-0001,2026-08-19
awd_00153,RES-0002,not_0052,pro_0048,lot_00151,2000-01-01,selec-w,60000000.00,HUF,src_ted_opendata,file_ted_0052,lot_result:RES-0002,2026-08-19
awd_00154,RES-0001,not_0053,pro_0049,lot_00152,2000-01-01,selec-w,,,src_ted_opendata,file_ted_0053,lot_result:RES-0001,2026-08-19
awd_00155,RES-0001,not_0054,pro_0050,lot_00153,2000-01-01,selec-w,3932121.15,PLN,src_ted_opendata,file_ted_0054,lot_result:RES-0001,2026-08-19
awd_00156,RES-0001,not_0055,pro_0051,lot_00154,2000-01-01,selec-w,8047512,PLN,src_ted_opendata,file_ted_0055,lot_result:RES-0001,2026-08-19
awd_00157,RES-0001,not_0056,pro_0052,lot_00155,2000-01-01,selec-w,41160,EUR,src_ted_opendata,file_ted_0056,lot_result:RES-0001,2026-08-19
awd_00158,RES-0001,not_0057,pro_0053,lot_00156,2024-10-23,selec-w,486706.00,EUR,src_ted_opendata,file_ted_0057,lot_result:RES-0001,2026-08-19
awd_00159,RES-0002,not_0057,pro_0053,lot_00157,2024-10-23,selec-w,9450.00,EUR,src_ted_opendata,file_ted_0057,lot_result:RES-0002,2026-08-19
awd_00160,RES-0003,not_0057,pro_0053,lot_00158,2024-10-23,selec-w,16337.40,EUR,src_ted_opendata,file_ted_0057,lot_result:RES-0003,2026-08-19
awd_00161,RES-0001,not_0058,pro_0054,lot_00159,2000-01-01,selec-w,540217.44,PLN,src_ted_opendata,file_ted_0058,lot_result:RES-0001,2026-08-19
awd_00162,RES-0001,not_0059,pro_0055,lot_00160,2024-11-26,selec-w,260150,EUR,src_ted_opendata,file_ted_0059,lot_result:RES-0001,2026-08-19
awd_00163,RES-0001,not_0060,pro_0056,lot_00161,2000-01-01,selec-w,1863676.83,PLN,src_ted_opendata,file_ted_0060,lot_result:RES-0001,2026-08-19
awd_00164,RES-0001,not_0061,pro_0057,lot_00162,2000-01-01,selec-w,19504930.00,HUF,src_ted_opendata,file_ted_0061,lot_result:RES-0001,2026-08-19
awd_00165,RES-0000,not_0062,pro_0058,lot_00163,2000-01-01,selec-w,100000.00,EUR,src_ted_opendata,file_ted_0062,lot_result:RES-0000,2026-08-19
awd_00166,RES-0001,not_0062,pro_0058,lot_00164,2000-01-01,selec-w,195000.00,EUR,src_ted_opendata,file_ted_0062,lot_result:RES-0001,2026-08-19
awd_00167,RES-0001,not_0063,pro_0004,lot_00165,2000-01-01,clos-nw,,,src_ted_opendata,file_ted_0063,lot_result:RES-0001,2026-08-19
awd_00168,RES-0001,not_0064,pro_0059,lot_00166,2000-01-01,selec-w,434378.4,EUR,src_ted_opendata,file_ted_0064,lot_result:RES-0001,2026-08-19
awd_00169,RES-0001,not_0065,pro_0060,lot_00167,2000-01-01,selec-w,142270.92,EUR,src_ted_opendata,file_ted_0065,lot_result:RES-0001,2026-08-19
awd_00170,RES-0001,not_0066,pro_0061,lot_00168,2000-01-01,selec-w,,,src_ted_opendata,file_ted_0066,lot_result:RES-0001,2026-08-19
awd_00171,RES-0001,not_0067,pro_0062,lot_00169,2000-01-01,selec-w,4062510.72,PLN,src_ted_opendata,file_ted_0067,lot_result:RES-0001,2026-08-19
awd_00172,RES-0001,not_0068,pro_0063,lot_00170,2000-01-01,selec-w,124701660,PLN,src_ted_opendata,file_ted_0068,lot_result:RES-0001,2026-08-19
awd_00173,RES-0001,not_0069,pro_0064,lot_00171,2024-12-10,selec-w,,,src_ted_opendata,file_ted_0069,lot_result:RES-0001,2026-08-19
awd_00174,RES-0001,not_0070,pro_0065,lot_00172,2000-01-01,selec-w,3934999,EUR,src_ted_opendata,file_ted_0070,lot_result:RES-0001,2026-08-19
awd_00175,RES-0001,not_0071,pro_0066,lot_00173,1970-01-01,selec-w,507221,EUR,src_ted_opendata,file_ted_0071,lot_result:RES-0001,2026-08-19
awd_00176,RES-0001,not_0072,pro_0067,lot_00174,2000-01-01,selec-w,89649,EUR,src_ted_opendata,file_ted_0072,lot_result:RES-0001,2026-08-19
awd_00177,RES-0002,not_0072,pro_0067,lot_00175,2000-01-01,selec-w,116797.5,EUR,src_ted_opendata,file_ted_0072,lot_result:RES-0002,2026-08-19
awd_00178,RES-0003,not_0072,pro_0067,lot_00176,2000-01-01,selec-w,57985,EUR,src_ted_opendata,file_ted_0072,lot_result:RES-0003,2026-08-19
awd_00179,RES-0004,not_0072,pro_0067,lot_00177,2000-01-01,selec-w,50768,EUR,src_ted_opendata,file_ted_0072,lot_result:RES-0004,2026-08-19
awd_00180,RES-0005,not_0072,pro_0067,lot_00178,2000-01-01,selec-w,26216,EUR,src_ted_opendata,file_ted_0072,lot_result:RES-0005,2026-08-19
awd_00181,RES-0001,not_0073,pro_0068,lot_00179,0001-01-01,selec-w,339747.72,EUR,src_ted_opendata,file_ted_0073,lot_result:RES-0001,2026-08-19
awd_00182,RES-0001,not_0074,pro_0069,lot_00180,2000-01-01,selec-w,100000,EUR,src_ted_opendata,file_ted_0074,lot_result:RES-0001,2026-08-19
awd_00183,RES-0002,not_0074,pro_0069,lot_00181,2000-01-01,selec-w,400000,EUR,src_ted_opendata,file_ted_0074,lot_result:RES-0002,2026-08-19
awd_00184,RES-0003,not_0074,pro_0069,lot_00182,2000-01-01,selec-w,25000,EUR,src_ted_opendata,file_ted_0074,lot_result:RES-0003,2026-08-19
awd_00185,RES-0004,not_0074,pro_0069,lot_00183,2000-01-01,selec-w,20000,EUR,src_ted_opendata,file_ted_0074,lot_result:RES-0004,2026-08-19
awd_00186,RES-0005,not_0074,pro_0069,lot_00184,2000-01-01,selec-w,10000,EUR,src_ted_opendata,file_ted_0074,lot_result:RES-0005,2026-08-19
awd_00187,RES-0006,not_0074,pro_0069,lot_00185,2000-01-01,selec-w,20000,EUR,src_ted_opendata,file_ted_0074,lot_result:RES-0006,2026-08-19
awd_00188,RES-0007,not_0074,pro_0069,lot_00186,2000-01-01,selec-w,10000,EUR,src_ted_opendata,file_ted_0074,lot_result:RES-0007,2026-08-19
awd_00189,RES-0008,not_0074,pro_0069,lot_00187,2000-01-01,selec-w,10000,EUR,src_ted_opendata,file_ted_0074,lot_result:RES-0008,2026-08-19
awd_00190,RES-0009,not_0074,pro_0069,lot_00188,2000-01-01,selec-w,10000,EUR,src_ted_opendata,file_ted_0074,lot_result:RES-0009,2026-08-19
awd_00191,RES-0010,not_0074,pro_0069,lot_00189,2000-01-01,selec-w,30000,EUR,src_ted_opendata,file_ted_0074,lot_result:RES-0010,2026-08-19
awd_00192,RES-0011,not_0074,pro_0069,lot_00190,2000-01-01,selec-w,10000,EUR,src_ted_opendata,file_ted_0074,lot_result:RES-0011,2026-08-19
awd_00193,RES-0012,not_0074,pro_0069,lot_00191,2000-01-01,selec-w,30000,EUR,src_ted_opendata,file_ted_0074,lot_result:RES-0012,2026-08-19
awd_00194,RES-0013,not_0074,pro_0069,lot_00192,2000-01-01,selec-w,70000,EUR,src_ted_opendata,file_ted_0074,lot_result:RES-0013,2026-08-19
awd_00195,RES-0000,not_0075,pro_0070,lot_00193,2000-01-01,clos-nw,,,src_ted_opendata,file_ted_0075,lot_result:RES-0000,2026-08-19
awd_00196,RES-0001,not_0075,pro_0070,lot_00194,2000-01-01,clos-nw,,,src_ted_opendata,file_ted_0075,lot_result:RES-0001,2026-08-19
awd_00197,RES-0001,not_0076,pro_0071,lot_00195,2000-01-01,selec-w,241650.72,PLN,src_ted_opendata,file_ted_0076,lot_result:RES-0001,2026-08-19
awd_00198,RES-0001,not_0077,pro_0072,lot_00196,2000-01-01,selec-w,525000,PLN,src_ted_opendata,file_ted_0077,lot_result:RES-0001,2026-08-19
awd_00199,RES-0002,not_0077,pro_0072,lot_00197,2000-01-01,selec-w,380000,PLN,src_ted_opendata,file_ted_0077,lot_result:RES-0002,2026-08-19
awd_00200,RES-0003,not_0077,pro_0072,lot_00198,2000-01-01,selec-w,75000,PLN,src_ted_opendata,file_ted_0077,lot_result:RES-0003,2026-08-19
awd_00201,RES-0004,not_0077,pro_0072,lot_00199,2000-01-01,selec-w,333000,PLN,src_ted_opendata,file_ted_0077,lot_result:RES-0004,2026-08-19
awd_00202,RES-0005,not_0077,pro_0072,lot_00200,2000-01-01,selec-w,123000,PLN,src_ted_opendata,file_ted_0077,lot_result:RES-0005,2026-08-19
awd_00203,RES-0006,not_0077,pro_0072,lot_00201,2000-01-01,selec-w,58000,PLN,src_ted_opendata,file_ted_0077,lot_result:RES-0006,2026-08-19
awd_00204,RES-0007,not_0077,pro_0072,lot_00202,2000-01-01,selec-w,316000,PLN,src_ted_opendata,file_ted_0077,lot_result:RES-0007,2026-08-19
awd_00205,RES-0008,not_0077,pro_0072,lot_00203,2000-01-01,selec-w,325000,PLN,src_ted_opendata,file_ted_0077,lot_result:RES-0008,2026-08-19
awd_00206,RES-0009,not_0077,pro_0072,lot_00204,2000-01-01,selec-w,12900,PLN,src_ted_opendata,file_ted_0077,lot_result:RES-0009,2026-08-19
awd_00207,RES-0010,not_0077,pro_0072,lot_00205,2000-01-01,selec-w,115600,PLN,src_ted_opendata,file_ted_0077,lot_result:RES-0010,2026-08-19
awd_00208,RES-0011,not_0077,pro_0072,lot_00206,2000-01-01,selec-w,249600,PLN,src_ted_opendata,file_ted_0077,lot_result:RES-0011,2026-08-19
awd_00209,RES-0012,not_0077,pro_0072,lot_00207,2000-01-01,selec-w,149600,PLN,src_ted_opendata,file_ted_0077,lot_result:RES-0012,2026-08-19
awd_00210,RES-0013,not_0077,pro_0072,lot_00208,2000-01-01,selec-w,672000,PLN,src_ted_opendata,file_ted_0077,lot_result:RES-0013,2026-08-19
awd_00211,RES-0001,not_0078,pro_0073,lot_00209,1970-01-01,selec-w,,,src_ted_opendata,file_ted_0078,lot_result:RES-0001,2026-08-19
awd_00212,RES-0002,not_0078,pro_0073,lot_00210,1970-01-01,selec-w,,,src_ted_opendata,file_ted_0078,lot_result:RES-0002,2026-08-19
awd_00213,RES-0000,not_0079,pro_0074,lot_00211,2000-01-01,selec-w,2.07,EUR,src_ted_opendata,file_ted_0079,lot_result:RES-0000,2026-08-19
awd_00214,RES-0000,not_0080,pro_0075,lot_00212,2000-01-01,selec-w,,,src_ted_opendata,file_ted_0080,lot_result:RES-0000,2026-08-19
awd_00215,RES-0001,not_0081,pro_0076,lot_00213,2024-12-30,selec-w,88500,EUR,src_ted_opendata,file_ted_0081,lot_result:RES-0001,2026-08-19
awd_00216,RES-0001,not_0082,pro_0077,lot_00214,2000-01-01,selec-w,224675,EUR,src_ted_opendata,file_ted_0082,lot_result:RES-0001,2026-08-19
awd_00217,RES-0003,not_0082,pro_0077,lot_00215,2000-01-01,selec-w,224675,EUR,src_ted_opendata,file_ted_0082,lot_result:RES-0003,2026-08-19
awd_00218,RES-0001,not_0083,pro_0078,lot_00216,2000-01-01,selec-w,4883411.7,EUR,src_ted_opendata,file_ted_0083,lot_result:RES-0001,2026-08-19
awd_00219,RES-0001,not_0084,pro_0079,lot_00217,2000-01-01,clos-nw,,,src_ted_opendata,file_ted_0084,lot_result:RES-0001,2026-08-19
awd_00220,RES-0002,not_0084,pro_0079,lot_00218,2000-01-01,clos-nw,,,src_ted_opendata,file_ted_0084,lot_result:RES-0002,2026-08-19
awd_00221,RES-0003,not_0084,pro_0079,lot_00219,2000-01-01,selec-w,96432.52,EUR,src_ted_opendata,file_ted_0084,lot_result:RES-0003,2026-08-19
awd_00222,RES-0004,not_0084,pro_0079,lot_00220,2000-01-01,clos-nw,,,src_ted_opendata,file_ted_0084,lot_result:RES-0004,2026-08-19
awd_00223,RES-0001,not_0085,pro_0080,lot_00221,2000-01-01,selec-w,459126,EUR,src_ted_opendata,file_ted_0085,lot_result:RES-0001,2026-08-19
awd_00224,RES-0001,not_0086,pro_0081,lot_00222,2000-01-01,selec-w,3236069080,PLN,src_ted_opendata,file_ted_0086,lot_result:RES-0001,2026-08-19
awd_00225,RES-0001,not_0087,pro_0082,lot_00223,2024-12-31,selec-w,22998.75,BGN,src_ted_opendata,file_ted_0087,lot_result:RES-0001,2026-08-19
awd_00226,RES-0001,not_0088,pro_0083,lot_00224,2000-01-01,clos-nw,,,src_ted_opendata,file_ted_0088,lot_result:RES-0001,2026-08-19
awd_00227,RES-0001,not_0089,pro_0084,lot_00225,2024-12-31,selec-w,1289684.00,BGN,src_ted_opendata,file_ted_0089,lot_result:RES-0001,2026-08-19
awd_00228,RES-0000,not_0090,pro_0085,lot_00226,2000-01-01,selec-w,,,src_ted_opendata,file_ted_0090,lot_result:RES-0000,2026-08-19
awd_00229,RES-0001,not_0091,pro_0086,lot_00227,2000-01-01,selec-w,22425555,PLN,src_ted_opendata,file_ted_0091,lot_result:RES-0001,2026-08-19
awd_00230,RES-0001,not_0092,pro_0087,lot_00228,2000-01-01,selec-w,218725.98,PLN,src_ted_opendata,file_ted_0092,lot_result:RES-0001,2026-08-19
awd_00231,RES-0001,not_0093,pro_0088,lot_00229,2000-01-01,selec-w,,,src_ted_opendata,file_ted_0093,lot_result:RES-0001,2026-08-19
awd_00232,RES-0003,not_0094,pro_0089,lot_00230,2000-01-01,selec-w,866910.0,CHF,src_ted_opendata,file_ted_0094,lot_result:RES-0003,2026-08-19
awd_00233,RES-0001,not_0095,pro_0090,lot_00231,2000-01-01,clos-nw,,,src_ted_opendata,file_ted_0095,lot_result:RES-0001,2026-08-19
awd_00234,RES-0001,not_0096,pro_0091,lot_00232,2000-01-01,selec-w,748832.84,PLN,src_ted_opendata,file_ted_0096,lot_result:RES-0001,2026-08-19
awd_00235,RES-0001,not_0097,pro_0004,lot_00233,2000-01-01,clos-nw,,,src_ted_opendata,file_ted_0097,lot_result:RES-0001,2026-08-19
awd_00236,RES-0001,not_0098,pro_0004,lot_00234,2000-01-01,clos-nw,,,src_ted_opendata,file_ted_0098,lot_result:RES-0001,2026-08-19
awd_00237,RES-0001,not_0099,pro_0092,lot_00235,2000-01-01,selec-w,194771.80,EUR,src_ted_opendata,file_ted_0099,lot_result:RES-0001,2026-08-19
awd_00238,RES-0001,not_0100,pro_0093,lot_00236,2024-12-30,selec-w,,,src_ted_opendata,file_ted_0100,lot_result:RES-0001,2026-08-19
awd_00239,RES-0000,not_0101,pro_0094,lot_00237,2000-01-01,selec-w,,,src_ted_opendata,file_ted_0101,lot_result:RES-0000,2026-08-19
awd_00240,RES-0001,not_0102,pro_0095,lot_00238,2000-01-01,clos-nw,,,src_ted_opendata,file_ted_0102,lot_result:RES-0001,2026-08-19
awd_00241,RES-0002,not_0102,pro_0095,lot_00240,2000-01-01,clos-nw,,,src_ted_opendata,file_ted_0102,lot_result:RES-0002,2026-08-19
awd_00242,RES-0003,not_0102,pro_0095,lot_00239,2000-01-01,clos-nw,,,src_ted_opendata,file_ted_0102,lot_result:RES-0003,2026-08-19
awd_00243,RES-0004,not_0102,pro_0095,lot_00247,2000-01-01,clos-nw,,,src_ted_opendata,file_ted_0102,lot_result:RES-0004,2026-08-19
awd_00244,RES-0005,not_0102,pro_0095,lot_00246,2000-01-01,clos-nw,,,src_ted_opendata,file_ted_0102,lot_result:RES-0005,2026-08-19
awd_00245,RES-0006,not_0102,pro_0095,lot_00245,2000-01-01,clos-nw,,,src_ted_opendata,file_ted_0102,lot_result:RES-0006,2026-08-19
awd_00246,RES-0007,not_0102,pro_0095,lot_00242,2000-01-01,clos-nw,,,src_ted_opendata,file_ted_0102,lot_result:RES-0007,2026-08-19
awd_00247,RES-0008,not_0102,pro_0095,lot_00241,2000-01-01,clos-nw,,,src_ted_opendata,file_ted_0102,lot_result:RES-0008,2026-08-19
awd_00248,RES-0009,not_0102,pro_0095,lot_00244,2000-01-01,clos-nw,,,src_ted_opendata,file_ted_0102,lot_result:RES-0009,2026-08-19
awd_00249,RES-0010,not_0102,pro_0095,lot_00243,2000-01-01,clos-nw,,,src_ted_opendata,file_ted_0102,lot_result:RES-0010,2026-08-19
awd_00250,RES-0001,not_0103,pro_0004,lot_00248,2000-01-01,clos-nw,,,src_ted_opendata,file_ted_0103,lot_result:RES-0001,2026-08-19
awd_00251,RES-0001,not_0104,pro_0096,lot_00249,2000-01-01,selec-w,300000,EUR,src_ted_opendata,file_ted_0104,lot_result:RES-0001,2026-08-19
awd_00252,RES-0001,not_0105,pro_0097,lot_00250,2000-01-01,clos-nw,,,src_ted_opendata,file_ted_0105,lot_result:RES-0001,2026-08-19
awd_00253,RES-0001,not_0106,pro_0098,lot_00251,2000-01-01,selec-w,57437000,CZK,src_ted_opendata,file_ted_0106,lot_result:RES-0001,2026-08-19
awd_00254,RES-0001,not_0107,pro_0099,lot_00252,2000-01-01,selec-w,899970,PLN,src_ted_opendata,file_ted_0107,lot_result:RES-0001,2026-08-19
awd_00255,RES-0001,not_0108,pro_0100,lot_00253,2000-01-01,selec-w,,,src_ted_opendata,file_ted_0108,lot_result:RES-0001,2026-08-19
awd_00256,RES-0001,not_0109,pro_0101,lot_00254,2000-01-01,selec-w,27634304.36,PLN,src_ted_opendata,file_ted_0109,lot_result:RES-0001,2026-08-19
awd_00257,RES-0001,not_0110,pro_0004,lot_00255,2000-01-01,clos-nw,,,src_ted_opendata,file_ted_0110,lot_result:RES-0001,2026-08-19
awd_00258,RES-0001,not_0111,pro_0102,lot_00256,2000-01-01,selec-w,360000,EUR,src_ted_opendata,file_ted_0111,lot_result:RES-0001,2026-08-19
awd_00259,RES-0000,not_0112,pro_0103,lot_00257,2000-01-01,selec-w,108491.5,RON,src_ted_opendata,file_ted_0112,lot_result:RES-0000,2026-08-19
awd_00260,RES-0001,not_0113,pro_0004,lot_00258,2000-01-01,clos-nw,,,src_ted_opendata,file_ted_0113,lot_result:RES-0001,2026-08-19
awd_00261,RES-0001,not_0114,pro_0104,lot_00259,2000-01-01,selec-w,501124.14,PLN,src_ted_opendata,file_ted_0114,lot_result:RES-0001,2026-08-19
awd_00262,RES-0002,not_0114,pro_0104,lot_00261,2000-01-01,selec-w,1078604.5,PLN,src_ted_opendata,file_ted_0114,lot_result:RES-0002,2026-08-19
awd_00263,RES-0003,not_0114,pro_0104,lot_00260,2000-01-01,selec-w,101104,PLN,src_ted_opendata,file_ted_0114,lot_result:RES-0003,2026-08-19
awd_00264,RES-0004,not_0114,pro_0104,lot_00263,2000-01-01,selec-w,71504,PLN,src_ted_opendata,file_ted_0114,lot_result:RES-0004,2026-08-19
awd_00265,RES-0005,not_0114,pro_0104,lot_00262,2000-01-01,selec-w,35900,PLN,src_ted_opendata,file_ted_0114,lot_result:RES-0005,2026-08-19
awd_00266,RES-0001,not_0115,pro_0105,lot_00264,2000-01-01,selec-w,348911.6,PLN,src_ted_opendata,file_ted_0115,lot_result:RES-0001,2026-08-19
awd_00267,RES-0002,not_0115,pro_0105,lot_00265,2000-01-01,selec-w,1492.8,PLN,src_ted_opendata,file_ted_0115,lot_result:RES-0002,2026-08-19
awd_00268,RES-0003,not_0115,pro_0105,lot_00266,2000-01-01,selec-w,278256,PLN,src_ted_opendata,file_ted_0115,lot_result:RES-0003,2026-08-19
awd_00269,RES-0004,not_0115,pro_0105,lot_00267,2000-01-01,selec-w,156519.2,PLN,src_ted_opendata,file_ted_0115,lot_result:RES-0004,2026-08-19
awd_00270,RES-0005,not_0115,pro_0105,lot_00268,2000-01-01,selec-w,2014.5,PLN,src_ted_opendata,file_ted_0115,lot_result:RES-0005,2026-08-19
awd_00271,RES-0006,not_0115,pro_0105,lot_00269,2000-01-01,selec-w,773692,PLN,src_ted_opendata,file_ted_0115,lot_result:RES-0006,2026-08-19
awd_00272,RES-0007,not_0115,pro_0105,lot_00270,2000-01-01,selec-w,153769.9,PLN,src_ted_opendata,file_ted_0115,lot_result:RES-0007,2026-08-19
awd_00273,RES-0008,not_0115,pro_0105,lot_00271,2000-01-01,selec-w,218749.95,PLN,src_ted_opendata,file_ted_0115,lot_result:RES-0008,2026-08-19
awd_00274,RES-0009,not_0115,pro_0105,lot_00272,2000-01-01,selec-w,103920,PLN,src_ted_opendata,file_ted_0115,lot_result:RES-0009,2026-08-19
awd_00275,RES-0010,not_0115,pro_0105,lot_00273,2000-01-01,selec-w,80754,PLN,src_ted_opendata,file_ted_0115,lot_result:RES-0010,2026-08-19
awd_00276,RES-0011,not_0115,pro_0105,lot_00274,2000-01-01,selec-w,1825000.5,PLN,src_ted_opendata,file_ted_0115,lot_result:RES-0011,2026-08-19
awd_00277,RES-0012,not_0115,pro_0105,lot_00275,2000-01-01,selec-w,181308.8,PLN,src_ted_opendata,file_ted_0115,lot_result:RES-0012,2026-08-19
awd_00278,RES-0013,not_0115,pro_0105,lot_00276,2000-01-01,selec-w,11957,PLN,src_ted_opendata,file_ted_0115,lot_result:RES-0013,2026-08-19
awd_00279,RES-0014,not_0115,pro_0105,lot_00277,2000-01-01,selec-w,49716,PLN,src_ted_opendata,file_ted_0115,lot_result:RES-0014,2026-08-19
awd_00280,RES-0001,not_0116,pro_0106,lot_00278,2000-01-01,selec-w,,,src_ted_opendata,file_ted_0116,lot_result:RES-0001,2026-08-19
awd_00281,RES-0001,not_0117,pro_0105,lot_00279,2000-01-01,selec-w,2328350.3,PLN,src_ted_opendata,file_ted_0117,lot_result:RES-0001,2026-08-19
awd_00282,RES-0002,not_0117,pro_0105,lot_00280,2000-01-01,selec-w,22827007,PLN,src_ted_opendata,file_ted_0117,lot_result:RES-0002,2026-08-19
awd_00283,RES-0003,not_0117,pro_0105,lot_00281,2000-01-01,selec-w,2362892,PLN,src_ted_opendata,file_ted_0117,lot_result:RES-0003,2026-08-19
awd_00284,RES-0004,not_0117,pro_0105,lot_00282,2000-01-01,selec-w,731026,PLN,src_ted_opendata,file_ted_0117,lot_result:RES-0004,2026-08-19
awd_00285,RES-0005,not_0117,pro_0105,lot_00283,2000-01-01,selec-w,311920,PLN,src_ted_opendata,file_ted_0117,lot_result:RES-0005,2026-08-19
awd_00286,RES-0006,not_0117,pro_0105,lot_00284,2000-01-01,selec-w,786421,PLN,src_ted_opendata,file_ted_0117,lot_result:RES-0006,2026-08-19
awd_00287,RES-0007,not_0117,pro_0105,lot_00285,2000-01-01,selec-w,481249.5,PLN,src_ted_opendata,file_ted_0117,lot_result:RES-0007,2026-08-19
awd_00288,RES-0008,not_0117,pro_0105,lot_00286,2000-01-01,selec-w,1546296,PLN,src_ted_opendata,file_ted_0117,lot_result:RES-0008,2026-08-19
awd_00289,RES-0009,not_0117,pro_0105,lot_00287,2000-01-01,selec-w,6242,PLN,src_ted_opendata,file_ted_0117,lot_result:RES-0009,2026-08-19
awd_00290,RES-0001,not_0118,pro_0004,lot_00288,2000-01-01,clos-nw,,,src_ted_opendata,file_ted_0118,lot_result:RES-0001,2026-08-19
awd_00291,RES-0000,not_0119,pro_0107,lot_00289,2000-01-01,selec-w,190500,EUR,src_ted_opendata,file_ted_0119,lot_result:RES-0000,2026-08-19
awd_00292,RES-0001,not_0120,pro_0108,lot_00290,2000-01-01,selec-w,459342,PLN,src_ted_opendata,file_ted_0120,lot_result:RES-0001,2026-08-19
awd_00293,RES-0002,not_0120,pro_0108,lot_00291,2000-01-01,selec-w,28736.46,PLN,src_ted_opendata,file_ted_0120,lot_result:RES-0002,2026-08-19
awd_00294,RES-0003,not_0120,pro_0108,lot_00292,2000-01-01,selec-w,1548372,PLN,src_ted_opendata,file_ted_0120,lot_result:RES-0003,2026-08-19
awd_00295,RES-0004,not_0120,pro_0108,lot_00293,2000-01-01,selec-w,79473,PLN,src_ted_opendata,file_ted_0120,lot_result:RES-0004,2026-08-19
awd_00296,RES-0001,not_0121,pro_0109,lot_00294,2000-01-01,selec-w,345624.34,PLN,src_ted_opendata,file_ted_0121,lot_result:RES-0001,2026-08-19
awd_00297,RES-0002,not_0121,pro_0109,lot_00295,2000-01-01,selec-w,777562,PLN,src_ted_opendata,file_ted_0121,lot_result:RES-0002,2026-08-19
awd_00298,RES-0003,not_0121,pro_0109,lot_00296,2000-01-01,selec-w,8436309,PLN,src_ted_opendata,file_ted_0121,lot_result:RES-0003,2026-08-19
awd_00299,RES-0004,not_0121,pro_0109,lot_00297,2000-01-01,selec-w,53600.4,PLN,src_ted_opendata,file_ted_0121,lot_result:RES-0004,2026-08-19
awd_00300,RES-0005,not_0121,pro_0109,lot_00298,2000-01-01,selec-w,5839970,PLN,src_ted_opendata,file_ted_0121,lot_result:RES-0005,2026-08-19
awd_00301,RES-0006,not_0121,pro_0109,lot_00299,2000-01-01,selec-w,603656,PLN,src_ted_opendata,file_ted_0121,lot_result:RES-0006,2026-08-19
awd_00302,RES-0007,not_0121,pro_0109,lot_00300,2000-01-01,selec-w,24007070,PLN,src_ted_opendata,file_ted_0121,lot_result:RES-0007,2026-08-19
awd_00303,RES-0008,not_0121,pro_0109,lot_00301,2000-01-01,selec-w,9521047,PLN,src_ted_opendata,file_ted_0121,lot_result:RES-0008,2026-08-19
awd_00304,RES-0009,not_0121,pro_0109,lot_00304,2000-01-01,selec-w,102500,PLN,src_ted_opendata,file_ted_0121,lot_result:RES-0009,2026-08-19
awd_00305,RES-0010,not_0121,pro_0109,lot_00305,2000-01-01,selec-w,354600,PLN,src_ted_opendata,file_ted_0121,lot_result:RES-0010,2026-08-19
awd_00306,RES-0011,not_0121,pro_0109,lot_00302,2000-01-01,clos-nw,,,src_ted_opendata,file_ted_0121,lot_result:RES-0011,2026-08-19
awd_00307,RES-0012,not_0121,pro_0109,lot_00303,2000-01-01,clos-nw,,,src_ted_opendata,file_ted_0121,lot_result:RES-0012,2026-08-19
awd_00308,RES-0013,not_0121,pro_0109,lot_00306,2000-01-01,clos-nw,,,src_ted_opendata,file_ted_0121,lot_result:RES-0013,2026-08-19
awd_00309,RES-0001,not_0122,pro_0110,lot_00307,2024-12-31,selec-w,16780.00,BGN,src_ted_opendata,file_ted_0122,lot_result:RES-0001,2026-08-19
awd_00310,RES-0001,not_0123,pro_0111,lot_00308,2000-01-01,selec-w,66900,EUR,src_ted_opendata,file_ted_0123,lot_result:RES-0001,2026-08-19
awd_00311,RES-0001,not_0124,pro_0112,lot_00309,2000-01-01,selec-w,33000,PLN,src_ted_opendata,file_ted_0124,lot_result:RES-0001,2026-08-19
awd_00312,RES-0002,not_0124,pro_0112,lot_00310,2000-01-01,selec-w,63660,PLN,src_ted_opendata,file_ted_0124,lot_result:RES-0002,2026-08-19
awd_00313,RES-0003,not_0124,pro_0112,lot_00311,2000-01-01,selec-w,65750,PLN,src_ted_opendata,file_ted_0124,lot_result:RES-0003,2026-08-19
awd_00314,RES-0004,not_0124,pro_0112,lot_00312,2000-01-01,selec-w,89500,PLN,src_ted_opendata,file_ted_0124,lot_result:RES-0004,2026-08-19
awd_00315,RES-0005,not_0124,pro_0112,lot_00313,2000-01-01,clos-nw,,,src_ted_opendata,file_ted_0124,lot_result:RES-0005,2026-08-19
awd_00316,RES-0006,not_0124,pro_0112,lot_00314,2000-01-01,clos-nw,,,src_ted_opendata,file_ted_0124,lot_result:RES-0006,2026-08-19
awd_00317,RES-0007,not_0124,pro_0112,lot_00315,2000-01-01,selec-w,85930,PLN,src_ted_opendata,file_ted_0124,lot_result:RES-0007,2026-08-19
awd_00318,RES-0008,not_0124,pro_0112,lot_00316,2000-01-01,selec-w,9207,PLN,src_ted_opendata,file_ted_0124,lot_result:RES-0008,2026-08-19
awd_00319,RES-0009,not_0124,pro_0112,lot_00317,2000-01-01,selec-w,64500,PLN,src_ted_opendata,file_ted_0124,lot_result:RES-0009,2026-08-19
awd_00320,RES-0010,not_0124,pro_0112,lot_00318,2000-01-01,selec-w,2350,PLN,src_ted_opendata,file_ted_0124,lot_result:RES-0010,2026-08-19
awd_00321,RES-0011,not_0124,pro_0112,lot_00319,2000-01-01,selec-w,65250,PLN,src_ted_opendata,file_ted_0124,lot_result:RES-0011,2026-08-19
awd_00322,RES-0012,not_0124,pro_0112,lot_00320,2000-01-01,selec-w,41940,PLN,src_ted_opendata,file_ted_0124,lot_result:RES-0012,2026-08-19
awd_00323,RES-0013,not_0124,pro_0112,lot_00321,2000-01-01,selec-w,1097.5,PLN,src_ted_opendata,file_ted_0124,lot_result:RES-0013,2026-08-19
awd_00324,RES-0014,not_0124,pro_0112,lot_00322,2000-01-01,selec-w,140000,PLN,src_ted_opendata,file_ted_0124,lot_result:RES-0014,2026-08-19
awd_00325,RES-0015,not_0124,pro_0112,lot_00323,2000-01-01,clos-nw,,,src_ted_opendata,file_ted_0124,lot_result:RES-0015,2026-08-19
awd_00326,RES-0016,not_0124,pro_0112,lot_00324,2000-01-01,clos-nw,,,src_ted_opendata,file_ted_0124,lot_result:RES-0016,2026-08-19
awd_00327,RES-0017,not_0124,pro_0112,lot_00325,2000-01-01,selec-w,98500,PLN,src_ted_opendata,file_ted_0124,lot_result:RES-0017,2026-08-19
awd_00328,RES-0018,not_0124,pro_0112,lot_00326,2000-01-01,selec-w,134850,PLN,src_ted_opendata,file_ted_0124,lot_result:RES-0018,2026-08-19
awd_00329,RES-0019,not_0124,pro_0112,lot_00327,2000-01-01,selec-w,166500,PLN,src_ted_opendata,file_ted_0124,lot_result:RES-0019,2026-08-19
awd_00330,RES-0020,not_0124,pro_0112,lot_00328,2000-01-01,selec-w,1860,PLN,src_ted_opendata,file_ted_0124,lot_result:RES-0020,2026-08-19
awd_00331,RES-0001,not_0125,pro_0113,lot_00329,2000-01-01,selec-w,3769500.00,HUF,src_ted_opendata,file_ted_0125,lot_result:RES-0001,2026-08-19
awd_00332,RES-0002,not_0125,pro_0113,lot_00330,2000-01-01,selec-w,11838000.00,HUF,src_ted_opendata,file_ted_0125,lot_result:RES-0002,2026-08-19
awd_00333,RES-0003,not_0125,pro_0113,lot_00331,2000-01-01,selec-w,1248000.00,HUF,src_ted_opendata,file_ted_0125,lot_result:RES-0003,2026-08-19
awd_00334,RES-0004,not_0125,pro_0113,lot_00332,2000-01-01,selec-w,2479200.00,HUF,src_ted_opendata,file_ted_0125,lot_result:RES-0004,2026-08-19
awd_00335,RES-0001,not_0126,pro_0114,lot_00333,2000-01-01,selec-w,358351.15,EUR,src_ted_opendata,file_ted_0126,lot_result:RES-0001,2026-08-19
awd_00336,RES-0001,not_0127,pro_0115,lot_00334,2000-01-01,open-nw,,,src_ted_opendata,file_ted_0127,lot_result:RES-0001,2026-08-19
awd_00337,RES-0002,not_0127,pro_0115,lot_00335,2000-01-01,selec-w,292471,EUR,src_ted_opendata,file_ted_0127,lot_result:RES-0002,2026-08-19
awd_00338,RES-0003,not_0127,pro_0115,lot_00336,2000-01-01,selec-w,393879,EUR,src_ted_opendata,file_ted_0127,lot_result:RES-0003,2026-08-19
awd_00339,RES-0004,not_0127,pro_0115,lot_00337,2000-01-01,selec-w,19173,EUR,src_ted_opendata,file_ted_0127,lot_result:RES-0004,2026-08-19
awd_00340,RES-0005,not_0127,pro_0115,lot_00338,2000-01-01,selec-w,179748,EUR,src_ted_opendata,file_ted_0127,lot_result:RES-0005,2026-08-19
awd_00341,RES-0006,not_0127,pro_0115,lot_00339,2000-01-01,selec-w,1872,EUR,src_ted_opendata,file_ted_0127,lot_result:RES-0006,2026-08-19
awd_00342,RES-0007,not_0127,pro_0115,lot_00340,2000-01-01,open-nw,,,src_ted_opendata,file_ted_0127,lot_result:RES-0007,2026-08-19
awd_00343,RES-0001,not_0128,pro_0116,lot_00341,2000-01-01,selec-w,20000,EUR,src_ted_opendata,file_ted_0128,lot_result:RES-0001,2026-08-19
awd_00344,RES-0002,not_0128,pro_0116,lot_00342,2000-01-01,selec-w,20000,EUR,src_ted_opendata,file_ted_0128,lot_result:RES-0002,2026-08-19
awd_00345,RES-0003,not_0128,pro_0116,lot_00343,2000-01-01,clos-nw,,,src_ted_opendata,file_ted_0128,lot_result:RES-0003,2026-08-19
awd_00346,RES-0004,not_0128,pro_0116,lot_00344,2000-01-01,selec-w,60000,EUR,src_ted_opendata,file_ted_0128,lot_result:RES-0004,2026-08-19
awd_00347,RES-0005,not_0128,pro_0116,lot_00345,2000-01-01,selec-w,80000,EUR,src_ted_opendata,file_ted_0128,lot_result:RES-0005,2026-08-19
awd_00348,RES-0006,not_0128,pro_0116,lot_00346,2000-01-01,selec-w,80000,EUR,src_ted_opendata,file_ted_0128,lot_result:RES-0006,2026-08-19
awd_00349,RES-0007,not_0128,pro_0116,lot_00347,2000-01-01,selec-w,280000,EUR,src_ted_opendata,file_ted_0128,lot_result:RES-0007,2026-08-19
awd_00350,RES-0008,not_0128,pro_0116,lot_00348,2000-01-01,selec-w,100000,EUR,src_ted_opendata,file_ted_0128,lot_result:RES-0008,2026-08-19
awd_00351,RES-0001,not_0129,pro_0117,lot_00349,2000-01-01,selec-w,8079231.6,PLN,src_ted_opendata,file_ted_0129,lot_result:RES-0001,2026-08-19
awd_00352,RES-0001,not_0130,pro_0118,lot_00350,2000-01-01,selec-w,64605.26,EUR,src_ted_opendata,file_ted_0130,lot_result:RES-0001,2026-08-19
awd_00353,RES-0002,not_0130,pro_0118,lot_00351,2000-01-01,selec-w,28395.9,EUR,src_ted_opendata,file_ted_0130,lot_result:RES-0002,2026-08-19
awd_00354,RES-0003,not_0130,pro_0118,lot_00352,2000-01-01,selec-w,80236.16,EUR,src_ted_opendata,file_ted_0130,lot_result:RES-0003,2026-08-19
awd_00355,RES-0004,not_0130,pro_0118,lot_00353,2000-01-01,clos-nw,,,src_ted_opendata,file_ted_0130,lot_result:RES-0004,2026-08-19
awd_00356,RES-0001,not_0131,pro_0119,lot_00354,2000-01-01,clos-nw,,,src_ted_opendata,file_ted_0131,lot_result:RES-0001,2026-08-19
awd_00357,RES-0002,not_0131,pro_0119,lot_00355,2000-01-01,selec-w,270804.44,PLN,src_ted_opendata,file_ted_0131,lot_result:RES-0002,2026-08-19
awd_00358,RES-0003,not_0131,pro_0119,lot_00356,2000-01-01,selec-w,4624,PLN,src_ted_opendata,file_ted_0131,lot_result:RES-0003,2026-08-19
awd_00359,RES-0001,not_0132,pro_0120,lot_00357,2000-01-01,selec-w,,,src_ted_opendata,file_ted_0132,lot_result:RES-0001,2026-08-19
awd_00360,RES-0001,not_0133,pro_0121,lot_00358,2024-12-23,selec-w,,,src_ted_opendata,file_ted_0133,lot_result:RES-0001,2026-08-19
awd_00361,RES-0000,not_0134,pro_0122,lot_00359,2000-01-01,selec-w,12572,RON,src_ted_opendata,file_ted_0134,lot_result:RES-0000,2026-08-19
awd_00362,RES-0001,not_0135,pro_0123,lot_00360,2000-01-01,open-nw,,,src_ted_opendata,file_ted_0135,lot_result:RES-0001,2026-08-19
awd_00363,RES-0002,not_0135,pro_0123,lot_00361,2000-01-01,selec-w,6396,EUR,src_ted_opendata,file_ted_0135,lot_result:RES-0002,2026-08-19
awd_00364,RES-0003,not_0135,pro_0123,lot_00362,2000-01-01,selec-w,25597.8,EUR,src_ted_opendata,file_ted_0135,lot_result:RES-0003,2026-08-19
awd_00365,RES-0004,not_0135,pro_0123,lot_00363,2000-01-01,open-nw,,,src_ted_opendata,file_ted_0135,lot_result:RES-0004,2026-08-19
awd_00366,RES-0005,not_0135,pro_0123,lot_00364,2000-01-01,selec-w,17144.67,EUR,src_ted_opendata,file_ted_0135,lot_result:RES-0005,2026-08-19
awd_00367,RES-0006,not_0135,pro_0123,lot_00365,2000-01-01,open-nw,,,src_ted_opendata,file_ted_0135,lot_result:RES-0006,2026-08-19
awd_00368,RES-0001,not_0136,pro_0124,lot_00366,2000-01-01,clos-nw,,,src_ted_opendata,file_ted_0136,lot_result:RES-0001,2026-08-19
awd_00369,RES-0002,not_0136,pro_0124,lot_00367,2000-01-01,clos-nw,,,src_ted_opendata,file_ted_0136,lot_result:RES-0002,2026-08-19
awd_00370,RES-0001,not_0137,pro_0125,lot_00368,2024-12-02,selec-w,279859.80,EUR,src_ted_opendata,file_ted_0137,lot_result:RES-0001,2026-08-19
awd_00371,RES-0002,not_0137,pro_0125,lot_00369,2024-12-02,clos-nw,,,src_ted_opendata,file_ted_0137,lot_result:RES-0002,2026-08-19
awd_00372,RES-0001,not_0138,pro_0126,lot_00370,2000-01-01,clos-nw,,,src_ted_opendata,file_ted_0138,lot_result:RES-0001,2026-08-19
awd_00373,RES-0002,not_0138,pro_0126,lot_00371,2000-01-01,clos-nw,,,src_ted_opendata,file_ted_0138,lot_result:RES-0002,2026-08-19
awd_00374,RES-0003,not_0138,pro_0126,lot_00372,2000-01-01,selec-w,800000,EUR,src_ted_opendata,file_ted_0138,lot_result:RES-0003,2026-08-19
awd_00375,RES-0001,not_0139,pro_0127,lot_00373,2000-01-01,selec-w,120686.18,PLN,src_ted_opendata,file_ted_0139,lot_result:RES-0001,2026-08-19
awd_00376,RES-0011,not_0139,pro_0127,lot_00374,2000-01-01,selec-w,124119.26,PLN,src_ted_opendata,file_ted_0139,lot_result:RES-0011,2026-08-19
awd_00377,RES-0012,not_0139,pro_0127,lot_00375,2000-01-01,selec-w,136133.33,PLN,src_ted_opendata,file_ted_0139,lot_result:RES-0012,2026-08-19
awd_00378,RES-0013,not_0139,pro_0127,lot_00376,2000-01-01,selec-w,200000,PLN,src_ted_opendata,file_ted_0139,lot_result:RES-0013,2026-08-19
awd_00379,RES-0014,not_0139,pro_0127,lot_00377,2000-01-01,selec-w,58897,PLN,src_ted_opendata,file_ted_0139,lot_result:RES-0014,2026-08-19
awd_00380,RES-0015,not_0139,pro_0127,lot_00379,2000-01-01,selec-w,132249,PLN,src_ted_opendata,file_ted_0139,lot_result:RES-0015,2026-08-19
awd_00381,RES-0016,not_0139,pro_0127,lot_00378,2000-01-01,selec-w,124119.26,PLN,src_ted_opendata,file_ted_0139,lot_result:RES-0016,2026-08-19
awd_00382,RES-0017,not_0139,pro_0127,lot_00380,2000-01-01,selec-w,63676,PLN,src_ted_opendata,file_ted_0139,lot_result:RES-0017,2026-08-19
awd_00383,RES-0001,not_0140,pro_0128,lot_00381,2000-01-01,selec-w,5563728,PLN,src_ted_opendata,file_ted_0140,lot_result:RES-0001,2026-08-19
awd_00384,RES-0001,not_0141,pro_0129,lot_00382,2000-01-01,selec-w,,,src_ted_opendata,file_ted_0141,lot_result:RES-0001,2026-08-19
awd_00385,RES-0001,not_0142,pro_0111,lot_00383,2000-01-01,selec-w,33600,EUR,src_ted_opendata,file_ted_0142,lot_result:RES-0001,2026-08-19
awd_00386,RES-0001,not_0143,pro_0004,lot_00384,2000-01-01,clos-nw,,,src_ted_opendata,file_ted_0143,lot_result:RES-0001,2026-08-19
awd_00387,RES-0001,not_0144,pro_0130,lot_00385,2000-01-01,selec-w,100000,EUR,src_ted_opendata,file_ted_0144,lot_result:RES-0001,2026-08-19
awd_00388,RES-0014,not_0145,pro_0131,lot_00399,2000-01-01,selec-w,10115,RON,src_ted_opendata,file_ted_0145,lot_result:RES-0014,2026-08-19
awd_00389,RES-0001,not_0145,pro_0131,lot_00386,2000-01-01,selec-w,313704,RON,src_ted_opendata,file_ted_0145,lot_result:RES-0001,2026-08-19
awd_00390,RES-0003,not_0145,pro_0131,lot_00388,2000-01-01,selec-w,133571.5,RON,src_ted_opendata,file_ted_0145,lot_result:RES-0003,2026-08-19
awd_00391,RES-0017,not_0145,pro_0131,lot_00402,2000-01-01,selec-w,36909,RON,src_ted_opendata,file_ted_0145,lot_result:RES-0017,2026-08-19
awd_00392,RES-0002,not_0145,pro_0131,lot_00387,2000-01-01,selec-w,247310,RON,src_ted_opendata,file_ted_0145,lot_result:RES-0002,2026-08-19
awd_00393,RES-0015,not_0145,pro_0131,lot_00400,2000-01-01,selec-w,189698.35,RON,src_ted_opendata,file_ted_0145,lot_result:RES-0015,2026-08-19
awd_00394,RES-0006,not_0145,pro_0131,lot_00391,2000-01-01,selec-w,348431.66,RON,src_ted_opendata,file_ted_0145,lot_result:RES-0006,2026-08-19
awd_00395,RES-0011,not_0145,pro_0131,lot_00396,2000-01-01,selec-w,30498,RON,src_ted_opendata,file_ted_0145,lot_result:RES-0011,2026-08-19
awd_00396,RES-0016,not_0145,pro_0131,lot_00401,2000-01-01,selec-w,230162.2,RON,src_ted_opendata,file_ted_0145,lot_result:RES-0016,2026-08-19
awd_00397,RES-0009,not_0145,pro_0131,lot_00394,2000-01-01,selec-w,32470,RON,src_ted_opendata,file_ted_0145,lot_result:RES-0009,2026-08-19
awd_00398,RES-0012,not_0145,pro_0131,lot_00397,2000-01-01,selec-w,58382.8,RON,src_ted_opendata,file_ted_0145,lot_result:RES-0012,2026-08-19
awd_00399,RES-0010,not_0145,pro_0131,lot_00395,2000-01-01,selec-w,117798,RON,src_ted_opendata,file_ted_0145,lot_result:RES-0010,2026-08-19
awd_00400,RES-0008,not_0145,pro_0131,lot_00393,2000-01-01,selec-w,262887.5,RON,src_ted_opendata,file_ted_0145,lot_result:RES-0008,2026-08-19
awd_00401,RES-0004,not_0145,pro_0131,lot_00389,2000-01-01,selec-w,508811.8,RON,src_ted_opendata,file_ted_0145,lot_result:RES-0004,2026-08-19
awd_00402,RES-0013,not_0145,pro_0131,lot_00398,2000-01-01,clos-nw,,,src_ted_opendata,file_ted_0145,lot_result:RES-0013,2026-08-19
awd_00403,RES-0007,not_0145,pro_0131,lot_00392,2000-01-01,clos-nw,,,src_ted_opendata,file_ted_0145,lot_result:RES-0007,2026-08-19
awd_00404,RES-0005,not_0145,pro_0131,lot_00390,2000-01-01,clos-nw,,,src_ted_opendata,file_ted_0145,lot_result:RES-0005,2026-08-19
awd_00405,RES-0018,not_0145,pro_0131,lot_00403,2000-01-01,clos-nw,,,src_ted_opendata,file_ted_0145,lot_result:RES-0018,2026-08-19
awd_00406,RES-0001,not_0146,pro_0111,lot_00404,2000-01-01,selec-w,68388,EUR,src_ted_opendata,file_ted_0146,lot_result:RES-0001,2026-08-19
awd_00407,RES-0001,not_0147,pro_0132,lot_00405,2000-01-01,selec-w,153259.69,EUR,src_ted_opendata,file_ted_0147,lot_result:RES-0001,2026-08-19
awd_00408,RES-0001,not_0148,pro_0133,lot_00406,2000-01-01,clos-nw,,,src_ted_opendata,file_ted_0148,lot_result:RES-0001,2026-08-19
awd_00409,RES-0002,not_0148,pro_0133,lot_00407,2000-01-01,selec-w,1003622.4,PLN,src_ted_opendata,file_ted_0148,lot_result:RES-0002,2026-08-19
awd_00410,RES-0001,not_0149,pro_0134,lot_00408,2000-01-01,selec-w,1542636.06,PLN,src_ted_opendata,file_ted_0149,lot_result:RES-0001,2026-08-19
awd_00411,RES-0001,not_0150,pro_0135,lot_00409,2000-01-01,selec-w,754126.5,PLN,src_ted_opendata,file_ted_0150,lot_result:RES-0001,2026-08-19
awd_00412,RES-0002,not_0150,pro_0135,lot_00410,2000-01-01,selec-w,135000,PLN,src_ted_opendata,file_ted_0150,lot_result:RES-0002,2026-08-19
awd_00413,RES-0003,not_0150,pro_0135,lot_00411,2000-01-01,clos-nw,,,src_ted_opendata,file_ted_0150,lot_result:RES-0003,2026-08-19
awd_00414,RES-0001,not_0151,pro_0136,lot_00412,2000-01-01,selec-w,1390000,PLN,src_ted_opendata,file_ted_0151,lot_result:RES-0001,2026-08-19
awd_00415,RES-0001,not_0152,pro_0137,lot_00413,2000-01-01,selec-w,62999.96,EUR,src_ted_opendata,file_ted_0152,lot_result:RES-0001,2026-08-19
awd_00416,RES-0002,not_0152,pro_0137,lot_00414,2000-01-01,selec-w,414700,EUR,src_ted_opendata,file_ted_0152,lot_result:RES-0002,2026-08-19
awd_00417,RES-0003,not_0152,pro_0137,lot_00415,2000-01-01,selec-w,63248,EUR,src_ted_opendata,file_ted_0152,lot_result:RES-0003,2026-08-19
awd_00418,RES-0001,not_0153,pro_0138,lot_00417,2000-01-01,selec-w,,,src_ted_opendata,file_ted_0153,lot_result:RES-0001,2026-08-19
awd_00419,RES-0001,not_0154,pro_0139,lot_00418,2000-01-01,selec-w,1840000,EUR,src_ted_opendata,file_ted_0154,lot_result:RES-0001,2026-08-19
awd_00420,RES-0002,not_0154,pro_0139,lot_00419,2000-01-01,selec-w,1840000,EUR,src_ted_opendata,file_ted_0154,lot_result:RES-0002,2026-08-19
awd_00421,RES-0001,not_0155,pro_0140,lot_00420,2000-01-01,selec-w,353760,EUR,src_ted_opendata,file_ted_0155,lot_result:RES-0001,2026-08-19
awd_00422,RES-0001,not_0156,pro_0141,lot_00421,2024-12-30,selec-w,,,src_ted_opendata,file_ted_0156,lot_result:RES-0001,2026-08-19
awd_00423,RES-0001,not_0157,pro_0142,lot_00422,2000-01-01,selec-w,705336.00,PLN,src_ted_opendata,file_ted_0157,lot_result:RES-0001,2026-08-19
awd_00424,RES-0001,not_0158,pro_0143,lot_00423,2024-10-29,selec-w,356273.62,EUR,src_ted_opendata,file_ted_0158,lot_result:RES-0001,2026-08-19
awd_00425,RES-0000,not_0159,pro_0144,lot_00424,2000-01-01,selec-w,2151360,RON,src_ted_opendata,file_ted_0159,lot_result:RES-0000,2026-08-19
awd_00426,RES-0000,not_0160,pro_0145,lot_00425,2000-01-01,selec-w,5000.0000,EUR,src_ted_opendata,file_ted_0160,lot_result:RES-0000,2026-08-19
awd_00427,RES-0001,not_0161,pro_0146,lot_00426,2000-01-01,selec-w,319900,CZK,src_ted_opendata,file_ted_0161,lot_result:RES-0001,2026-08-19
awd_00428,RES-0001,not_0162,pro_0147,lot_00427,2024-12-20,selec-w,941707.79,EUR,src_ted_opendata,file_ted_0162,lot_result:RES-0001,2026-08-19
awd_00429,RES-0001,not_0163,pro_0148,lot_00428,2024-12-31,selec-w,1750.000000,BGN,src_ted_opendata,file_ted_0163,lot_result:RES-0001,2026-08-19
awd_00430,RES-0002,not_0163,pro_0148,lot_00429,2024-12-31,selec-w,2100.000000,BGN,src_ted_opendata,file_ted_0163,lot_result:RES-0002,2026-08-19
awd_00431,RES-0003,not_0163,pro_0148,lot_00430,2024-12-31,selec-w,12500.000000,BGN,src_ted_opendata,file_ted_0163,lot_result:RES-0003,2026-08-19
awd_00432,RES-0004,not_0163,pro_0148,lot_00431,2024-12-31,selec-w,515.000000,BGN,src_ted_opendata,file_ted_0163,lot_result:RES-0004,2026-08-19
awd_00433,RES-0001,not_0164,pro_0149,lot_00432,2000-01-01,selec-w,291600,PLN,src_ted_opendata,file_ted_0164,lot_result:RES-0001,2026-08-19
awd_00434,RES-0002,not_0164,pro_0149,lot_00433,2000-01-01,selec-w,226800,PLN,src_ted_opendata,file_ted_0164,lot_result:RES-0002,2026-08-19
awd_00435,RES-0003,not_0164,pro_0149,lot_00434,2000-01-01,selec-w,104976,PLN,src_ted_opendata,file_ted_0164,lot_result:RES-0003,2026-08-19
awd_00436,RES-0004,not_0164,pro_0149,lot_00435,2000-01-01,selec-w,239567.01,PLN,src_ted_opendata,file_ted_0164,lot_result:RES-0004,2026-08-19
awd_00437,RES-0005,not_0164,pro_0149,lot_00436,2000-01-01,selec-w,53028,PLN,src_ted_opendata,file_ted_0164,lot_result:RES-0005,2026-08-19
awd_00438,RES-0006,not_0164,pro_0149,lot_00437,2000-01-01,selec-w,2295,PLN,src_ted_opendata,file_ted_0164,lot_result:RES-0006,2026-08-19
awd_00439,RES-0007,not_0164,pro_0149,lot_00438,2000-01-01,clos-nw,,,src_ted_opendata,file_ted_0164,lot_result:RES-0007,2026-08-19
awd_00440,RES-0008,not_0164,pro_0149,lot_00439,2000-01-01,selec-w,9899.99,PLN,src_ted_opendata,file_ted_0164,lot_result:RES-0008,2026-08-19
awd_00441,RES-0009,not_0164,pro_0149,lot_00440,2000-01-01,selec-w,16092,PLN,src_ted_opendata,file_ted_0164,lot_result:RES-0009,2026-08-19
awd_00442,RES-0010,not_0164,pro_0149,lot_00441,2000-01-01,selec-w,3799.66,PLN,src_ted_opendata,file_ted_0164,lot_result:RES-0010,2026-08-19
awd_00443,RES-0011,not_0164,pro_0149,lot_00442,2000-01-01,selec-w,39599.99,PLN,src_ted_opendata,file_ted_0164,lot_result:RES-0011,2026-08-19
awd_00444,RES-0012,not_0164,pro_0149,lot_00443,2000-01-01,selec-w,27748.8,PLN,src_ted_opendata,file_ted_0164,lot_result:RES-0012,2026-08-19
awd_00445,RES-0013,not_0164,pro_0149,lot_00444,2000-01-01,selec-w,104976,PLN,src_ted_opendata,file_ted_0164,lot_result:RES-0013,2026-08-19
awd_00446,RES-0014,not_0164,pro_0149,lot_00445,2000-01-01,selec-w,104976,PLN,src_ted_opendata,file_ted_0164,lot_result:RES-0014,2026-08-19
awd_00447,RES-0001,not_0165,pro_0004,lot_00446,2000-01-01,clos-nw,,,src_ted_opendata,file_ted_0165,lot_result:RES-0001,2026-08-19
awd_00448,RES-0001,not_0166,pro_0150,lot_00447,2000-01-01,selec-w,3648365.00,EUR,src_ted_opendata,file_ted_0166,lot_result:RES-0001,2026-08-19
awd_00449,RES-0001,not_0167,pro_0151,lot_00448,2023-12-21,selec-w,2201766.00,EUR,src_ted_opendata,file_ted_0167,lot_result:RES-0001,2026-08-19
awd_00450,RES-0001,not_0168,pro_0152,lot_00449,2000-01-01,selec-w,25789.25,PLN,src_ted_opendata,file_ted_0168,lot_result:RES-0001,2026-08-19
awd_00451,RES-0002,not_0168,pro_0152,lot_00450,2000-01-01,selec-w,248793.2,PLN,src_ted_opendata,file_ted_0168,lot_result:RES-0002,2026-08-19
awd_00452,RES-0003,not_0168,pro_0152,lot_00451,2000-01-01,selec-w,461640.84,PLN,src_ted_opendata,file_ted_0168,lot_result:RES-0003,2026-08-19
awd_00453,RES-0004,not_0168,pro_0152,lot_00452,2000-01-01,selec-w,924880,PLN,src_ted_opendata,file_ted_0168,lot_result:RES-0004,2026-08-19
awd_00454,RES-0005,not_0168,pro_0152,lot_00453,2000-01-01,selec-w,231000,PLN,src_ted_opendata,file_ted_0168,lot_result:RES-0005,2026-08-19
awd_00455,RES-0006,not_0168,pro_0152,lot_00454,2000-01-01,selec-w,2298,PLN,src_ted_opendata,file_ted_0168,lot_result:RES-0006,2026-08-19
awd_00456,RES-0007,not_0168,pro_0152,lot_00455,2000-01-01,selec-w,600,PLN,src_ted_opendata,file_ted_0168,lot_result:RES-0007,2026-08-19
awd_00457,RES-0008,not_0168,pro_0152,lot_00456,2000-01-01,selec-w,260870.4,PLN,src_ted_opendata,file_ted_0168,lot_result:RES-0008,2026-08-19
awd_00458,RES-0009,not_0168,pro_0152,lot_00457,2000-01-01,selec-w,194400,PLN,src_ted_opendata,file_ted_0168,lot_result:RES-0009,2026-08-19
awd_00459,RES-0010,not_0168,pro_0152,lot_00458,2000-01-01,selec-w,32800,PLN,src_ted_opendata,file_ted_0168,lot_result:RES-0010,2026-08-19
awd_00460,RES-0011,not_0168,pro_0152,lot_00459,2000-01-01,selec-w,123365,PLN,src_ted_opendata,file_ted_0168,lot_result:RES-0011,2026-08-19
awd_00461,RES-0012,not_0168,pro_0152,lot_00460,2000-01-01,selec-w,100000,PLN,src_ted_opendata,file_ted_0168,lot_result:RES-0012,2026-08-19
awd_00462,RES-0013,not_0168,pro_0152,lot_00461,2000-01-01,selec-w,30000,PLN,src_ted_opendata,file_ted_0168,lot_result:RES-0013,2026-08-19
awd_00463,RES-0014,not_0168,pro_0152,lot_00462,2000-01-01,selec-w,62000,PLN,src_ted_opendata,file_ted_0168,lot_result:RES-0014,2026-08-19
awd_00464,RES-0015,not_0168,pro_0152,lot_00463,2000-01-01,selec-w,1651.2,PLN,src_ted_opendata,file_ted_0168,lot_result:RES-0015,2026-08-19
awd_00465,RES-0016,not_0168,pro_0152,lot_00464,2000-01-01,selec-w,35390,PLN,src_ted_opendata,file_ted_0168,lot_result:RES-0016,2026-08-19
awd_00466,RES-0017,not_0168,pro_0152,lot_00465,2000-01-01,selec-w,220740,PLN,src_ted_opendata,file_ted_0168,lot_result:RES-0017,2026-08-19
awd_00467,RES-0018,not_0168,pro_0152,lot_00466,2000-01-01,selec-w,38536.5,PLN,src_ted_opendata,file_ted_0168,lot_result:RES-0018,2026-08-19
awd_00468,RES-0019,not_0168,pro_0152,lot_00467,2000-01-01,clos-nw,,,src_ted_opendata,file_ted_0168,lot_result:RES-0019,2026-08-19
awd_00469,RES-0020,not_0168,pro_0152,lot_00468,2000-01-01,selec-w,40,PLN,src_ted_opendata,file_ted_0168,lot_result:RES-0020,2026-08-19
awd_00470,RES-0021,not_0168,pro_0152,lot_00469,2000-01-01,selec-w,45969.6,PLN,src_ted_opendata,file_ted_0168,lot_result:RES-0021,2026-08-19
awd_00471,RES-0022,not_0168,pro_0152,lot_00470,2000-01-01,selec-w,117600,PLN,src_ted_opendata,file_ted_0168,lot_result:RES-0022,2026-08-19
awd_00472,RES-0023,not_0168,pro_0152,lot_00471,2000-01-01,selec-w,85050,PLN,src_ted_opendata,file_ted_0168,lot_result:RES-0023,2026-08-19
awd_00473,RES-0024,not_0168,pro_0152,lot_00472,2000-01-01,selec-w,56392,PLN,src_ted_opendata,file_ted_0168,lot_result:RES-0024,2026-08-19
awd_00474,RES-0025,not_0168,pro_0152,lot_00473,2000-01-01,selec-w,129466.68,PLN,src_ted_opendata,file_ted_0168,lot_result:RES-0025,2026-08-19
awd_00475,RES-0026,not_0168,pro_0152,lot_00474,2000-01-01,selec-w,1534001.3,PLN,src_ted_opendata,file_ted_0168,lot_result:RES-0026,2026-08-19
awd_00476,RES-0027,not_0168,pro_0152,lot_00475,2000-01-01,selec-w,77175,PLN,src_ted_opendata,file_ted_0168,lot_result:RES-0027,2026-08-19
awd_00477,RES-0028,not_0168,pro_0152,lot_00476,2000-01-01,selec-w,48282778,PLN,src_ted_opendata,file_ted_0168,lot_result:RES-0028,2026-08-19
awd_00478,RES-0029,not_0168,pro_0152,lot_00477,2000-01-01,selec-w,9029574,PLN,src_ted_opendata,file_ted_0168,lot_result:RES-0029,2026-08-19
awd_00479,RES-0030,not_0168,pro_0152,lot_00478,2000-01-01,selec-w,1814253.6,PLN,src_ted_opendata,file_ted_0168,lot_result:RES-0030,2026-08-19
awd_00480,RES-0031,not_0168,pro_0152,lot_00479,2000-01-01,selec-w,5581112,PLN,src_ted_opendata,file_ted_0168,lot_result:RES-0031,2026-08-19
awd_00481,RES-0032,not_0168,pro_0152,lot_00480,2000-01-01,selec-w,2919251.2,PLN,src_ted_opendata,file_ted_0168,lot_result:RES-0032,2026-08-19
awd_00482,RES-0001,not_0169,pro_0153,lot_00481,2024-11-28,selec-w,43124.4,EUR,src_ted_opendata,file_ted_0169,lot_result:RES-0001,2026-08-19
awd_00483,RES-0002,not_0169,pro_0153,lot_00482,2024-11-28,selec-w,33323.4,EUR,src_ted_opendata,file_ted_0169,lot_result:RES-0002,2026-08-19
awd_00484,RES-0003,not_0169,pro_0153,lot_00483,2024-11-28,selec-w,32670,EUR,src_ted_opendata,file_ted_0169,lot_result:RES-0003,2026-08-19
awd_00485,RES-0001,not_0170,pro_0154,lot_00484,2000-01-01,selec-w,10140,RON,src_ted_opendata,file_ted_0170,lot_result:RES-0001,2026-08-19
awd_00486,RES-0005,not_0170,pro_0154,lot_00488,2000-01-01,selec-w,20990.5,RON,src_ted_opendata,file_ted_0170,lot_result:RES-0005,2026-08-19
awd_00487,RES-0006,not_0170,pro_0154,lot_00489,2000-01-01,selec-w,69381,RON,src_ted_opendata,file_ted_0170,lot_result:RES-0006,2026-08-19
awd_00488,RES-0003,not_0170,pro_0154,lot_00486,2000-01-01,selec-w,77850,RON,src_ted_opendata,file_ted_0170,lot_result:RES-0003,2026-08-19
awd_00489,RES-0002,not_0170,pro_0154,lot_00485,2000-01-01,selec-w,14040,RON,src_ted_opendata,file_ted_0170,lot_result:RES-0002,2026-08-19
awd_00490,RES-0004,not_0170,pro_0154,lot_00487,2000-01-01,selec-w,3400,RON,src_ted_opendata,file_ted_0170,lot_result:RES-0004,2026-08-19
awd_00491,RES-0008,not_0170,pro_0154,lot_00491,2000-01-01,selec-w,11565,RON,src_ted_opendata,file_ted_0170,lot_result:RES-0008,2026-08-19
awd_00492,RES-0007,not_0170,pro_0154,lot_00490,2000-01-01,selec-w,45000,RON,src_ted_opendata,file_ted_0170,lot_result:RES-0007,2026-08-19
awd_00493,RES-0001,not_0171,pro_0155,lot_00492,2000-01-01,selec-w,1197,EUR,src_ted_opendata,file_ted_0171,lot_result:RES-0001,2026-08-19
awd_00494,RES-0001,not_0172,pro_0156,lot_00493,2024-12-30,selec-w,,,src_ted_opendata,file_ted_0172,lot_result:RES-0001,2026-08-19
awd_00495,RES-0000,not_0173,pro_0157,lot_00494,2000-01-01,selec-w,273500.0000,EUR,src_ted_opendata,file_ted_0173,lot_result:RES-0000,2026-08-19
awd_00496,RES-0001,not_0174,pro_0158,lot_00495,2000-01-01,selec-w,114160,EUR,src_ted_opendata,file_ted_0174,lot_result:RES-0001,2026-08-19
awd_00497,RES-0002,not_0174,pro_0158,lot_00496,2000-01-01,selec-w,558375.31,EUR,src_ted_opendata,file_ted_0174,lot_result:RES-0002,2026-08-19
awd_00498,RES-0001,not_0175,pro_0004,lot_00497,2000-01-01,clos-nw,,,src_ted_opendata,file_ted_0175,lot_result:RES-0001,2026-08-19
awd_00499,RES-0001,not_0176,pro_0159,lot_00498,2000-01-01,selec-w,3817303,CZK,src_ted_opendata,file_ted_0176,lot_result:RES-0001,2026-08-19
awd_00500,RES-0001,not_0177,pro_0160,lot_00499,2000-01-01,selec-w,20520,EUR,src_ted_opendata,file_ted_0177,lot_result:RES-0001,2026-08-19
awd_00501,RES-0001,not_0178,pro_0161,lot_00500,2000-02-01,selec-w,,,src_ted_opendata,file_ted_0178,lot_result:RES-0001,2026-08-19
awd_00502,RES-0001,not_0179,pro_0162,lot_00501,2024-12-31,selec-w,,,src_ted_opendata,file_ted_0179,lot_result:RES-0001,2026-08-19
awd_00503,RES-0000,not_0180,pro_0163,lot_00502,2000-01-01,selec-w,1348495.2,EUR,src_ted_opendata,file_ted_0180,lot_result:RES-0000,2026-08-19
awd_00504,RES-0001,not_0181,pro_0164,lot_00503,2000-01-01,selec-w,108338,EUR,src_ted_opendata,file_ted_0181,lot_result:RES-0001,2026-08-19
awd_00505,RES-0001,not_0182,pro_0165,lot_00504,2000-01-01,selec-w,641946.04,EUR,src_ted_opendata,file_ted_0182,lot_result:RES-0001,2026-08-19
awd_00506,RES-0002,not_0183,pro_0166,lot_00506,2000-01-01,selec-w,334713.36,RON,src_ted_opendata,file_ted_0183,lot_result:RES-0002,2026-08-19
awd_00507,RES-0001,not_0183,pro_0166,lot_00505,2000-01-01,selec-w,192005.04,RON,src_ted_opendata,file_ted_0183,lot_result:RES-0001,2026-08-19
awd_00508,RES-0003,not_0183,pro_0166,lot_00507,2000-01-01,selec-w,227787.84,RON,src_ted_opendata,file_ted_0183,lot_result:RES-0003,2026-08-19
awd_00509,RES-0004,not_0183,pro_0166,lot_00508,2000-01-01,selec-w,233987.04,RON,src_ted_opendata,file_ted_0183,lot_result:RES-0004,2026-08-19
awd_00510,RES-0005,not_0183,pro_0166,lot_00509,2000-01-01,selec-w,245852.88,RON,src_ted_opendata,file_ted_0183,lot_result:RES-0005,2026-08-19
awd_00511,RES-0001,not_0184,pro_0167,lot_00516,2000-01-01,selec-w,37800,PLN,src_ted_opendata,file_ted_0184,lot_result:RES-0001,2026-08-19
awd_00512,RES-0002,not_0184,pro_0167,lot_00518,2000-01-01,selec-w,40000,PLN,src_ted_opendata,file_ted_0184,lot_result:RES-0002,2026-08-19
awd_00513,RES-0003,not_0184,pro_0167,lot_00519,2000-01-01,selec-w,2500,PLN,src_ted_opendata,file_ted_0184,lot_result:RES-0003,2026-08-19
awd_00514,RES-0004,not_0184,pro_0167,lot_00520,2000-01-01,selec-w,7200,PLN,src_ted_opendata,file_ted_0184,lot_result:RES-0004,2026-08-19
awd_00515,RES-0005,not_0184,pro_0167,lot_00525,2000-01-01,selec-w,6000,PLN,src_ted_opendata,file_ted_0184,lot_result:RES-0005,2026-08-19
awd_00516,RES-0006,not_0184,pro_0167,lot_00521,2000-01-01,selec-w,78000,PLN,src_ted_opendata,file_ted_0184,lot_result:RES-0006,2026-08-19
awd_00517,RES-0007,not_0184,pro_0167,lot_00523,2000-01-01,selec-w,20000,PLN,src_ted_opendata,file_ted_0184,lot_result:RES-0007,2026-08-19
awd_00518,RES-0008,not_0184,pro_0167,lot_00528,2000-01-01,selec-w,124500,PLN,src_ted_opendata,file_ted_0184,lot_result:RES-0008,2026-08-19
awd_00519,RES-0009,not_0184,pro_0167,lot_00529,2000-01-01,selec-w,2640,PLN,src_ted_opendata,file_ted_0184,lot_result:RES-0009,2026-08-19
awd_00520,RES-0010,not_0184,pro_0167,lot_00530,2000-01-01,selec-w,10900,PLN,src_ted_opendata,file_ted_0184,lot_result:RES-0010,2026-08-19
awd_00521,RES-0011,not_0184,pro_0167,lot_00511,2000-01-01,selec-w,321499.96,PLN,src_ted_opendata,file_ted_0184,lot_result:RES-0011,2026-08-19
awd_00522,RES-0012,not_0184,pro_0167,lot_00513,2000-01-01,selec-w,24000,PLN,src_ted_opendata,file_ted_0184,lot_result:RES-0012,2026-08-19
awd_00523,RES-0013,not_0184,pro_0167,lot_00514,2000-01-01,selec-w,440000,PLN,src_ted_opendata,file_ted_0184,lot_result:RES-0013,2026-08-19
awd_00524,RES-0014,not_0184,pro_0167,lot_00515,2000-01-01,selec-w,134000,PLN,src_ted_opendata,file_ted_0184,lot_result:RES-0014,2026-08-19
awd_00525,RES-0015,not_0184,pro_0167,lot_00517,2000-01-01,selec-w,29500,PLN,src_ted_opendata,file_ted_0184,lot_result:RES-0015,2026-08-19
awd_00526,RES-0016,not_0184,pro_0167,lot_00524,2000-01-01,selec-w,2500,PLN,src_ted_opendata,file_ted_0184,lot_result:RES-0016,2026-08-19
awd_00527,RES-0017,not_0184,pro_0167,lot_00527,2000-01-01,selec-w,102300,PLN,src_ted_opendata,file_ted_0184,lot_result:RES-0017,2026-08-19
awd_00528,RES-0018,not_0184,pro_0167,lot_00510,2000-01-01,selec-w,58995,PLN,src_ted_opendata,file_ted_0184,lot_result:RES-0018,2026-08-19
awd_00529,RES-0019,not_0184,pro_0167,lot_00512,2000-01-01,selec-w,91800,PLN,src_ted_opendata,file_ted_0184,lot_result:RES-0019,2026-08-19
awd_00530,RES-0020,not_0184,pro_0167,lot_00522,2000-01-01,selec-w,186000,PLN,src_ted_opendata,file_ted_0184,lot_result:RES-0020,2026-08-19
awd_00531,RES-0021,not_0184,pro_0167,lot_00526,2000-01-01,selec-w,91800,PLN,src_ted_opendata,file_ted_0184,lot_result:RES-0021,2026-08-19
awd_00532,RES-0001,not_0185,pro_0168,lot_00531,2024-11-29,selec-w,1170780.51,EUR,src_ted_opendata,file_ted_0185,lot_result:RES-0001,2026-08-19
awd_00533,RES-0001,not_0186,pro_0169,lot_00532,2024-12-13,selec-w,366630,EUR,src_ted_opendata,file_ted_0186,lot_result:RES-0001,2026-08-19
awd_00534,RES-0001,not_0187,pro_0170,lot_00533,2000-01-01,selec-w,1075140,PLN,src_ted_opendata,file_ted_0187,lot_result:RES-0001,2026-08-19
awd_00535,RES-0001,not_0188,pro_0171,lot_00534,2000-01-01,selec-w,,,src_ted_opendata,file_ted_0188,lot_result:RES-0001,2026-08-19
awd_00536,RES-0000,not_0189,pro_0172,lot_00535,2000-01-01,selec-w,13565.00,EUR,src_ted_opendata,file_ted_0189,lot_result:RES-0000,2026-08-19
awd_00537,RES-0001,not_0189,pro_0172,lot_00536,2000-01-01,clos-nw,,,src_ted_opendata,file_ted_0189,lot_result:RES-0001,2026-08-19
awd_00538,RES-0001,not_0190,pro_0173,lot_00537,2000-01-01,selec-w,377925,EUR,src_ted_opendata,file_ted_0190,lot_result:RES-0001,2026-08-19
awd_00539,RES-0000,not_0191,pro_0174,lot_00538,2000-01-01,selec-w,23185.00,EUR,src_ted_opendata,file_ted_0191,lot_result:RES-0000,2026-08-19
awd_00540,RES-0001,not_0192,pro_0175,lot_00539,2000-01-01,selec-w,,,src_ted_opendata,file_ted_0192,lot_result:RES-0001,2026-08-19
awd_00541,RES-0001,not_0193,pro_0176,lot_00540,1970-01-01,selec-w,456801.60,EUR,src_ted_opendata,file_ted_0193,lot_result:RES-0001,2026-08-19
awd_00542,RES-0002,not_0193,pro_0176,lot_00541,1970-01-01,clos-nw,,,src_ted_opendata,file_ted_0193,lot_result:RES-0002,2026-08-19
awd_00543,RES-0003,not_0193,pro_0176,lot_00542,1970-01-01,selec-w,34422.80,EUR,src_ted_opendata,file_ted_0193,lot_result:RES-0003,2026-08-19
awd_00544,RES-0004,not_0193,pro_0176,lot_00543,1970-01-01,selec-w,167105,EUR,src_ted_opendata,file_ted_0193,lot_result:RES-0004,2026-08-19
awd_00545,RES-0005,not_0193,pro_0176,lot_00544,1970-01-01,selec-w,34878.25,EUR,src_ted_opendata,file_ted_0193,lot_result:RES-0005,2026-08-19
awd_00546,RES-0001,not_0194,pro_0177,lot_00545,2000-01-01,selec-w,71250000.00,HUF,src_ted_opendata,file_ted_0194,lot_result:RES-0001,2026-08-19
awd_00547,RES-0002,not_0194,pro_0177,lot_00546,2000-01-01,selec-w,36750000.00,HUF,src_ted_opendata,file_ted_0194,lot_result:RES-0002,2026-08-19
awd_00548,RES-0003,not_0194,pro_0177,lot_00547,2000-01-01,selec-w,64589250.00,HUF,src_ted_opendata,file_ted_0194,lot_result:RES-0003,2026-08-19
awd_00549,RES-0001,not_0195,pro_0178,lot_00548,2000-01-01,selec-w,2630000,EUR,src_ted_opendata,file_ted_0195,lot_result:RES-0001,2026-08-19
awd_00550,RES-0002,not_0195,pro_0178,lot_00549,2000-01-01,selec-w,2610000,EUR,src_ted_opendata,file_ted_0195,lot_result:RES-0002,2026-08-19
awd_00551,RES-0003,not_0195,pro_0178,lot_00550,2000-01-01,selec-w,3450000,EUR,src_ted_opendata,file_ted_0195,lot_result:RES-0003,2026-08-19
awd_00552,RES-0004,not_0195,pro_0178,lot_00551,2000-01-01,selec-w,2715000,EUR,src_ted_opendata,file_ted_0195,lot_result:RES-0004,2026-08-19
awd_00553,RES-0005,not_0195,pro_0178,lot_00552,2000-01-01,selec-w,3020000,EUR,src_ted_opendata,file_ted_0195,lot_result:RES-0005,2026-08-19
awd_00554,RES-0006,not_0195,pro_0178,lot_00553,2000-01-01,selec-w,145000,EUR,src_ted_opendata,file_ted_0195,lot_result:RES-0006,2026-08-19
awd_00555,RES-0007,not_0195,pro_0178,lot_00554,2000-01-01,selec-w,330000,EUR,src_ted_opendata,file_ted_0195,lot_result:RES-0007,2026-08-19
awd_00556,RES-0001,not_0196,pro_0179,lot_00555,2000-01-01,clos-nw,,,src_ted_opendata,file_ted_0196,lot_result:RES-0001,2026-08-19
awd_00557,RES-0002,not_0196,pro_0179,lot_00556,2000-01-01,selec-w,156094.44,PLN,src_ted_opendata,file_ted_0196,lot_result:RES-0002,2026-08-19
awd_00558,RES-0003,not_0196,pro_0179,lot_00557,2000-01-01,clos-nw,,,src_ted_opendata,file_ted_0196,lot_result:RES-0003,2026-08-19
awd_00559,RES-0001,not_0197,pro_0180,lot_00558,2000-01-01,selec-w,58364680,CZK,src_ted_opendata,file_ted_0197,lot_result:RES-0001,2026-08-19
awd_00560,RES-0001,not_0198,pro_0181,lot_00559,2000-01-01,selec-w,,,src_ted_opendata,file_ted_0198,lot_result:RES-0001,2026-08-19
awd_00561,RES-0002,not_0198,pro_0181,lot_00559,2000-01-01,selec-w,,,src_ted_opendata,file_ted_0198,lot_result:RES-0002,2026-08-19
awd_00562,RES-0003,not_0198,pro_0181,lot_00559,2000-01-01,selec-w,,,src_ted_opendata,file_ted_0198,lot_result:RES-0003,2026-08-19
awd_00563,RES-0004,not_0198,pro_0181,lot_00560,2000-01-01,selec-w,,,src_ted_opendata,file_ted_0198,lot_result:RES-0004,2026-08-19
awd_00564,RES-0005,not_0198,pro_0181,lot_00560,2000-01-01,selec-w,,,src_ted_opendata,file_ted_0198,lot_result:RES-0005,2026-08-19
awd_00565,RES-0001,not_0199,pro_0182,lot_00561,2000-01-01,selec-w,0,EUR,src_ted_opendata,file_ted_0199,lot_result:RES-0001,2026-08-19
awd_00566,RES-0001,not_0200,pro_0183,lot_00562,2000-01-01,selec-w,2538259.2,PLN,src_ted_opendata,file_ted_0200,lot_result:RES-0001,2026-08-19
awd_00567,RES-0002,not_0200,pro_0183,lot_00563,2000-01-01,selec-w,2698099.2,PLN,src_ted_opendata,file_ted_0200,lot_result:RES-0002,2026-08-19
awd_00568,RES-0003,not_0200,pro_0183,lot_00564,2000-01-01,selec-w,1382520,PLN,src_ted_opendata,file_ted_0200,lot_result:RES-0003,2026-08-19
awd_00569,RES-0001,not_0201,pro_0184,lot_00565,2024-11-29,selec-w,290158,EUR,src_ted_opendata,file_ted_0201,lot_result:RES-0001,2026-08-19
awd_00570,RES-0001,not_0202,pro_0185,lot_00566,2000-01-01,selec-w,543500,PLN,src_ted_opendata,file_ted_0202,lot_result:RES-0001,2026-08-19
awd_00571,RES-0002,not_0202,pro_0185,lot_00567,2000-01-01,selec-w,126000,PLN,src_ted_opendata,file_ted_0202,lot_result:RES-0002,2026-08-19
awd_00572,RES-0003,not_0202,pro_0185,lot_00568,2000-01-01,selec-w,68961.2,PLN,src_ted_opendata,file_ted_0202,lot_result:RES-0003,2026-08-19
awd_00573,RES-0004,not_0202,pro_0185,lot_00569,2000-01-01,selec-w,101720,PLN,src_ted_opendata,file_ted_0202,lot_result:RES-0004,2026-08-19
awd_00574,RES-0005,not_0202,pro_0185,lot_00570,2000-01-01,selec-w,168330,PLN,src_ted_opendata,file_ted_0202,lot_result:RES-0005,2026-08-19
awd_00575,RES-0006,not_0202,pro_0185,lot_00571,2000-01-01,clos-nw,,,src_ted_opendata,file_ted_0202,lot_result:RES-0006,2026-08-19
awd_00576,RES-0007,not_0202,pro_0185,lot_00572,2000-01-01,clos-nw,,,src_ted_opendata,file_ted_0202,lot_result:RES-0007,2026-08-19
awd_00577,RES-0008,not_0202,pro_0185,lot_00573,2000-01-01,selec-w,85610,PLN,src_ted_opendata,file_ted_0202,lot_result:RES-0008,2026-08-19
awd_00578,RES-0009,not_0202,pro_0185,lot_00574,2000-01-01,selec-w,19190,PLN,src_ted_opendata,file_ted_0202,lot_result:RES-0009,2026-08-19
awd_00579,RES-0010,not_0202,pro_0185,lot_00575,2000-01-01,clos-nw,,,src_ted_opendata,file_ted_0202,lot_result:RES-0010,2026-08-19
awd_00580,RES-0011,not_0202,pro_0185,lot_00576,2000-01-01,clos-nw,,,src_ted_opendata,file_ted_0202,lot_result:RES-0011,2026-08-19
awd_00581,RES-0001,not_0203,pro_0186,lot_00577,2000-01-01,selec-w,545646.03,PLN,src_ted_opendata,file_ted_0203,lot_result:RES-0001,2026-08-19
awd_00582,RES-0001,not_0204,pro_0187,lot_00578,2024-12-31,selec-w,,,src_ted_opendata,file_ted_0204,lot_result:RES-0001,2026-08-19
awd_00583,RES-0002,not_0205,pro_0188,lot_00579,2000-01-01,selec-w,1965981.0,CHF,src_ted_opendata,file_ted_0205,lot_result:RES-0002,2026-08-19
awd_00584,RES-0001,not_0206,pro_0189,lot_00580,2000-01-01,selec-w,,,src_ted_opendata,file_ted_0206,lot_result:RES-0001,2026-08-19
awd_00585,RES-0001,not_0207,pro_0190,lot_00581,2000-01-01,selec-w,2363376.96,PLN,src_ted_opendata,file_ted_0207,lot_result:RES-0001,2026-08-19
awd_00586,RES-0001,not_0208,pro_0191,lot_00582,2024-12-16,selec-w,219496.00,EUR,src_ted_opendata,file_ted_0208,lot_result:RES-0001,2026-08-19
awd_00587,RES-0001,not_0209,pro_0192,lot_00583,2000-01-01,selec-w,430000,EUR,src_ted_opendata,file_ted_0209,lot_result:RES-0001,2026-08-19
awd_00588,RES-0002,not_0210,pro_0193,lot_00584,2000-01-01,selec-w,,,src_ted_opendata,file_ted_0210,lot_result:RES-0002,2026-08-19
awd_00589,RES-0005,not_0210,pro_0193,lot_00585,2000-01-01,selec-w,,,src_ted_opendata,file_ted_0210,lot_result:RES-0005,2026-08-19
awd_00590,RES-5862,not_0211,pro_0194,lot_00587,2000-01-01,selec-w,399320.00,EUR,src_ted_opendata,file_ted_0211,lot_result:RES-5862,2026-08-19
awd_00591,RES-0000,not_0212,pro_0195,lot_00588,2000-01-01,selec-w,0.01,EUR,src_ted_opendata,file_ted_0212,lot_result:RES-0000,2026-08-19
awd_00592,RES-0001,not_0213,pro_0004,lot_00589,2000-01-01,clos-nw,,,src_ted_opendata,file_ted_0213,lot_result:RES-0001,2026-08-19
awd_00593,RES-0001,not_0214,pro_0196,lot_00590,2024-12-31,selec-w,3173650.00,BGN,src_ted_opendata,file_ted_0214,lot_result:RES-0001,2026-08-19
awd_00594,RES-0000,not_0215,pro_0197,lot_00591,2000-01-01,selec-w,8330617.65,RON,src_ted_opendata,file_ted_0215,lot_result:RES-0000,2026-08-19
awd_00595,RES-0001,not_0216,pro_0198,lot_00592,2000-01-01,selec-w,172368,EUR,src_ted_opendata,file_ted_0216,lot_result:RES-0001,2026-08-19
awd_00596,RES-0002,not_0216,pro_0198,lot_00593,2000-01-01,selec-w,935700,EUR,src_ted_opendata,file_ted_0216,lot_result:RES-0002,2026-08-19
awd_00597,RES-0001,not_0217,pro_0199,lot_00594,2000-01-01,selec-w,960216,PLN,src_ted_opendata,file_ted_0217,lot_result:RES-0001,2026-08-19
awd_00598,RES-0001,not_0218,pro_0200,lot_00595,2024-12-19,selec-w,38477.55,EUR,src_ted_opendata,file_ted_0218,lot_result:RES-0001,2026-08-19
awd_00599,RES-0002,not_0218,pro_0200,lot_00596,2024-12-19,selec-w,220000.00,EUR,src_ted_opendata,file_ted_0218,lot_result:RES-0002,2026-08-19
awd_00600,RES-0003,not_0218,pro_0200,lot_00597,2024-12-19,open-nw,,,src_ted_opendata,file_ted_0218,lot_result:RES-0003,2026-08-19
awd_00601,RES-0004,not_0218,pro_0200,lot_00598,2024-12-19,open-nw,,,src_ted_opendata,file_ted_0218,lot_result:RES-0004,2026-08-19
awd_00602,RES-0001,not_0219,pro_0004,lot_00599,2000-01-01,clos-nw,,,src_ted_opendata,file_ted_0219,lot_result:RES-0001,2026-08-19
awd_00603,RES-0001,not_0220,pro_0201,lot_00600,2000-01-01,selec-w,158500,PLN,src_ted_opendata,file_ted_0220,lot_result:RES-0001,2026-08-19
awd_00604,RES-0002,not_0220,pro_0201,lot_00601,2000-01-01,selec-w,220000,PLN,src_ted_opendata,file_ted_0220,lot_result:RES-0002,2026-08-19
awd_00605,RES-0003,not_0220,pro_0201,lot_00602,2000-01-01,selec-w,220000,PLN,src_ted_opendata,file_ted_0220,lot_result:RES-0003,2026-08-19
awd_00606,RES-0004,not_0220,pro_0201,lot_00603,2000-01-01,selec-w,330000,PLN,src_ted_opendata,file_ted_0220,lot_result:RES-0004,2026-08-19
awd_00607,RES-0005,not_0220,pro_0201,lot_00604,2000-01-01,clos-nw,,,src_ted_opendata,file_ted_0220,lot_result:RES-0005,2026-08-19
awd_00608,RES-0006,not_0220,pro_0201,lot_00605,2000-01-01,selec-w,440000,PLN,src_ted_opendata,file_ted_0220,lot_result:RES-0006,2026-08-19
awd_00609,RES-0007,not_0220,pro_0201,lot_00606,2000-01-01,selec-w,500000,PLN,src_ted_opendata,file_ted_0220,lot_result:RES-0007,2026-08-19
awd_00610,RES-0008,not_0220,pro_0201,lot_00607,2000-01-01,selec-w,538000,PLN,src_ted_opendata,file_ted_0220,lot_result:RES-0008,2026-08-19
awd_00611,RES-0003,not_0221,pro_0202,lot_00610,2000-01-01,selec-w,65600,RON,src_ted_opendata,file_ted_0221,lot_result:RES-0003,2026-08-19
awd_00612,RES-0001,not_0221,pro_0202,lot_00608,2000-01-01,selec-w,877700,RON,src_ted_opendata,file_ted_0221,lot_result:RES-0001,2026-08-19
awd_00613,RES-0005,not_0221,pro_0202,lot_00612,2000-01-01,selec-w,187280,RON,src_ted_opendata,file_ted_0221,lot_result:RES-0005,2026-08-19
awd_00614,RES-0004,not_0221,pro_0202,lot_00611,2000-01-01,selec-w,777500,RON,src_ted_opendata,file_ted_0221,lot_result:RES-0004,2026-08-19
awd_00615,RES-0002,not_0221,pro_0202,lot_00609,2000-01-01,selec-w,746200,RON,src_ted_opendata,file_ted_0221,lot_result:RES-0002,2026-08-19
awd_00616,RES-0006,not_0221,pro_0202,lot_00613,2000-01-01,selec-w,139800,RON,src_ted_opendata,file_ted_0221,lot_result:RES-0006,2026-08-19
awd_00617,RES-0007,not_0221,pro_0202,lot_00614,2000-01-01,selec-w,93600,RON,src_ted_opendata,file_ted_0221,lot_result:RES-0007,2026-08-19
awd_00618,RES-0008,not_0221,pro_0202,lot_00615,2000-01-01,clos-nw,,,src_ted_opendata,file_ted_0221,lot_result:RES-0008,2026-08-19
awd_00619,RES-0001,not_0222,pro_0203,lot_00616,2024-12-31,clos-nw,,,src_ted_opendata,file_ted_0222,lot_result:RES-0001,2026-08-19
awd_00620,RES-0002,not_0222,pro_0203,lot_00617,2024-12-31,clos-nw,,,src_ted_opendata,file_ted_0222,lot_result:RES-0002,2026-08-19
awd_00621,RES-0001,not_0223,pro_0204,lot_00618,2000-01-01,selec-w,,,src_ted_opendata,file_ted_0223,lot_result:RES-0001,2026-08-19
awd_00622,RES-0001,not_0224,pro_0205,lot_00619,2000-01-01,selec-w,1162800,PLN,src_ted_opendata,file_ted_0224,lot_result:RES-0001,2026-08-19
awd_00623,RES-0001,not_0225,pro_0206,lot_00620,2000-01-01,selec-w,,,src_ted_opendata,file_ted_0225,lot_result:RES-0001,2026-08-19
awd_00624,RES-0001,not_0226,pro_0207,lot_00621,2024-12-31,selec-w,58850.00,BGN,src_ted_opendata,file_ted_0226,lot_result:RES-0001,2026-08-19
awd_00625,RES-0001,not_0227,pro_0208,lot_00622,2000-01-01,selec-w,120000,EUR,src_ted_opendata,file_ted_0227,lot_result:RES-0001,2026-08-19
awd_00626,RES-0002,not_0227,pro_0208,lot_00623,2000-01-01,selec-w,150000,EUR,src_ted_opendata,file_ted_0227,lot_result:RES-0002,2026-08-19
awd_00627,RES-0003,not_0227,pro_0208,lot_00624,2000-01-01,selec-w,250000,EUR,src_ted_opendata,file_ted_0227,lot_result:RES-0003,2026-08-19
awd_00628,RES-0004,not_0227,pro_0208,lot_00625,2000-01-01,selec-w,100000,EUR,src_ted_opendata,file_ted_0227,lot_result:RES-0004,2026-08-19
awd_00629,RES-0001,not_0228,pro_0209,lot_00626,2000-01-01,clos-nw,,,src_ted_opendata,file_ted_0228,lot_result:RES-0001,2026-08-19
awd_00630,RES-0001,not_0229,pro_0210,lot_00627,2000-01-01,selec-w,4123959.67,PLN,src_ted_opendata,file_ted_0229,lot_result:RES-0001,2026-08-19
awd_00631,RES-0001,not_0230,pro_0211,lot_00628,2000-01-01,selec-w,899200,PLN,src_ted_opendata,file_ted_0230,lot_result:RES-0001,2026-08-19
awd_00632,RES-0001,not_0231,pro_0212,lot_00629,2000-01-01,selec-w,473469,EUR,src_ted_opendata,file_ted_0231,lot_result:RES-0001,2026-08-19
awd_00633,RES-0002,not_0232,pro_0213,lot_00631,2000-01-01,selec-w,961625.72,RON,src_ted_opendata,file_ted_0232,lot_result:RES-0002,2026-08-19
awd_00634,RES-0001,not_0232,pro_0213,lot_00630,2000-01-01,selec-w,1137588.91,RON,src_ted_opendata,file_ted_0232,lot_result:RES-0001,2026-08-19
awd_00635,RES-0001,not_0233,pro_0214,lot_00632,2000-01-01,selec-w,2672683.3,PLN,src_ted_opendata,file_ted_0233,lot_result:RES-0001,2026-08-19
awd_00636,RES-0001,not_0234,pro_0004,lot_00633,2000-01-01,clos-nw,,,src_ted_opendata,file_ted_0234,lot_result:RES-0001,2026-08-19
awd_00637,RES-0001,not_0235,pro_0215,lot_00634,2000-01-01,selec-w,,,src_ted_opendata,file_ted_0235,lot_result:RES-0001,2026-08-19
awd_00638,RES-0002,not_0235,pro_0215,lot_00635,2000-01-01,selec-w,,,src_ted_opendata,file_ted_0235,lot_result:RES-0002,2026-08-19
awd_00639,RES-0003,not_0235,pro_0215,lot_00636,2000-01-01,selec-w,,,src_ted_opendata,file_ted_0235,lot_result:RES-0003,2026-08-19
awd_00640,RES-0004,not_0235,pro_0215,lot_00637,2000-01-01,selec-w,,,src_ted_opendata,file_ted_0235,lot_result:RES-0004,2026-08-19
awd_00641,RES-0005,not_0235,pro_0215,lot_00638,2000-01-01,selec-w,,,src_ted_opendata,file_ted_0235,lot_result:RES-0005,2026-08-19
awd_00642,RES-0006,not_0235,pro_0215,lot_00639,2000-01-01,selec-w,,,src_ted_opendata,file_ted_0235,lot_result:RES-0006,2026-08-19
awd_00643,RES-0007,not_0235,pro_0215,lot_00640,2000-01-01,selec-w,,,src_ted_opendata,file_ted_0235,lot_result:RES-0007,2026-08-19
awd_00644,RES-0001,not_0236,pro_0216,lot_00641,2024-12-30,clos-nw,,,src_ted_opendata,file_ted_0236,lot_result:RES-0001,2026-08-19
awd_00645,RES-0001,not_0237,pro_0217,lot_00642,2000-01-01,selec-w,2649993.5,EUR,src_ted_opendata,file_ted_0237,lot_result:RES-0001,2026-08-19
awd_00646,RES-0001,not_0238,pro_0218,lot_00643,2000-01-01,selec-w,320000,EUR,src_ted_opendata,file_ted_0238,lot_result:RES-0001,2026-08-19
awd_00647,RES-0000,not_0239,pro_0219,lot_00644,2000-01-01,selec-w,224539.1,EUR,src_ted_opendata,file_ted_0239,lot_result:RES-0000,2026-08-19
awd_00648,RES-0001,not_0240,pro_0220,lot_00645,2000-01-01,selec-w,1759623.24,PLN,src_ted_opendata,file_ted_0240,lot_result:RES-0001,2026-08-19
awd_00649,RES-0001,not_0241,pro_0221,lot_00646,2000-01-01,selec-w,1997473.36,PLN,src_ted_opendata,file_ted_0241,lot_result:RES-0001,2026-08-19
awd_00650,RES-0001,not_0242,pro_0222,lot_00647,2000-01-01,selec-w,334213.8,PLN,src_ted_opendata,file_ted_0242,lot_result:RES-0001,2026-08-19
awd_00651,RES-0002,not_0242,pro_0222,lot_00648,2000-01-01,selec-w,125511.75,PLN,src_ted_opendata,file_ted_0242,lot_result:RES-0002,2026-08-19
awd_00652,RES-0001,not_0243,pro_0223,lot_00649,2024-12-31,clos-nw,,,src_ted_opendata,file_ted_0243,lot_result:RES-0001,2026-08-19
awd_00653,RES-0016,not_0244,pro_0224,lot_00665,2000-01-01,selec-w,165088.98,RON,src_ted_opendata,file_ted_0244,lot_result:RES-0016,2026-08-19
awd_00654,RES-0019,not_0244,pro_0224,lot_00668,2000-01-01,selec-w,651770,RON,src_ted_opendata,file_ted_0244,lot_result:RES-0019,2026-08-19
awd_00655,RES-0008,not_0244,pro_0224,lot_00657,2000-01-01,selec-w,280917.6,RON,src_ted_opendata,file_ted_0244,lot_result:RES-0008,2026-08-19
awd_00656,RES-0012,not_0244,pro_0224,lot_00661,2000-01-01,selec-w,530464,RON,src_ted_opendata,file_ted_0244,lot_result:RES-0012,2026-08-19
awd_00657,RES-0015,not_0244,pro_0224,lot_00664,2000-01-01,selec-w,606181.2,RON,src_ted_opendata,file_ted_0244,lot_result:RES-0015,2026-08-19
awd_00658,RES-0011,not_0244,pro_0224,lot_00660,2000-01-01,selec-w,789771.2,RON,src_ted_opendata,file_ted_0244,lot_result:RES-0011,2026-08-19
awd_00659,RES-0001,not_0244,pro_0224,lot_00650,2000-01-01,selec-w,8738.88,RON,src_ted_opendata,file_ted_0244,lot_result:RES-0001,2026-08-19
awd_00660,RES-0010,not_0244,pro_0224,lot_00659,2000-01-01,selec-w,79600,RON,src_ted_opendata,file_ted_0244,lot_result:RES-0010,2026-08-19
awd_00661,RES-0007,not_0244,pro_0224,lot_00656,2000-01-01,selec-w,49866.31,RON,src_ted_opendata,file_ted_0244,lot_result:RES-0007,2026-08-19
awd_00662,RES-0018,not_0244,pro_0224,lot_00667,2000-01-01,selec-w,42158.4,RON,src_ted_opendata,file_ted_0244,lot_result:RES-0018,2026-08-19
awd_00663,RES-0009,not_0244,pro_0224,lot_00658,2000-01-01,selec-w,1170424.8,RON,src_ted_opendata,file_ted_0244,lot_result:RES-0009,2026-08-19
awd_00664,RES-0003,not_0244,pro_0224,lot_00652,2000-01-01,selec-w,1672877.44,RON,src_ted_opendata,file_ted_0244,lot_result:RES-0003,2026-08-19
awd_00665,RES-0006,not_0244,pro_0224,lot_00655,2000-01-01,selec-w,78019.2,RON,src_ted_opendata,file_ted_0244,lot_result:RES-0006,2026-08-19
awd_00666,RES-0014,not_0244,pro_0224,lot_00663,2000-01-01,selec-w,151566,RON,src_ted_opendata,file_ted_0244,lot_result:RES-0014,2026-08-19
awd_00667,RES-0021,not_0244,pro_0224,lot_00670,2000-01-01,selec-w,50400,RON,src_ted_opendata,file_ted_0244,lot_result:RES-0021,2026-08-19
awd_00668,RES-0002,not_0244,pro_0224,lot_00651,2000-01-01,selec-w,32605.48,RON,src_ted_opendata,file_ted_0244,lot_result:RES-0002,2026-08-19
awd_00669,RES-0020,not_0244,pro_0224,lot_00669,2000-01-01,selec-w,831680,RON,src_ted_opendata,file_ted_0244,lot_result:RES-0020,2026-08-19
awd_00670,RES-0005,not_0244,pro_0224,lot_00654,2000-01-01,selec-w,407022,RON,src_ted_opendata,file_ted_0244,lot_result:RES-0005,2026-08-19
awd_00671,RES-0004,not_0244,pro_0224,lot_00653,2000-01-01,selec-w,1731689.6,RON,src_ted_opendata,file_ted_0244,lot_result:RES-0004,2026-08-19
awd_00672,RES-0013,not_0244,pro_0224,lot_00662,2000-01-01,clos-nw,,,src_ted_opendata,file_ted_0244,lot_result:RES-0013,2026-08-19
awd_00673,RES-0017,not_0244,pro_0224,lot_00666,2000-01-01,clos-nw,,,src_ted_opendata,file_ted_0244,lot_result:RES-0017,2026-08-19
awd_00674,RES-0001,not_0245,pro_0225,lot_00671,2000-01-01,selec-w,5265000,EUR,src_ted_opendata,file_ted_0245,lot_result:RES-0001,2026-08-19
awd_00675,RES-0001,not_0246,pro_0226,lot_00672,2000-01-01,selec-w,13026550.18,PLN,src_ted_opendata,file_ted_0246,lot_result:RES-0001,2026-08-19
awd_00676,RES-0001,not_0247,pro_0227,lot_00673,2000-01-01,selec-w,5368320.61,PLN,src_ted_opendata,file_ted_0247,lot_result:RES-0001,2026-08-19
awd_00677,RES-0001,not_0248,pro_0228,lot_00674,2000-01-01,selec-w,2078700,PLN,src_ted_opendata,file_ted_0248,lot_result:RES-0001,2026-08-19
awd_00678,RES-0001,not_0249,pro_0229,lot_00675,2000-01-01,selec-w,548550,PLN,src_ted_opendata,file_ted_0249,lot_result:RES-0001,2026-08-19
awd_00679,RES-0002,not_0249,pro_0229,lot_00676,2000-01-01,selec-w,92680.56,PLN,src_ted_opendata,file_ted_0249,lot_result:RES-0002,2026-08-19
awd_00680,RES-0003,not_0249,pro_0229,lot_00677,2000-01-01,clos-nw,,,src_ted_opendata,file_ted_0249,lot_result:RES-0003,2026-08-19
awd_00681,RES-0004,not_0249,pro_0229,lot_00678,2000-01-01,selec-w,55980,PLN,src_ted_opendata,file_ted_0249,lot_result:RES-0004,2026-08-19
awd_00682,RES-0005,not_0249,pro_0229,lot_00679,2000-01-01,selec-w,77491.67,PLN,src_ted_opendata,file_ted_0249,lot_result:RES-0005,2026-08-19
awd_00683,RES-0001,not_0250,pro_0004,lot_00680,2000-01-01,clos-nw,,,src_ted_opendata,file_ted_0250,lot_result:RES-0001,2026-08-19
awd_00684,RES-0001,not_0251,pro_0230,lot_00681,2024-06-13,selec-w,791017.43,EUR,src_ted_opendata,file_ted_0251,lot_result:RES-0001,2026-08-19
awd_00685,RES-0002,not_0252,pro_0231,lot_00682,2000-01-01,selec-w,1535717.71,CHF,src_ted_opendata,file_ted_0252,lot_result:RES-0002,2026-08-19
awd_00686,RES-0000,not_0253,pro_0232,lot_00683,2000-01-01,selec-w,115475.1,CHF,src_ted_opendata,file_ted_0253,lot_result:RES-0000,2026-08-19
awd_00687,RES-0001,not_0254,pro_0004,lot_00684,2000-01-01,clos-nw,,,src_ted_opendata,file_ted_0254,lot_result:RES-0001,2026-08-19
awd_00688,RES-0001,not_0255,pro_0233,lot_00685,2000-01-01,selec-w,1191166,EUR,src_ted_opendata,file_ted_0255,lot_result:RES-0001,2026-08-19
awd_00689,RES-0001,not_0256,pro_0234,lot_00686,2000-01-01,selec-w,55416,PLN,src_ted_opendata,file_ted_0256,lot_result:RES-0001,2026-08-19
awd_00690,RES-0002,not_0256,pro_0234,lot_00687,2000-01-01,selec-w,39018,PLN,src_ted_opendata,file_ted_0256,lot_result:RES-0002,2026-08-19
awd_00691,RES-0003,not_0256,pro_0234,lot_00688,2000-01-01,selec-w,137045,PLN,src_ted_opendata,file_ted_0256,lot_result:RES-0003,2026-08-19
awd_00692,RES-0004,not_0256,pro_0234,lot_00689,2000-01-01,selec-w,133730,PLN,src_ted_opendata,file_ted_0256,lot_result:RES-0004,2026-08-19
awd_00693,RES-0005,not_0256,pro_0234,lot_00690,2000-01-01,selec-w,51950,PLN,src_ted_opendata,file_ted_0256,lot_result:RES-0005,2026-08-19
awd_00694,RES-0006,not_0256,pro_0234,lot_00691,2000-01-01,selec-w,38835,PLN,src_ted_opendata,file_ted_0256,lot_result:RES-0006,2026-08-19
awd_00695,RES-0007,not_0256,pro_0234,lot_00692,2000-01-01,selec-w,54513,PLN,src_ted_opendata,file_ted_0256,lot_result:RES-0007,2026-08-19
awd_00696,RES-0008,not_0256,pro_0234,lot_00693,2000-01-01,selec-w,29702,PLN,src_ted_opendata,file_ted_0256,lot_result:RES-0008,2026-08-19
awd_00697,RES-0009,not_0256,pro_0234,lot_00694,2000-01-01,selec-w,21304.53,PLN,src_ted_opendata,file_ted_0256,lot_result:RES-0009,2026-08-19
awd_00698,RES-0010,not_0256,pro_0234,lot_00695,2000-01-01,selec-w,9171.18,PLN,src_ted_opendata,file_ted_0256,lot_result:RES-0010,2026-08-19
awd_00699,RES-0011,not_0256,pro_0234,lot_00696,2000-01-01,selec-w,7300,PLN,src_ted_opendata,file_ted_0256,lot_result:RES-0011,2026-08-19
awd_00700,RES-0012,not_0256,pro_0234,lot_00697,2000-01-01,selec-w,3271,PLN,src_ted_opendata,file_ted_0256,lot_result:RES-0012,2026-08-19
awd_00701,RES-0013,not_0256,pro_0234,lot_00698,2000-01-01,selec-w,4640,PLN,src_ted_opendata,file_ted_0256,lot_result:RES-0013,2026-08-19
awd_00702,RES-0014,not_0256,pro_0234,lot_00699,2000-01-01,clos-nw,,,src_ted_opendata,file_ted_0256,lot_result:RES-0014,2026-08-19
awd_00703,RES-0015,not_0256,pro_0234,lot_00700,2000-01-01,selec-w,15025,PLN,src_ted_opendata,file_ted_0256,lot_result:RES-0015,2026-08-19
awd_00704,RES-0001,not_0257,pro_0235,lot_00701,2024-12-30,clos-nw,,,src_ted_opendata,file_ted_0257,lot_result:RES-0001,2026-08-19
awd_00705,RES-0001,not_0258,pro_0236,lot_00702,2000-01-01,selec-w,29680,PLN,src_ted_opendata,file_ted_0258,lot_result:RES-0001,2026-08-19
awd_00706,RES-0011,not_0258,pro_0236,lot_00703,2000-01-01,selec-w,41809.25,PLN,src_ted_opendata,file_ted_0258,lot_result:RES-0011,2026-08-19
awd_00707,RES-0012,not_0258,pro_0236,lot_00704,2000-01-01,clos-nw,,,src_ted_opendata,file_ted_0258,lot_result:RES-0012,2026-08-19
awd_00708,RES-0013,not_0258,pro_0236,lot_00712,2000-01-01,clos-nw,,,src_ted_opendata,file_ted_0258,lot_result:RES-0013,2026-08-19
awd_00709,RES-0014,not_0258,pro_0236,lot_00714,2000-01-01,clos-nw,,,src_ted_opendata,file_ted_0258,lot_result:RES-0014,2026-08-19
awd_00710,RES-0015,not_0258,pro_0236,lot_00715,2000-01-01,clos-nw,,,src_ted_opendata,file_ted_0258,lot_result:RES-0015,2026-08-19
awd_00711,RES-0016,not_0258,pro_0236,lot_00717,2000-01-01,clos-nw,,,src_ted_opendata,file_ted_0258,lot_result:RES-0016,2026-08-19
awd_00712,RES-0017,not_0258,pro_0236,lot_00705,2000-01-01,selec-w,41500,PLN,src_ted_opendata,file_ted_0258,lot_result:RES-0017,2026-08-19
awd_00713,RES-0018,not_0258,pro_0236,lot_00706,2000-01-01,selec-w,36000,PLN,src_ted_opendata,file_ted_0258,lot_result:RES-0018,2026-08-19
awd_00714,RES-0019,not_0258,pro_0236,lot_00707,2000-01-01,selec-w,6627,PLN,src_ted_opendata,file_ted_0258,lot_result:RES-0019,2026-08-19
awd_00715,RES-0020,not_0258,pro_0236,lot_00708,2000-01-01,selec-w,58172,PLN,src_ted_opendata,file_ted_0258,lot_result:RES-0020,2026-08-19
awd_00716,RES-0021,not_0258,pro_0236,lot_00709,2000-01-01,selec-w,5995.6,PLN,src_ted_opendata,file_ted_0258,lot_result:RES-0021,2026-08-19
awd_00717,RES-0022,not_0258,pro_0236,lot_00710,2000-01-01,selec-w,192754.4,PLN,src_ted_opendata,file_ted_0258,lot_result:RES-0022,2026-08-19
awd_00718,RES-0023,not_0258,pro_0236,lot_00711,2000-01-01,selec-w,27250,PLN,src_ted_opendata,file_ted_0258,lot_result:RES-0023,2026-08-19
awd_00719,RES-0024,not_0258,pro_0236,lot_00713,2000-01-01,selec-w,1698,PLN,src_ted_opendata,file_ted_0258,lot_result:RES-0024,2026-08-19
awd_00720,RES-0025,not_0258,pro_0236,lot_00716,2000-01-01,selec-w,92550,PLN,src_ted_opendata,file_ted_0258,lot_result:RES-0025,2026-08-19
awd_00721,RES-0026,not_0258,pro_0236,lot_00718,2000-01-01,selec-w,25062,PLN,src_ted_opendata,file_ted_0258,lot_result:RES-0026,2026-08-19
awd_00722,RES-0027,not_0258,pro_0236,lot_00719,2000-01-01,selec-w,22460,PLN,src_ted_opendata,file_ted_0258,lot_result:RES-0027,2026-08-19
awd_00723,RES-0028,not_0258,pro_0236,lot_00720,2000-01-01,selec-w,3575,PLN,src_ted_opendata,file_ted_0258,lot_result:RES-0028,2026-08-19
awd_00724,RES-0001,not_0259,pro_0237,lot_00721,2000-01-01,selec-w,4557192,PLN,src_ted_opendata,file_ted_0259,lot_result:RES-0001,2026-08-19
awd_00725,RES-0001,not_0260,pro_0238,lot_00722,2000-01-01,selec-w,5079642.19,PLN,src_ted_opendata,file_ted_0260,lot_result:RES-0001,2026-08-19
awd_00726,RES-0002,not_0260,pro_0238,lot_00723,2000-01-01,selec-w,1011778.24,PLN,src_ted_opendata,file_ted_0260,lot_result:RES-0002,2026-08-19
awd_00727,RES-0003,not_0260,pro_0238,lot_00724,2000-01-01,selec-w,429523.56,PLN,src_ted_opendata,file_ted_0260,lot_result:RES-0003,2026-08-19
awd_00728,RES-0001,not_0261,pro_0239,lot_00726,2000-01-01,selec-w,466619.4,PLN,src_ted_opendata,file_ted_0261,lot_result:RES-0001,2026-08-19
awd_00729,RES-0002,not_0261,pro_0239,lot_00727,2000-01-01,selec-w,506731.68,PLN,src_ted_opendata,file_ted_0261,lot_result:RES-0002,2026-08-19
awd_00730,RES-0003,not_0261,pro_0239,lot_00728,2000-01-01,selec-w,392572.44,PLN,src_ted_opendata,file_ted_0261,lot_result:RES-0003,2026-08-19
awd_00731,RES-0004,not_0261,pro_0239,lot_00729,2000-01-01,selec-w,24261.12,PLN,src_ted_opendata,file_ted_0261,lot_result:RES-0004,2026-08-19
awd_00732,RES-0005,not_0261,pro_0239,lot_00730,2000-01-01,selec-w,71198.48,PLN,src_ted_opendata,file_ted_0261,lot_result:RES-0005,2026-08-19
awd_00733,RES-0006,not_0261,pro_0239,lot_00731,2000-01-01,selec-w,2300.4,PLN,src_ted_opendata,file_ted_0261,lot_result:RES-0006,2026-08-19
awd_00734,RES-0007,not_0261,pro_0239,lot_00732,2000-01-01,selec-w,27648,PLN,src_ted_opendata,file_ted_0261,lot_result:RES-0007,2026-08-19
awd_00735,RES-0008,not_0261,pro_0239,lot_00733,2000-01-01,selec-w,24261.12,PLN,src_ted_opendata,file_ted_0261,lot_result:RES-0008,2026-08-19
awd_00736,RES-0009,not_0261,pro_0239,lot_00725,2000-01-01,clos-nw,,,src_ted_opendata,file_ted_0261,lot_result:RES-0009,2026-08-19
awd_00737,RES-0001,not_0262,pro_0004,lot_00734,2000-01-01,clos-nw,,,src_ted_opendata,file_ted_0262,lot_result:RES-0001,2026-08-19
awd_00738,RES-0001,not_0263,pro_0240,lot_00735,2000-01-01,selec-w,,,src_ted_opendata,file_ted_0263,lot_result:RES-0001,2026-08-19
awd_00739,RES-0003,not_0264,pro_0241,lot_00738,2000-01-01,selec-w,106388,RON,src_ted_opendata,file_ted_0264,lot_result:RES-0003,2026-08-19
awd_00740,RES-0001,not_0264,pro_0241,lot_00736,2000-01-01,selec-w,168392,RON,src_ted_opendata,file_ted_0264,lot_result:RES-0001,2026-08-19
awd_00741,RES-0004,not_0264,pro_0241,lot_00739,2000-01-01,selec-w,1828346,RON,src_ted_opendata,file_ted_0264,lot_result:RES-0004,2026-08-19
awd_00742,RES-0002,not_0264,pro_0241,lot_00737,2000-01-01,selec-w,480862,RON,src_ted_opendata,file_ted_0264,lot_result:RES-0002,2026-08-19
awd_00743,RES-0001,not_0265,pro_0242,lot_00740,2000-01-01,selec-w,8110545,PLN,src_ted_opendata,file_ted_0265,lot_result:RES-0001,2026-08-19
awd_00744,RES-0000,not_0266,pro_0243,lot_00741,2000-01-01,selec-w,638870.0,EUR,src_ted_opendata,file_ted_0266,lot_result:RES-0000,2026-08-19
awd_00745,RES-0001,not_0267,pro_0244,lot_00742,1970-01-01,selec-w,150000,EUR,src_ted_opendata,file_ted_0267,lot_result:RES-0001,2026-08-19
awd_00746,RES-0002,not_0267,pro_0244,lot_00743,1970-01-01,selec-w,85000,EUR,src_ted_opendata,file_ted_0267,lot_result:RES-0002,2026-08-19
awd_00747,RES-0003,not_0267,pro_0244,lot_00744,1970-01-01,selec-w,230000,EUR,src_ted_opendata,file_ted_0267,lot_result:RES-0003,2026-08-19
awd_00748,RES-0004,not_0267,pro_0244,lot_00745,1970-01-01,selec-w,130000,EUR,src_ted_opendata,file_ted_0267,lot_result:RES-0004,2026-08-19
awd_00749,RES-0005,not_0267,pro_0244,lot_00746,1970-01-01,selec-w,,,src_ted_opendata,file_ted_0267,lot_result:RES-0005,2026-08-19
awd_00750,RES-0006,not_0267,pro_0244,lot_00747,1970-01-01,selec-w,260000,EUR,src_ted_opendata,file_ted_0267,lot_result:RES-0006,2026-08-19
awd_00751,RES-0001,not_0268,pro_0245,lot_00748,2000-01-01,selec-w,2168976.85,PLN,src_ted_opendata,file_ted_0268,lot_result:RES-0001,2026-08-19
awd_00752,RES-0001,not_0269,pro_0246,lot_00749,2024-12-30,selec-w,,,src_ted_opendata,file_ted_0269,lot_result:RES-0001,2026-08-19
awd_00753,RES-0001,not_0270,pro_0247,lot_00750,2000-01-01,selec-w,,,src_ted_opendata,file_ted_0270,lot_result:RES-0001,2026-08-19
awd_00754,RES-0002,not_0270,pro_0247,lot_00751,2000-01-01,selec-w,,,src_ted_opendata,file_ted_0270,lot_result:RES-0002,2026-08-19
awd_00755,RES-0000,not_0271,pro_0248,lot_00752,2000-01-01,selec-w,1248900,EUR,src_ted_opendata,file_ted_0271,lot_result:RES-0000,2026-08-19
awd_00756,RES-0001,not_0272,pro_0249,lot_00753,2000-01-01,selec-w,4424372,EUR,src_ted_opendata,file_ted_0272,lot_result:RES-0001,2026-08-19
awd_00757,RES-0001,not_0273,pro_0250,lot_00754,2000-01-01,selec-w,897150,PLN,src_ted_opendata,file_ted_0273,lot_result:RES-0001,2026-08-19
awd_00758,RES-0002,not_0273,pro_0250,lot_00756,2000-01-01,selec-w,79500,PLN,src_ted_opendata,file_ted_0273,lot_result:RES-0002,2026-08-19
awd_00759,RES-0003,not_0273,pro_0250,lot_00758,2000-01-01,selec-w,689730,PLN,src_ted_opendata,file_ted_0273,lot_result:RES-0003,2026-08-19
awd_00760,RES-0004,not_0273,pro_0250,lot_00759,2000-01-01,selec-w,182515,PLN,src_ted_opendata,file_ted_0273,lot_result:RES-0004,2026-08-19
awd_00761,RES-0005,not_0273,pro_0250,lot_00760,2000-01-01,selec-w,202000,PLN,src_ted_opendata,file_ted_0273,lot_result:RES-0005,2026-08-19
awd_00762,RES-0006,not_0273,pro_0250,lot_00761,2000-01-01,selec-w,371410,PLN,src_ted_opendata,file_ted_0273,lot_result:RES-0006,2026-08-19
awd_00763,RES-0007,not_0273,pro_0250,lot_00762,2000-01-01,selec-w,201460,PLN,src_ted_opendata,file_ted_0273,lot_result:RES-0007,2026-08-19
awd_00764,RES-0008,not_0273,pro_0250,lot_00763,2000-01-01,selec-w,58650,PLN,src_ted_opendata,file_ted_0273,lot_result:RES-0008,2026-08-19
awd_00765,RES-0009,not_0273,pro_0250,lot_00766,2000-01-01,selec-w,567210,PLN,src_ted_opendata,file_ted_0273,lot_result:RES-0009,2026-08-19
awd_00766,RES-0010,not_0273,pro_0250,lot_00768,2000-01-01,selec-w,282500,PLN,src_ted_opendata,file_ted_0273,lot_result:RES-0010,2026-08-19
awd_00767,RES-0011,not_0273,pro_0250,lot_00767,2000-01-01,selec-w,452600,PLN,src_ted_opendata,file_ted_0273,lot_result:RES-0011,2026-08-19
awd_00768,RES-0012,not_0273,pro_0250,lot_00765,2000-01-01,selec-w,160800,PLN,src_ted_opendata,file_ted_0273,lot_result:RES-0012,2026-08-19
awd_00769,RES-0013,not_0273,pro_0250,lot_00769,2000-01-01,selec-w,268600,PLN,src_ted_opendata,file_ted_0273,lot_result:RES-0013,2026-08-19
awd_00770,RES-0014,not_0273,pro_0250,lot_00776,2000-01-01,selec-w,4790,PLN,src_ted_opendata,file_ted_0273,lot_result:RES-0014,2026-08-19
awd_00771,RES-0015,not_0273,pro_0250,lot_00770,2000-01-01,selec-w,28900,PLN,src_ted_opendata,file_ted_0273,lot_result:RES-0015,2026-08-19
awd_00772,RES-0016,not_0273,pro_0250,lot_00774,2000-01-01,selec-w,17640,PLN,src_ted_opendata,file_ted_0273,lot_result:RES-0016,2026-08-19
awd_00773,RES-0017,not_0273,pro_0250,lot_00755,2000-01-01,clos-nw,,,src_ted_opendata,file_ted_0273,lot_result:RES-0017,2026-08-19
awd_00774,RES-0018,not_0273,pro_0250,lot_00757,2000-01-01,clos-nw,,,src_ted_opendata,file_ted_0273,lot_result:RES-0018,2026-08-19
awd_00775,RES-0019,not_0273,pro_0250,lot_00764,2000-01-01,clos-nw,,,src_ted_opendata,file_ted_0273,lot_result:RES-0019,2026-08-19
awd_00776,RES-0020,not_0273,pro_0250,lot_00771,2000-01-01,clos-nw,,,src_ted_opendata,file_ted_0273,lot_result:RES-0020,2026-08-19
awd_00777,RES-0021,not_0273,pro_0250,lot_00772,2000-01-01,clos-nw,,,src_ted_opendata,file_ted_0273,lot_result:RES-0021,2026-08-19
awd_00778,RES-0022,not_0273,pro_0250,lot_00773,2000-01-01,clos-nw,,,src_ted_opendata,file_ted_0273,lot_result:RES-0022,2026-08-19
awd_00779,RES-0023,not_0273,pro_0250,lot_00775,2000-01-01,clos-nw,,,src_ted_opendata,file_ted_0273,lot_result:RES-0023,2026-08-19
awd_00780,RES-0001,not_0274,pro_0251,lot_00777,2000-01-01,selec-w,,,src_ted_opendata,file_ted_0274,lot_result:RES-0001,2026-08-19
awd_00781,RES-0001,not_0275,pro_0252,lot_00778,2000-01-01,selec-w,340000,EUR,src_ted_opendata,file_ted_0275,lot_result:RES-0001,2026-08-19
awd_00782,RES-0002,not_0275,pro_0252,lot_00779,2000-01-01,selec-w,276000,EUR,src_ted_opendata,file_ted_0275,lot_result:RES-0002,2026-08-19
awd_00783,RES-0003,not_0275,pro_0252,lot_00780,2000-01-01,selec-w,320000,EUR,src_ted_opendata,file_ted_0275,lot_result:RES-0003,2026-08-19
awd_00784,RES-0004,not_0275,pro_0252,lot_00781,2000-01-01,selec-w,584000,EUR,src_ted_opendata,file_ted_0275,lot_result:RES-0004,2026-08-19
awd_00785,RES-0005,not_0275,pro_0252,lot_00782,2000-01-01,clos-nw,,,src_ted_opendata,file_ted_0275,lot_result:RES-0005,2026-08-19
awd_00786,RES-0006,not_0275,pro_0252,lot_00783,2000-01-01,selec-w,72000,EUR,src_ted_opendata,file_ted_0275,lot_result:RES-0006,2026-08-19
awd_00787,RES-0001,not_0276,pro_0253,lot_00784,2000-01-01,selec-w,550000,PLN,src_ted_opendata,file_ted_0276,lot_result:RES-0001,2026-08-19
awd_00788,RES-0001,not_0277,pro_0254,lot_00785,2000-01-01,selec-w,74428000.00,HUF,src_ted_opendata,file_ted_0277,lot_result:RES-0001,2026-08-19
awd_00789,RES-0002,not_0277,pro_0254,lot_00786,2000-01-01,selec-w,27808736.00,HUF,src_ted_opendata,file_ted_0277,lot_result:RES-0002,2026-08-19
awd_00790,RES-0001,not_0278,pro_0255,lot_00787,2000-01-01,selec-w,151767,EUR,src_ted_opendata,file_ted_0278,lot_result:RES-0001,2026-08-19
awd_00791,RES-0002,not_0278,pro_0255,lot_00788,2000-01-01,selec-w,188314,EUR,src_ted_opendata,file_ted_0278,lot_result:RES-0002,2026-08-19
awd_00792,RES-0003,not_0278,pro_0255,lot_00789,2000-01-01,selec-w,192074,EUR,src_ted_opendata,file_ted_0278,lot_result:RES-0003,2026-08-19
awd_00793,RES-0004,not_0278,pro_0255,lot_00790,2000-01-01,selec-w,168917,EUR,src_ted_opendata,file_ted_0278,lot_result:RES-0004,2026-08-19
awd_00794,RES-0005,not_0278,pro_0255,lot_00791,2000-01-01,selec-w,277100,EUR,src_ted_opendata,file_ted_0278,lot_result:RES-0005,2026-08-19
awd_00795,RES-0001,not_0279,pro_0256,lot_00792,2000-01-01,selec-w,1464854.12,PLN,src_ted_opendata,file_ted_0279,lot_result:RES-0001,2026-08-19
awd_00796,RES-0000,not_0280,pro_0257,lot_00793,2000-01-01,clos-nw,,,src_ted_opendata,file_ted_0280,lot_result:RES-0000,2026-08-19
awd_00797,RES-0001,not_0281,pro_0258,lot_00794,2000-01-01,selec-w,332,EUR,src_ted_opendata,file_ted_0281,lot_result:RES-0001,2026-08-19
awd_00798,RES-0000,not_0282,pro_0259,lot_00795,2000-01-01,selec-w,33000.0000,EUR,src_ted_opendata,file_ted_0282,lot_result:RES-0000,2026-08-19
awd_00799,RES-0001,not_0283,pro_0260,lot_00796,2024-12-31,selec-w,,,src_ted_opendata,file_ted_0283,lot_result:RES-0001,2026-08-19
awd_00800,RES-0001,not_0284,pro_0261,lot_00797,2000-01-01,selec-w,2211521.01,PLN,src_ted_opendata,file_ted_0284,lot_result:RES-0001,2026-08-19
awd_00801,RES-0001,not_0285,pro_0262,lot_00798,2000-01-01,selec-w,1078350,PLN,src_ted_opendata,file_ted_0285,lot_result:RES-0001,2026-08-19
awd_00802,RES-0002,not_0285,pro_0262,lot_00800,2000-01-01,selec-w,13567.5,PLN,src_ted_opendata,file_ted_0285,lot_result:RES-0002,2026-08-19
awd_00803,RES-0003,not_0285,pro_0262,lot_00801,2000-01-01,selec-w,19250,PLN,src_ted_opendata,file_ted_0285,lot_result:RES-0003,2026-08-19
awd_00804,RES-0004,not_0285,pro_0262,lot_00799,2000-01-01,clos-nw,,,src_ted_opendata,file_ted_0285,lot_result:RES-0004,2026-08-19
awd_00805,RES-0001,not_0286,pro_0263,lot_00802,2000-01-01,selec-w,1634371,EUR,src_ted_opendata,file_ted_0286,lot_result:RES-0001,2026-08-19
awd_00806,RES-0002,not_0286,pro_0263,lot_00803,2000-01-01,selec-w,519094,EUR,src_ted_opendata,file_ted_0286,lot_result:RES-0002,2026-08-19
awd_00807,RES-0003,not_0286,pro_0263,lot_00804,2000-01-01,selec-w,112167,EUR,src_ted_opendata,file_ted_0286,lot_result:RES-0003,2026-08-19
awd_00808,RES-0004,not_0286,pro_0263,lot_00805,2000-01-01,selec-w,140203,EUR,src_ted_opendata,file_ted_0286,lot_result:RES-0004,2026-08-19
awd_00809,RES-0005,not_0286,pro_0263,lot_00806,2000-01-01,selec-w,561339,EUR,src_ted_opendata,file_ted_0286,lot_result:RES-0005,2026-08-19
awd_00810,RES-0006,not_0286,pro_0263,lot_00807,2000-01-01,selec-w,481756,EUR,src_ted_opendata,file_ted_0286,lot_result:RES-0006,2026-08-19
awd_00811,RES-0007,not_0286,pro_0263,lot_00808,2000-01-01,selec-w,40383,EUR,src_ted_opendata,file_ted_0286,lot_result:RES-0007,2026-08-19
awd_00812,RES-0008,not_0286,pro_0263,lot_00809,2000-01-01,selec-w,624186,EUR,src_ted_opendata,file_ted_0286,lot_result:RES-0008,2026-08-19
awd_00813,RES-0009,not_0286,pro_0263,lot_00810,2000-01-01,selec-w,20633,EUR,src_ted_opendata,file_ted_0286,lot_result:RES-0009,2026-08-19
awd_00814,RES-0010,not_0286,pro_0263,lot_00811,2000-01-01,clos-nw,,,src_ted_opendata,file_ted_0286,lot_result:RES-0010,2026-08-19
awd_00815,RES-0011,not_0286,pro_0263,lot_00812,2000-01-01,selec-w,81750,EUR,src_ted_opendata,file_ted_0286,lot_result:RES-0011,2026-08-19
awd_00816,RES-0001,not_0287,pro_0264,lot_00813,2000-01-01,selec-w,17195913.34,EUR,src_ted_opendata,file_ted_0287,lot_result:RES-0001,2026-08-19
awd_00817,RES-0001,not_0288,pro_0265,lot_00814,2024-12-19,selec-w,,,src_ted_opendata,file_ted_0288,lot_result:RES-0001,2026-08-19
awd_00818,RES-0001,not_0289,pro_0266,lot_00815,2000-01-01,selec-w,2792616.75,PLN,src_ted_opendata,file_ted_0289,lot_result:RES-0001,2026-08-19
awd_00819,RES-0001,not_0290,pro_0267,lot_00816,2000-01-01,selec-w,219430.89,PLN,src_ted_opendata,file_ted_0290,lot_result:RES-0001,2026-08-19
awd_00820,RES-0001,not_0291,pro_0268,lot_00817,2000-01-01,selec-w,,,src_ted_opendata,file_ted_0291,lot_result:RES-0001,2026-08-19
awd_00821,RES-0001,not_0292,pro_0269,lot_00818,2000-01-01,selec-w,1003200,PLN,src_ted_opendata,file_ted_0292,lot_result:RES-0001,2026-08-19
awd_00822,RES-0002,not_0292,pro_0269,lot_00819,2000-01-01,selec-w,114000,PLN,src_ted_opendata,file_ted_0292,lot_result:RES-0002,2026-08-19
awd_00823,RES-0003,not_0292,pro_0269,lot_00820,2000-01-01,selec-w,537960,PLN,src_ted_opendata,file_ted_0292,lot_result:RES-0003,2026-08-19
awd_00824,RES-0004,not_0292,pro_0269,lot_00821,2000-01-01,selec-w,342899.04,PLN,src_ted_opendata,file_ted_0292,lot_result:RES-0004,2026-08-19
awd_00825,RES-0005,not_0292,pro_0269,lot_00822,2000-01-01,selec-w,318720,PLN,src_ted_opendata,file_ted_0292,lot_result:RES-0005,2026-08-19
awd_00826,RES-0006,not_0292,pro_0269,lot_00823,2000-01-01,selec-w,39708,PLN,src_ted_opendata,file_ted_0292,lot_result:RES-0006,2026-08-19
awd_00827,RES-0001,not_0293,pro_0004,lot_00824,2000-01-01,clos-nw,,,src_ted_opendata,file_ted_0293,lot_result:RES-0001,2026-08-19
awd_00828,RES-0001,not_0294,pro_0004,lot_00825,2000-01-01,clos-nw,,,src_ted_opendata,file_ted_0294,lot_result:RES-0001,2026-08-19
awd_00829,RES-0001,not_0295,pro_0270,lot_00826,2000-01-01,selec-w,387898.7,PLN,src_ted_opendata,file_ted_0295,lot_result:RES-0001,2026-08-19
awd_00830,RES-0001,not_0296,pro_0271,lot_00827,2000-01-01,selec-w,323066.9,PLN,src_ted_opendata,file_ted_0296,lot_result:RES-0001,2026-08-19
awd_00831,RES-0002,not_0296,pro_0271,lot_00828,2000-01-01,selec-w,735982,PLN,src_ted_opendata,file_ted_0296,lot_result:RES-0002,2026-08-19
awd_00832,RES-0003,not_0296,pro_0271,lot_00829,2000-01-01,selec-w,179697.7,PLN,src_ted_opendata,file_ted_0296,lot_result:RES-0003,2026-08-19
awd_00833,RES-0004,not_0296,pro_0271,lot_00830,2000-01-01,selec-w,645499.4,PLN,src_ted_opendata,file_ted_0296,lot_result:RES-0004,2026-08-19
awd_00834,RES-0000,not_0297,pro_0272,lot_00831,2000-01-01,selec-w,617313.00,EUR,src_ted_opendata,file_ted_0297,lot_result:RES-0000,2026-08-19
awd_00835,RES-0001,not_0298,pro_0273,lot_00832,2000-01-01,selec-w,2476596.87,EUR,src_ted_opendata,file_ted_0298,lot_result:RES-0001,2026-08-19
awd_00836,RES-0002,not_0298,pro_0273,lot_00833,2000-01-01,selec-w,219966.58,EUR,src_ted_opendata,file_ted_0298,lot_result:RES-0002,2026-08-19
awd_00837,RES-0003,not_0298,pro_0273,lot_00834,2000-01-01,selec-w,92132.46,EUR,src_ted_opendata,file_ted_0298,lot_result:RES-0003,2026-08-19
awd_00838,RES-0004,not_0298,pro_0273,lot_00835,2000-01-01,selec-w,1162379.68,EUR,src_ted_opendata,file_ted_0298,lot_result:RES-0004,2026-08-19
awd_00839,RES-0005,not_0298,pro_0273,lot_00836,2000-01-01,selec-w,294004.56,EUR,src_ted_opendata,file_ted_0298,lot_result:RES-0005,2026-08-19
awd_00840,RES-0006,not_0298,pro_0273,lot_00837,2000-01-01,selec-w,126918.96,EUR,src_ted_opendata,file_ted_0298,lot_result:RES-0006,2026-08-19
awd_00841,RES-0001,not_0299,pro_0274,lot_00838,2000-01-01,selec-w,228809.5,PLN,src_ted_opendata,file_ted_0299,lot_result:RES-0001,2026-08-19
awd_00842,RES-0002,not_0299,pro_0274,lot_00839,2000-01-01,selec-w,32000,PLN,src_ted_opendata,file_ted_0299,lot_result:RES-0002,2026-08-19
awd_00843,RES-0003,not_0299,pro_0274,lot_00840,2000-01-01,selec-w,2003800,PLN,src_ted_opendata,file_ted_0299,lot_result:RES-0003,2026-08-19
awd_00844,RES-0004,not_0299,pro_0274,lot_00841,2000-01-01,selec-w,140575.35,PLN,src_ted_opendata,file_ted_0299,lot_result:RES-0004,2026-08-19
awd_00845,RES-0005,not_0299,pro_0274,lot_00843,2000-01-01,selec-w,10000,PLN,src_ted_opendata,file_ted_0299,lot_result:RES-0005,2026-08-19
awd_00846,RES-0006,not_0299,pro_0274,lot_00844,2000-01-01,selec-w,11133,PLN,src_ted_opendata,file_ted_0299,lot_result:RES-0006,2026-08-19
awd_00847,RES-0007,not_0299,pro_0274,lot_00845,2000-01-01,selec-w,7701.66,PLN,src_ted_opendata,file_ted_0299,lot_result:RES-0007,2026-08-19
awd_00848,RES-0008,not_0299,pro_0274,lot_00842,2000-01-01,selec-w,157869.8,PLN,src_ted_opendata,file_ted_0299,lot_result:RES-0008,2026-08-19
awd_00849,RES-0001,not_0300,pro_0004,lot_00846,2000-01-01,clos-nw,,,src_ted_opendata,file_ted_0300,lot_result:RES-0001,2026-08-19
awd_wb_1785647,1785647,,,,07/01/2024,signed,4394441.73,USD,src_worldbank_finances1,file_worldbank_ds00005_001,77715,2026-08-19
awd_wb_1785658,1785658,,,,07/01/2024,signed,304819.40,USD,src_worldbank_finances1,file_worldbank_ds00005_001,77714,2026-08-19
awd_wb_1785749,1785749,,,,07/01/2024,signed,84946.43,USD,src_worldbank_finances1,file_worldbank_ds00005_001,77713,2026-08-19
awd_wb_1785770,1785770,,,,07/01/2024,signed,1403664.71,USD,src_worldbank_finances1,file_worldbank_ds00005_001,77712,2026-08-19
awd_wb_1785794,1785794,,,,07/02/2024,signed,41236.91,USD,src_worldbank_finances1,file_worldbank_ds00005_001,77320,2026-08-19
awd_wb_1785859,1785859,,,,07/08/2024,signed,21.36,USD,src_worldbank_finances1,file_worldbank_ds00005_001,76736,2026-08-19
awd_wb_1785870,1785870,,,,07/02/2024,signed,15471.70,USD,src_worldbank_finances1,file_worldbank_ds00005_001,77319,2026-08-19
awd_wb_1785879,1785879,,,,07/08/2024,signed,6472.96,USD,src_worldbank_finances1,file_worldbank_ds00005_001,76735,2026-08-19
awd_wb_1785883,1785883,,,,07/08/2024,signed,1853.55,USD,src_worldbank_finances1,file_worldbank_ds00005_001,76734,2026-08-19
awd_wb_1785885,1785885,,,,07/08/2024,signed,5602.83,USD,src_worldbank_finances1,file_worldbank_ds00005_001,76733,2026-08-19
awd_wb_1785952,1785952,,,,07/03/2024,signed,8607.20,USD,src_worldbank_finances1,file_worldbank_ds00005_001,77191,2026-08-19
awd_wb_1785957,1785957,,,,07/08/2024,signed,8045.52,USD,src_worldbank_finances1,file_worldbank_ds00005_001,76732,2026-08-19
awd_wb_1785992,1785992,,,,07/08/2024,signed,2273.67,USD,src_worldbank_finances1,file_worldbank_ds00005_001,76731,2026-08-19
awd_wb_1786024,1786024,,,,07/03/2024,signed,9332.43,USD,src_worldbank_finances1,file_worldbank_ds00005_001,77190,2026-08-19
awd_wb_1786026,1786026,,,,07/04/2024,signed,11957.00,USD,src_worldbank_finances1,file_worldbank_ds00005_001,77059,2026-08-19
awd_wb_1786041,1786041,,,,07/02/2024,signed,9313.01,USD,src_worldbank_finances1,file_worldbank_ds00005_001,77318,2026-08-19
awd_wb_1786047,1786047,,,,07/03/2024,signed,831080.93,USD,src_worldbank_finances1,file_worldbank_ds00005_001,77189,2026-08-19
awd_wb_1786049,1786049,,,,07/01/2024,signed,2691.51,USD,src_worldbank_finances1,file_worldbank_ds00005_001,77711,2026-08-19
awd_wb_1786062,1786062,,,,07/03/2024,signed,628026.41,USD,src_worldbank_finances1,file_worldbank_ds00005_001,77188,2026-08-19
awd_wb_1786076,1786076,,,,07/01/2024,signed,1603149.20,USD,src_worldbank_finances1,file_worldbank_ds00005_001,77710,2026-08-19
awd_wb_1786088,1786088,,,,07/01/2024,signed,11200.00,USD,src_worldbank_finances1,file_worldbank_ds00005_001,77709,2026-08-19
awd_wb_1786105,1786105,,,,07/01/2024,signed,18208.10,USD,src_worldbank_finances1,file_worldbank_ds00005_001,77708,2026-08-19
awd_wb_1786156,1786156,,,,07/08/2024,signed,3203.15,USD,src_worldbank_finances1,file_worldbank_ds00005_001,76730,2026-08-19
awd_wb_1786159,1786159,,,,07/08/2024,signed,3146.95,USD,src_worldbank_finances1,file_worldbank_ds00005_001,76729,2026-08-19
awd_wb_1786164,1786164,,,,07/04/2024,signed,1728.16,USD,src_worldbank_finances1,file_worldbank_ds00005_001,77058,2026-08-19
awd_wb_1786169,1786169,,,,07/01/2024,signed,10888.56,USD,src_worldbank_finances1,file_worldbank_ds00005_001,77707,2026-08-19
awd_wb_1786186,1786186,,,,07/10/2024,signed,224999.64,USD,src_worldbank_finances1,file_worldbank_ds00005_001,76479,2026-08-19
awd_wb_1786204,1786204,,,,07/02/2024,signed,1619530.59,USD,src_worldbank_finances1,file_worldbank_ds00005_001,77317,2026-08-19
awd_wb_1786210,1786210,,,,07/03/2024,signed,525370.96,USD,src_worldbank_finances1,file_worldbank_ds00005_001,77187,2026-08-19
awd_wb_1786240,1786240,,,,07/03/2024,signed,2613801.87,USD,src_worldbank_finances1,file_worldbank_ds00005_001,77186,2026-08-19
awd_wb_1786344,1786344,,,,07/10/2024,signed,15103.75,USD,src_worldbank_finances1,file_worldbank_ds00005_001,76478,2026-08-19
awd_wb_1786345,1786345,,,,07/10/2024,signed,11567.96,USD,src_worldbank_finances1,file_worldbank_ds00005_001,76477,2026-08-19
awd_wb_1786353,1786353,,,,07/11/2024,signed,36233.60,USD,src_worldbank_finances1,file_worldbank_ds00005_001,76346,2026-08-19
awd_wb_1786368,1786368,,,,07/01/2024,signed,19764.31,USD,src_worldbank_finances1,file_worldbank_ds00005_001,77706,2026-08-19
awd_wb_1786370,1786370,,,,07/01/2024,signed,414827.97,USD,src_worldbank_finances1,file_worldbank_ds00005_001,77705,2026-08-19
awd_wb_1786396,1786396,,,,07/05/2024,signed,207623.68,USD,src_worldbank_finances1,file_worldbank_ds00005_001,76921,2026-08-19
awd_wb_1786411,1786411,,,,07/01/2024,signed,12084.76,USD,src_worldbank_finances1,file_worldbank_ds00005_001,77704,2026-08-19
awd_wb_1786412,1786412,,,,07/02/2024,signed,10436.36,USD,src_worldbank_finances1,file_worldbank_ds00005_001,77316,2026-08-19
awd_wb_1786431,1786431,,,,07/11/2024,signed,2221.81,USD,src_worldbank_finances1,file_worldbank_ds00005_001,76345,2026-08-19
awd_wb_1786524,1786524,,,,07/08/2024,signed,303199.50,USD,src_worldbank_finances1,file_worldbank_ds00005_001,76728,2026-08-19
awd_wb_1786537,1786537,,,,07/08/2024,signed,2500.00,USD,src_worldbank_finances1,file_worldbank_ds00005_001,76727,2026-08-19
awd_wb_1786541,1786541,,,,07/03/2024,signed,2732463.37,USD,src_worldbank_finances1,file_worldbank_ds00005_001,77185,2026-08-19
awd_wb_1786542,1786542,,,,07/03/2024,signed,1602112.75,USD,src_worldbank_finances1,file_worldbank_ds00005_001,77184,2026-08-19
awd_wb_1786559,1786559,,,,07/11/2024,signed,155100.00,USD,src_worldbank_finances1,file_worldbank_ds00005_001,76344,2026-08-19
awd_wb_1786575,1786575,,,,07/03/2024,signed,142533.29,USD,src_worldbank_finances1,file_worldbank_ds00005_001,77183,2026-08-19
awd_wb_1786576,1786576,,,,07/11/2024,signed,860038.85,USD,src_worldbank_finances1,file_worldbank_ds00005_001,76343,2026-08-19
awd_wb_1786606,1786606,,,,07/05/2024,signed,123022.08,USD,src_worldbank_finances1,file_worldbank_ds00005_001,76920,2026-08-19
awd_wb_1786673,1786673,,,,07/10/2024,signed,31250.00,USD,src_worldbank_finances1,file_worldbank_ds00005_001,76476,2026-08-19
awd_wb_1786698,1786698,,,,07/02/2024,signed,39873.20,USD,src_worldbank_finances1,file_worldbank_ds00005_001,77315,2026-08-19
awd_wb_1786715,1786715,,,,07/10/2024,signed,,,src_worldbank_finances1,file_worldbank_ds00005_001,76474,2026-08-19
awd_wb_1786718,1786718,,,,07/04/2024,signed,1736.85,USD,src_worldbank_finances1,file_worldbank_ds00005_001,77057,2026-08-19
awd_wb_1786739,1786739,,,,07/01/2024,signed,62943.22,USD,src_worldbank_finances1,file_worldbank_ds00005_001,77703,2026-08-19
awd_wb_1786761,1786761,,,,07/12/2024,signed,116133.60,USD,src_worldbank_finances1,file_worldbank_ds00005_001,76222,2026-08-19
awd_wb_1786803,1786803,,,,07/09/2024,signed,21613.10,USD,src_worldbank_finances1,file_worldbank_ds00005_001,76570,2026-08-19
awd_wb_1786816,1786816,,,,07/10/2024,signed,274987.80,USD,src_worldbank_finances1,file_worldbank_ds00005_001,76473,2026-08-19
awd_wb_1786825,1786825,,,,07/01/2024,signed,9780.95,USD,src_worldbank_finances1,file_worldbank_ds00005_001,77702,2026-08-19
awd_wb_1786827,1786827,,,,07/08/2024,signed,472766.97,USD,src_worldbank_finances1,file_worldbank_ds00005_001,76726,2026-08-19
awd_wb_1786832,1786832,,,,07/05/2024,signed,2228.86,USD,src_worldbank_finances1,file_worldbank_ds00005_001,76919,2026-08-19
awd_wb_1786838,1786838,,,,07/05/2024,signed,,,src_worldbank_finances1,file_worldbank_ds00005_001,76917,2026-08-19
awd_wb_1786847,1786847,,,,07/10/2024,signed,12448.00,USD,src_worldbank_finances1,file_worldbank_ds00005_001,76472,2026-08-19
awd_wb_1786849,1786849,,,,07/08/2024,signed,30854.84,USD,src_worldbank_finances1,file_worldbank_ds00005_001,76725,2026-08-19
awd_wb_1786850,1786850,,,,07/10/2024,signed,15217.00,USD,src_worldbank_finances1,file_worldbank_ds00005_001,76471,2026-08-19
awd_wb_1786852,1786852,,,,07/10/2024,signed,16055.00,USD,src_worldbank_finances1,file_worldbank_ds00005_001,76470,2026-08-19
awd_wb_1786872,1786872,,,,07/09/2024,signed,,,src_worldbank_finances1,file_worldbank_ds00005_001,76567,2026-08-19
awd_wb_1786874,1786874,,,,07/12/2024,signed,220501.33,USD,src_worldbank_finances1,file_worldbank_ds00005_001,76221,2026-08-19
awd_wb_1786880,1786880,,,,07/02/2024,signed,18528.26,USD,src_worldbank_finances1,file_worldbank_ds00005_001,77314,2026-08-19
awd_wb_1786884,1786884,,,,07/01/2024,signed,137640.00,USD,src_worldbank_finances1,file_worldbank_ds00005_001,77701,2026-08-19
awd_wb_1786901,1786901,,,,07/01/2024,signed,1078.57,USD,src_worldbank_finances1,file_worldbank_ds00005_001,77700,2026-08-19
awd_wb_1786919,1786919,,,,07/10/2024,signed,30000.00,USD,src_worldbank_finances1,file_worldbank_ds00005_001,76469,2026-08-19
awd_wb_1786921,1786921,,,,07/10/2024,signed,59020.00,USD,src_worldbank_finances1,file_worldbank_ds00005_001,76468,2026-08-19
awd_wb_1786936,1786936,,,,07/11/2024,signed,,,src_worldbank_finances1,file_worldbank_ds00005_001,76341,2026-08-19
awd_wb_1786937,1786937,,,,07/11/2024,signed,,,src_worldbank_finances1,file_worldbank_ds00005_001,76339,2026-08-19
awd_wb_1786939,1786939,,,,07/11/2024,signed,,,src_worldbank_finances1,file_worldbank_ds00005_001,76337,2026-08-19
awd_wb_1786940,1786940,,,,07/11/2024,signed,,,src_worldbank_finances1,file_worldbank_ds00005_001,76335,2026-08-19
awd_wb_1786956,1786956,,,,07/12/2024,signed,239305.73,USD,src_worldbank_finances1,file_worldbank_ds00005_001,76220,2026-08-19
awd_wb_1786957,1786957,,,,07/12/2024,signed,12726.56,USD,src_worldbank_finances1,file_worldbank_ds00005_001,76219,2026-08-19
awd_wb_1786973,1786973,,,,07/07/2024,signed,,,src_worldbank_finances1,file_worldbank_ds00005_001,76743,2026-08-19
awd_wb_1786990,1786990,,,,07/09/2024,signed,1247.66,USD,src_worldbank_finances1,file_worldbank_ds00005_001,76566,2026-08-19
awd_wb_1786991,1786991,,,,07/09/2024,signed,26398.07,USD,src_worldbank_finances1,file_worldbank_ds00005_001,76565,2026-08-19
awd_wb_1787032,1787032,,,,07/10/2024,signed,130625.00,USD,src_worldbank_finances1,file_worldbank_ds00005_001,76467,2026-08-19
awd_wb_1787033,1787033,,,,07/01/2024,signed,201625.00,USD,src_worldbank_finances1,file_worldbank_ds00005_001,77699,2026-08-19
awd_wb_1787038,1787038,,,,07/12/2024,signed,204000.00,USD,src_worldbank_finances1,file_worldbank_ds00005_001,76218,2026-08-19
awd_wb_1787041,1787041,,,,07/11/2024,signed,361180.08,USD,src_worldbank_finances1,file_worldbank_ds00005_001,76334,2026-08-19
awd_wb_1787072,1787072,,,,07/15/2024,signed,347235.46,USD,src_worldbank_finances1,file_worldbank_ds00005_001,76089,2026-08-19
awd_wb_1787083,1787083,,,,07/12/2024,signed,,,src_worldbank_finances1,file_worldbank_ds00005_001,76216,2026-08-19
awd_wb_1787094,1787094,,,,07/01/2024,signed,255252.25,USD,src_worldbank_finances1,file_worldbank_ds00005_001,77698,2026-08-19
awd_wb_1787135,1787135,,,,07/05/2024,signed,15136.50,USD,src_worldbank_finances1,file_worldbank_ds00005_001,76916,2026-08-19
awd_wb_1787136,1787136,,,,07/05/2024,signed,55000.00,USD,src_worldbank_finances1,file_worldbank_ds00005_001,76915,2026-08-19
awd_wb_1787159,1787159,,,,07/01/2024,signed,59746.11,USD,src_worldbank_finances1,file_worldbank_ds00005_001,77697,2026-08-19
awd_wb_1787161,1787161,,,,07/15/2024,signed,56000.00,USD,src_worldbank_finances1,file_worldbank_ds00005_001,76088,2026-08-19
awd_wb_1787162,1787162,,,,07/01/2024,signed,66080.04,USD,src_worldbank_finances1,file_worldbank_ds00005_001,77696,2026-08-19
awd_wb_1787163,1787163,,,,07/15/2024,signed,17000.00,USD,src_worldbank_finances1,file_worldbank_ds00005_001,76087,2026-08-19
awd_wb_1787164,1787164,,,,07/08/2024,signed,27984.72,USD,src_worldbank_finances1,file_worldbank_ds00005_001,76724,2026-08-19
awd_wb_1787166,1787166,,,,07/15/2024,signed,36985.00,USD,src_worldbank_finances1,file_worldbank_ds00005_001,76086,2026-08-19
awd_wb_1787168,1787168,,,,07/15/2024,signed,16550.00,USD,src_worldbank_finances1,file_worldbank_ds00005_001,76085,2026-08-19
awd_wb_1787191,1787191,,,,07/11/2024,signed,76657.45,USD,src_worldbank_finances1,file_worldbank_ds00005_001,76333,2026-08-19
awd_wb_1787199,1787199,,,,07/03/2024,signed,75121.11,USD,src_worldbank_finances1,file_worldbank_ds00005_001,77182,2026-08-19
awd_wb_1787231,1787231,,,,07/04/2024,signed,8204008.00,USD,src_worldbank_finances1,file_worldbank_ds00005_001,77056,2026-08-19
awd_wb_1787259,1787259,,,,07/02/2024,signed,48064.86,USD,src_worldbank_finances1,file_worldbank_ds00005_001,77313,2026-08-19
awd_wb_1787296,1787296,,,,07/05/2024,signed,55415.75,USD,src_worldbank_finances1,file_worldbank_ds00005_001,76914,2026-08-19
awd_wb_1787305,1787305,,,,07/10/2024,signed,2089770.50,USD,src_worldbank_finances1,file_worldbank_ds00005_001,76466,2026-08-19
awd_wb_1787350,1787350,,,,07/11/2024,signed,750.62,USD,src_worldbank_finances1,file_worldbank_ds00005_001,76332,2026-08-19
awd_wb_1787358,1787358,,,,07/05/2024,signed,25559.09,USD,src_worldbank_finances1,file_worldbank_ds00005_001,76913,2026-08-19
awd_wb_1787371,1787371,,,,07/05/2024,signed,11165.00,USD,src_worldbank_finances1,file_worldbank_ds00005_001,76912,2026-08-19
awd_wb_1787379,1787379,,,,07/16/2024,signed,2279.98,USD,src_worldbank_finances1,file_worldbank_ds00005_001,75878,2026-08-19
awd_wb_1787397,1787397,,,,07/01/2024,signed,21000.00,USD,src_worldbank_finances1,file_worldbank_ds00005_001,77695,2026-08-19
awd_wb_1787399,1787399,,,,07/01/2024,signed,21000.00,USD,src_worldbank_finances1,file_worldbank_ds00005_001,77694,2026-08-19
awd_wb_1787400,1787400,,,,07/01/2024,signed,21000.00,USD,src_worldbank_finances1,file_worldbank_ds00005_001,77693,2026-08-19
awd_wb_1787403,1787403,,,,07/10/2024,signed,182286.64,USD,src_worldbank_finances1,file_worldbank_ds00005_001,76465,2026-08-19
awd_wb_1787410,1787410,,,,07/01/2024,signed,30000.00,USD,src_worldbank_finances1,file_worldbank_ds00005_001,77692,2026-08-19
awd_wb_1787412,1787412,,,,07/01/2024,signed,18000.00,USD,src_worldbank_finances1,file_worldbank_ds00005_001,77691,2026-08-19
awd_wb_1787413,1787413,,,,07/01/2024,signed,30000.00,USD,src_worldbank_finances1,file_worldbank_ds00005_001,77690,2026-08-19
awd_wb_1787414,1787414,,,,07/01/2024,signed,18000.00,USD,src_worldbank_finances1,file_worldbank_ds00005_001,77689,2026-08-19
awd_wb_1787415,1787415,,,,07/01/2024,signed,18000.00,USD,src_worldbank_finances1,file_worldbank_ds00005_001,77688,2026-08-19
awd_wb_1787416,1787416,,,,07/01/2024,signed,18000.00,USD,src_worldbank_finances1,file_worldbank_ds00005_001,77687,2026-08-19
awd_wb_1787417,1787417,,,,07/01/2024,signed,30000.00,USD,src_worldbank_finances1,file_worldbank_ds00005_001,77686,2026-08-19
awd_wb_1787420,1787420,,,,07/01/2024,signed,18000.00,USD,src_worldbank_finances1,file_worldbank_ds00005_001,77685,2026-08-19
awd_wb_1787421,1787421,,,,07/12/2024,signed,38787.58,USD,src_worldbank_finances1,file_worldbank_ds00005_001,76215,2026-08-19
awd_wb_1787422,1787422,,,,07/01/2024,signed,18000.00,USD,src_worldbank_finances1,file_worldbank_ds00005_001,77684,2026-08-19
awd_wb_1787423,1787423,,,,07/01/2024,signed,18000.00,USD,src_worldbank_finances1,file_worldbank_ds00005_001,77683,2026-08-19
awd_wb_1787452,1787452,,,,07/16/2024,signed,265935.60,USD,src_worldbank_finances1,file_worldbank_ds00005_001,75877,2026-08-19
awd_wb_1787460,1787460,,,,07/15/2024,signed,478532.42,USD,src_worldbank_finances1,file_worldbank_ds00005_001,76084,2026-08-19
awd_wb_1787462,1787462,,,,07/01/2024,signed,51903.51,USD,src_worldbank_finances1,file_worldbank_ds00005_001,77682,2026-08-19
awd_wb_1787465,1787465,,,,07/11/2024,signed,45834.34,USD,src_worldbank_finances1,file_worldbank_ds00005_001,76331,2026-08-19
awd_wb_1787468,1787468,,,,07/01/2024,signed,32581.31,USD,src_worldbank_finances1,file_worldbank_ds00005_001,77681,2026-08-19
awd_wb_1787471,1787471,,,,07/16/2024,signed,10154.13,USD,src_worldbank_finances1,file_worldbank_ds00005_001,75876,2026-08-19
awd_wb_1787472,1787472,,,,07/01/2024,signed,34197.53,USD,src_worldbank_finances1,file_worldbank_ds00005_001,77680,2026-08-19
awd_wb_1787474,1787474,,,,07/01/2024,signed,27282.47,USD,src_worldbank_finances1,file_worldbank_ds00005_001,77679,2026-08-19
awd_wb_1787479,1787479,,,,07/01/2024,signed,23728.36,USD,src_worldbank_finances1,file_worldbank_ds00005_001,77678,2026-08-19
awd_wb_1787482,1787482,,,,07/01/2024,signed,8000.81,USD,src_worldbank_finances1,file_worldbank_ds00005_001,77677,2026-08-19
awd_wb_1787485,1787485,,,,07/02/2024,signed,11763.33,USD,src_worldbank_finances1,file_worldbank_ds00005_001,77312,2026-08-19
awd_wb_1787488,1787488,,,,07/09/2024,signed,25457.64,USD,src_worldbank_finances1,file_worldbank_ds00005_001,76564,2026-08-19
awd_wb_1787502,1787502,,,,07/15/2024,signed,21316.80,USD,src_worldbank_finances1,file_worldbank_ds00005_001,76083,2026-08-19
awd_wb_1787554,1787554,,,,07/16/2024,signed,2279.98,USD,src_worldbank_finances1,file_worldbank_ds00005_001,75875,2026-08-19
awd_wb_1787561,1787561,,,,07/15/2024,signed,24809.58,USD,src_worldbank_finances1,file_worldbank_ds00005_001,76082,2026-08-19
awd_wb_1787578,1787578,,,,07/01/2024,signed,4362.75,USD,src_worldbank_finances1,file_worldbank_ds00005_001,77676,2026-08-19
awd_wb_1787581,1787581,,,,07/01/2024,signed,4362.75,USD,src_worldbank_finances1,file_worldbank_ds00005_001,77675,2026-08-19
awd_wb_1787585,1787585,,,,07/01/2024,signed,4362.75,USD,src_worldbank_finances1,file_worldbank_ds00005_001,77674,2026-08-19
awd_wb_1787587,1787587,,,,07/01/2024,signed,4362.75,USD,src_worldbank_finances1,file_worldbank_ds00005_001,77673,2026-08-19
awd_wb_1787589,1787589,,,,07/01/2024,signed,4362.75,USD,src_worldbank_finances1,file_worldbank_ds00005_001,77672,2026-08-19
awd_wb_1787595,1787595,,,,07/01/2024,signed,4362.75,USD,src_worldbank_finances1,file_worldbank_ds00005_001,77671,2026-08-19
awd_wb_1787596,1787596,,,,07/01/2024,signed,4362.75,USD,src_worldbank_finances1,file_worldbank_ds00005_001,77670,2026-08-19
awd_wb_1787599,1787599,,,,07/01/2024,signed,4362.75,USD,src_worldbank_finances1,file_worldbank_ds00005_001,77669,2026-08-19
awd_wb_1787600,1787600,,,,07/01/2024,signed,4362.75,USD,src_worldbank_finances1,file_worldbank_ds00005_001,77668,2026-08-19
awd_wb_1787601,1787601,,,,07/11/2024,signed,5408.80,USD,src_worldbank_finances1,file_worldbank_ds00005_001,76330,2026-08-19
awd_wb_1787604,1787604,,,,07/17/2024,signed,4021.76,USD,src_worldbank_finances1,file_worldbank_ds00005_001,75746,2026-08-19
awd_wb_1787605,1787605,,,,07/01/2024,signed,4362.75,USD,src_worldbank_finances1,file_worldbank_ds00005_001,77667,2026-08-19
awd_wb_1787608,1787608,,,,07/16/2024,signed,52484.56,USD,src_worldbank_finances1,file_worldbank_ds00005_001,75874,2026-08-19
awd_wb_1787610,1787610,,,,07/01/2024,signed,4362.75,USD,src_worldbank_finances1,file_worldbank_ds00005_001,77666,2026-08-19
awd_wb_1787613,1787613,,,,07/01/2024,signed,4362.75,USD,src_worldbank_finances1,file_worldbank_ds00005_001,77665,2026-08-19
awd_wb_1787616,1787616,,,,07/01/2024,signed,4362.75,USD,src_worldbank_finances1,file_worldbank_ds00005_001,77664,2026-08-19
awd_wb_1787617,1787617,,,,07/01/2024,signed,4362.75,USD,src_worldbank_finances1,file_worldbank_ds00005_001,77663,2026-08-19
awd_wb_1787620,1787620,,,,07/01/2024,signed,4362.75,USD,src_worldbank_finances1,file_worldbank_ds00005_001,77662,2026-08-19
awd_wb_1787621,1787621,,,,07/01/2024,signed,4362.75,USD,src_worldbank_finances1,file_worldbank_ds00005_001,77661,2026-08-19
awd_wb_1787623,1787623,,,,07/01/2024,signed,4362.75,USD,src_worldbank_finances1,file_worldbank_ds00005_001,77660,2026-08-19
awd_wb_1787625,1787625,,,,07/01/2024,signed,4362.75,USD,src_worldbank_finances1,file_worldbank_ds00005_001,77659,2026-08-19
awd_wb_1787629,1787629,,,,07/15/2024,signed,8261.62,USD,src_worldbank_finances1,file_worldbank_ds00005_001,76081,2026-08-19
awd_wb_1787630,1787630,,,,07/01/2024,signed,4362.75,USD,src_worldbank_finances1,file_worldbank_ds00005_001,77658,2026-08-19
awd_wb_1787631,1787631,,,,07/01/2024,signed,4362.75,USD,src_worldbank_finances1,file_worldbank_ds00005_001,77657,2026-08-19
awd_wb_1787632,1787632,,,,07/01/2024,signed,4362.75,USD,src_worldbank_finances1,file_worldbank_ds00005_001,77656,2026-08-19
awd_wb_1787633,1787633,,,,07/01/2024,signed,4362.75,USD,src_worldbank_finances1,file_worldbank_ds00005_001,77655,2026-08-19
awd_wb_1787634,1787634,,,,07/01/2024,signed,4362.75,USD,src_worldbank_finances1,file_worldbank_ds00005_001,77654,2026-08-19
awd_wb_1787637,1787637,,,,07/17/2024,signed,4021.76,USD,src_worldbank_finances1,file_worldbank_ds00005_001,75745,2026-08-19
awd_wb_1787670,1787670,,,,07/08/2024,signed,3488.83,USD,src_worldbank_finances1,file_worldbank_ds00005_001,76723,2026-08-19
awd_wb_1787674,1787674,,,,07/08/2024,signed,22640.40,USD,src_worldbank_finances1,file_worldbank_ds00005_001,76722,2026-08-19
awd_wb_1787676,1787676,,,,07/08/2024,signed,11761.25,USD,src_worldbank_finances1,file_worldbank_ds00005_001,76721,2026-08-19
awd_wb_1787687,1787687,,,,07/15/2024,signed,45259.87,USD,src_worldbank_finances1,file_worldbank_ds00005_001,76080,2026-08-19
awd_wb_1787704,1787704,,,,07/10/2024,signed,19789.60,USD,src_worldbank_finances1,file_worldbank_ds00005_001,76464,2026-08-19
awd_wb_1787711,1787711,,,,07/08/2024,signed,46750.96,USD,src_worldbank_finances1,file_worldbank_ds00005_001,76720,2026-08-19
awd_wb_1787714,1787714,,,,07/08/2024,signed,47044.99,USD,src_worldbank_finances1,file_worldbank_ds00005_001,76719,2026-08-19
awd_wb_1787726,1787726,,,,07/16/2024,signed,85346.80,USD,src_worldbank_finances1,file_worldbank_ds00005_001,75873,2026-08-19
awd_wb_1787734,1787734,,,,07/17/2024,signed,7065.09,USD,src_worldbank_finances1,file_worldbank_ds00005_001,75744,2026-08-19
awd_wb_1787749,1787749,,,,07/04/2024,signed,878.19,USD,src_worldbank_finances1,file_worldbank_ds00005_001,77055,2026-08-19
awd_wb_1787753,1787753,,,,07/04/2024,signed,987.96,USD,src_worldbank_finances1,file_worldbank_ds00005_001,77054,2026-08-19
awd_wb_1787755,1787755,,,,07/04/2024,signed,878.19,USD,src_worldbank_finances1,file_worldbank_ds00005_001,77053,2026-08-19
awd_wb_1787757,1787757,,,,07/03/2024,signed,984.12,USD,src_worldbank_finances1,file_worldbank_ds00005_001,77181,2026-08-19
awd_wb_1787760,1787760,,,,07/12/2024,signed,7466.34,USD,src_worldbank_finances1,file_worldbank_ds00005_001,76214,2026-08-19
awd_wb_1787762,1787762,,,,07/03/2024,signed,984.12,USD,src_worldbank_finances1,file_worldbank_ds00005_001,77180,2026-08-19
awd_wb_1787767,1787767,,,,07/05/2024,signed,1540.24,USD,src_worldbank_finances1,file_worldbank_ds00005_001,76911,2026-08-19
awd_wb_1787786,1787786,,,,07/04/2024,signed,10377.95,USD,src_worldbank_finances1,file_worldbank_ds00005_001,77052,2026-08-19
awd_wb_1787796,1787796,,,,07/10/2024,signed,16783.19,USD,src_worldbank_finances1,file_worldbank_ds00005_001,76463,2026-08-19
awd_wb_1787828,1787828,,,,07/01/2024,signed,127410.08,USD,src_worldbank_finances1,file_worldbank_ds00005_001,77653,2026-08-19
awd_wb_1787832,1787832,,,,07/04/2024,signed,4542503.69,USD,src_worldbank_finances1,file_worldbank_ds00005_001,77051,2026-08-19
awd_wb_1787834,1787834,,,,07/08/2024,signed,35424.35,USD,src_worldbank_finances1,file_worldbank_ds00005_001,76718,2026-08-19
awd_wb_1787840,1787840,,,,07/18/2024,signed,127504.47,USD,src_worldbank_finances1,file_worldbank_ds00005_001,75635,2026-08-19
awd_wb_1787855,1787855,,,,07/17/2024,signed,8142.36,USD,src_worldbank_finances1,file_worldbank_ds00005_001,75743,2026-08-19
awd_wb_1787869,1787869,,,,07/17/2024,signed,2514.39,USD,src_worldbank_finances1,file_worldbank_ds00005_001,75742,2026-08-19
awd_wb_1787874,1787874,,,,07/10/2024,signed,47891.57,USD,src_worldbank_finances1,file_worldbank_ds00005_001,76462,2026-08-19
awd_wb_1787876,1787876,,,,07/17/2024,signed,10967.36,USD,src_worldbank_finances1,file_worldbank_ds00005_001,75741,2026-08-19
awd_wb_1787882,1787882,,,,07/16/2024,signed,41756.87,USD,src_worldbank_finances1,file_worldbank_ds00005_001,75872,2026-08-19
awd_wb_1787886,1787886,,,,07/15/2024,signed,87265.04,USD,src_worldbank_finances1,file_worldbank_ds00005_001,76079,2026-08-19
awd_wb_1787901,1787901,,,,07/02/2024,signed,133000.00,USD,src_worldbank_finances1,file_worldbank_ds00005_001,77311,2026-08-19
awd_wb_1787902,1787902,,,,07/15/2024,signed,31294.00,USD,src_worldbank_finances1,file_worldbank_ds00005_001,76078,2026-08-19
awd_wb_1787917,1787917,,,,07/15/2024,signed,12496.88,USD,src_worldbank_finances1,file_worldbank_ds00005_001,76077,2026-08-19
awd_wb_1787919,1787919,,,,07/11/2024,signed,52287.88,USD,src_worldbank_finances1,file_worldbank_ds00005_001,76329,2026-08-19
awd_wb_1787920,1787920,,,,07/11/2024,signed,57990.06,USD,src_worldbank_finances1,file_worldbank_ds00005_001,76328,2026-08-19
awd_wb_1787921,1787921,,,,07/15/2024,signed,12184.39,USD,src_worldbank_finances1,file_worldbank_ds00005_001,76076,2026-08-19
awd_wb_1787923,1787923,,,,07/15/2024,signed,3747.72,USD,src_worldbank_finances1,file_worldbank_ds00005_001,76075,2026-08-19
awd_wb_1787929,1787929,,,,07/12/2024,signed,113336.84,USD,src_worldbank_finances1,file_worldbank_ds00005_001,76213,2026-08-19
awd_wb_1787932,1787932,,,,07/02/2024,signed,6208.43,USD,src_worldbank_finances1,file_worldbank_ds00005_001,77310,2026-08-19
awd_wb_1787945,1787945,,,,07/12/2024,signed,1759637.73,USD,src_worldbank_finances1,file_worldbank_ds00005_001,76212,2026-08-19
awd_wb_1787947,1787947,,,,07/16/2024,signed,1677576.61,USD,src_worldbank_finances1,file_worldbank_ds00005_001,75871,2026-08-19
awd_wb_1787953,1787953,,,,07/19/2024,signed,1975.80,USD,src_worldbank_finances1,file_worldbank_ds00005_001,75494,2026-08-19
awd_wb_1787961,1787961,,,,07/05/2024,signed,13178.82,USD,src_worldbank_finances1,file_worldbank_ds00005_001,76910,2026-08-19
awd_wb_1787970,1787970,,,,07/05/2024,signed,460878.91,USD,src_worldbank_finances1,file_worldbank_ds00005_001,76909,2026-08-19
awd_wb_1787989,1787989,,,,07/02/2024,signed,40742.67,USD,src_worldbank_finances1,file_worldbank_ds00005_001,77309,2026-08-19
awd_wb_1787998,1787998,,,,07/04/2024,signed,987.96,USD,src_worldbank_finances1,file_worldbank_ds00005_001,77050,2026-08-19
awd_wb_1788002,1788002,,,,07/15/2024,signed,169655.88,USD,src_worldbank_finances1,file_worldbank_ds00005_001,76074,2026-08-19
awd_wb_1788009,1788009,,,,07/15/2024,signed,171209.16,USD,src_worldbank_finances1,file_worldbank_ds00005_001,76073,2026-08-19
awd_wb_1788011,1788011,,,,07/03/2024,signed,134400.00,USD,src_worldbank_finances1,file_worldbank_ds00005_001,77179,2026-08-19
awd_wb_1788018,1788018,,,,07/15/2024,signed,171621.04,USD,src_worldbank_finances1,file_worldbank_ds00005_001,76072,2026-08-19
awd_wb_1788019,1788019,,,,07/15/2024,signed,171249.19,USD,src_worldbank_finances1,file_worldbank_ds00005_001,76071,2026-08-19
awd_wb_1788020,1788020,,,,07/16/2024,signed,171850.50,USD,src_worldbank_finances1,file_worldbank_ds00005_001,75870,2026-08-19
awd_wb_1788021,1788021,,,,07/03/2024,signed,120000.00,USD,src_worldbank_finances1,file_worldbank_ds00005_001,77178,2026-08-19
awd_wb_1788026,1788026,,,,07/17/2024,signed,249054.05,USD,src_worldbank_finances1,file_worldbank_ds00005_001,75740,2026-08-19
awd_wb_1788037,1788037,,,,07/12/2024,signed,1793232.32,USD,src_worldbank_finances1,file_worldbank_ds00005_001,76211,2026-08-19
awd_wb_1788046,1788046,,,,07/15/2024,signed,1592359.81,USD,src_worldbank_finances1,file_worldbank_ds00005_001,76070,2026-08-19
awd_wb_1788070,1788070,,,,07/01/2024,signed,39218.74,USD,src_worldbank_finances1,file_worldbank_ds00005_001,77652,2026-08-19
awd_wb_1788071,1788071,,,,07/01/2024,signed,39218.74,USD,src_worldbank_finances1,file_worldbank_ds00005_001,77651,2026-08-19
awd_wb_1788074,1788074,,,,07/09/2024,signed,7485.14,USD,src_worldbank_finances1,file_worldbank_ds00005_001,76563,2026-08-19
awd_wb_1788075,1788075,,,,07/09/2024,signed,33911.79,USD,src_worldbank_finances1,file_worldbank_ds00005_001,76562,2026-08-19
awd_wb_1788076,1788076,,,,07/09/2024,signed,33125.38,USD,src_worldbank_finances1,file_worldbank_ds00005_001,76561,2026-08-19
awd_wb_1788092,1788092,,,,07/18/2024,signed,20627.17,USD,src_worldbank_finances1,file_worldbank_ds00005_001,75634,2026-08-19
awd_wb_1788094,1788094,,,,07/19/2024,signed,444111.10,USD,src_worldbank_finances1,file_worldbank_ds00005_001,75493,2026-08-19
awd_wb_1788097,1788097,,,,07/17/2024,signed,70552.42,USD,src_worldbank_finances1,file_worldbank_ds00005_001,75739,2026-08-19
awd_wb_1788106,1788106,,,,07/19/2024,signed,9077.48,USD,src_worldbank_finances1,file_worldbank_ds00005_001,75492,2026-08-19
awd_wb_1788108,1788108,,,,07/19/2024,signed,15343.32,USD,src_worldbank_finances1,file_worldbank_ds00005_001,75491,2026-08-19
awd_wb_1788110,1788110,,,,07/19/2024,signed,48346.71,USD,src_worldbank_finances1,file_worldbank_ds00005_001,75490,2026-08-19
awd_wb_1788111,1788111,,,,07/19/2024,signed,9095.73,USD,src_worldbank_finances1,file_worldbank_ds00005_001,75489,2026-08-19
awd_wb_1788112,1788112,,,,07/15/2024,signed,8989.57,USD,src_worldbank_finances1,file_worldbank_ds00005_001,76069,2026-08-19
awd_wb_1788115,1788115,,,,07/01/2024,signed,13968.88,USD,src_worldbank_finances1,file_worldbank_ds00005_001,77650,2026-08-19
awd_wb_1788126,1788126,,,,07/17/2024,signed,112627.23,USD,src_worldbank_finances1,file_worldbank_ds00005_001,75738,2026-08-19
awd_wb_1788133,1788133,,,,07/11/2024,signed,9239.06,USD,src_worldbank_finances1,file_worldbank_ds00005_001,76327,2026-08-19
awd_wb_1788143,1788143,,,,07/18/2024,signed,20906.40,USD,src_worldbank_finances1,file_worldbank_ds00005_001,75633,2026-08-19
awd_wb_1788145,1788145,,,,07/10/2024,signed,12670.49,USD,src_worldbank_finances1,file_worldbank_ds00005_001,76461,2026-08-19
awd_wb_1788147,1788147,,,,07/18/2024,signed,478403.14,USD,src_worldbank_finances1,file_worldbank_ds00005_001,75632,2026-08-19
awd_wb_1788148,1788148,,,,07/08/2024,signed,234768.01,USD,src_worldbank_finances1,file_worldbank_ds00005_001,76717,2026-08-19
awd_wb_1788151,1788151,,,,07/17/2024,signed,190039.99,USD,src_worldbank_finances1,file_worldbank_ds00005_001,75737,2026-08-19
awd_wb_1788158,1788158,,,,07/15/2024,signed,317534.67,USD,src_worldbank_finances1,file_worldbank_ds00005_001,76068,2026-08-19
awd_wb_1788163,1788163,,,,07/02/2024,signed,11383.73,USD,src_worldbank_finances1,file_worldbank_ds00005_001,77308,2026-08-19
awd_wb_1788172,1788172,,,,07/19/2024,signed,116304.00,USD,src_worldbank_finances1,file_worldbank_ds00005_001,75488,2026-08-19
awd_wb_1788173,1788173,,,,07/08/2024,signed,909.17,USD,src_worldbank_finances1,file_worldbank_ds00005_001,76716,2026-08-19
awd_wb_1788185,1788185,,,,07/15/2024,signed,24417.26,USD,src_worldbank_finances1,file_worldbank_ds00005_001,76067,2026-08-19
awd_wb_1788226,1788226,,,,07/22/2024,signed,9908.27,USD,src_worldbank_finances1,file_worldbank_ds00005_001,75331,2026-08-19
awd_wb_1788227,1788227,,,,07/15/2024,signed,309000.00,USD,src_worldbank_finances1,file_worldbank_ds00005_001,76066,2026-08-19
awd_wb_1788251,1788251,,,,07/04/2024,signed,35351.44,USD,src_worldbank_finances1,file_worldbank_ds00005_001,77049,2026-08-19
awd_wb_1788256,1788256,,,,07/22/2024,signed,38358.25,USD,src_worldbank_finances1,file_worldbank_ds00005_001,75330,2026-08-19
awd_wb_1788272,1788272,,,,07/08/2024,signed,75582.70,USD,src_worldbank_finances1,file_worldbank_ds00005_001,76715,2026-08-19
awd_wb_1788291,1788291,,,,07/02/2024,signed,24084.78,USD,src_worldbank_finances1,file_worldbank_ds00005_001,77307,2026-08-19
awd_wb_1788295,1788295,,,,07/08/2024,signed,23761.75,USD,src_worldbank_finances1,file_worldbank_ds00005_001,76714,2026-08-19
awd_wb_1788312,1788312,,,,07/16/2024,signed,98637.86,USD,src_worldbank_finances1,file_worldbank_ds00005_001,75869,2026-08-19
awd_wb_1788316,1788316,,,,07/16/2024,signed,93940.82,USD,src_worldbank_finances1,file_worldbank_ds00005_001,75868,2026-08-19
awd_wb_1788321,1788321,,,,07/01/2024,signed,43071.38,USD,src_worldbank_finances1,file_worldbank_ds00005_001,77649,2026-08-19
awd_wb_1788323,1788323,,,,07/16/2024,signed,97072.18,USD,src_worldbank_finances1,file_worldbank_ds00005_001,75867,2026-08-19
awd_wb_1788343,1788343,,,,07/22/2024,signed,2584.60,USD,src_worldbank_finances1,file_worldbank_ds00005_001,75329,2026-08-19
awd_wb_1788345,1788345,,,,07/02/2024,signed,40681.52,USD,src_worldbank_finances1,file_worldbank_ds00005_001,77306,2026-08-19
awd_wb_1788356,1788356,,,,07/03/2024,signed,61610.00,USD,src_worldbank_finances1,file_worldbank_ds00005_001,77177,2026-08-19
awd_wb_1788359,1788359,,,,07/10/2024,signed,49295.77,USD,src_worldbank_finances1,file_worldbank_ds00005_001,76460,2026-08-19
awd_wb_1788360,1788360,,,,07/01/2024,signed,126982.64,USD,src_worldbank_finances1,file_worldbank_ds00005_001,77648,2026-08-19
awd_wb_1788364,1788364,,,,07/03/2024,signed,41000.00,USD,src_worldbank_finances1,file_worldbank_ds00005_001,77176,2026-08-19
awd_wb_1788378,1788378,,,,07/15/2024,signed,22453.45,USD,src_worldbank_finances1,file_worldbank_ds00005_001,76065,2026-08-19
awd_wb_1788390,1788390,,,,07/03/2024,signed,2652846.91,USD,src_worldbank_finances1,file_worldbank_ds00005_001,77175,2026-08-19
awd_wb_1788391,1788391,,,,07/03/2024,signed,3223301.87,USD,src_worldbank_finances1,file_worldbank_ds00005_001,77174,2026-08-19
awd_wb_1788392,1788392,,,,07/08/2024,signed,3000117.83,USD,src_worldbank_finances1,file_worldbank_ds00005_001,76713,2026-08-19
awd_wb_1788394,1788394,,,,07/17/2024,signed,1038555.61,USD,src_worldbank_finances1,file_worldbank_ds00005_001,75736,2026-08-19
awd_wb_1788395,1788395,,,,07/03/2024,signed,253729.14,USD,src_worldbank_finances1,file_worldbank_ds00005_001,77173,2026-08-19
awd_wb_1788398,1788398,,,,07/02/2024,signed,212168.00,USD,src_worldbank_finances1,file_worldbank_ds00005_001,77305,2026-08-19
awd_wb_1788405,1788405,,,,07/22/2024,signed,44339.81,USD,src_worldbank_finances1,file_worldbank_ds00005_001,75328,2026-08-19
awd_wb_1788410,1788410,,,,07/10/2024,signed,11094.19,USD,src_worldbank_finances1,file_worldbank_ds00005_001,76459,2026-08-19
awd_wb_1788418,1788418,,,,07/08/2024,signed,58447.35,USD,src_worldbank_finances1,file_worldbank_ds00005_001,76712,2026-08-19
awd_wb_1788428,1788428,,,,07/15/2024,signed,70914.18,USD,src_worldbank_finances1,file_worldbank_ds00005_001,76064,2026-08-19
awd_wb_1788431,1788431,,,,07/23/2024,signed,2504.38,USD,src_worldbank_finances1,file_worldbank_ds00005_001,75155,2026-08-19
awd_wb_1788432,1788432,,,,07/11/2024,signed,106404.01,USD,src_worldbank_finances1,file_worldbank_ds00005_001,76326,2026-08-19
awd_wb_1788439,1788439,,,,07/16/2024,signed,4984.63,USD,src_worldbank_finances1,file_worldbank_ds00005_001,75866,2026-08-19
awd_wb_1788447,1788447,,,,07/19/2024,signed,177935.90,USD,src_worldbank_finances1,file_worldbank_ds00005_001,75487,2026-08-19
awd_wb_1788448,1788448,,,,07/22/2024,signed,81882.64,USD,src_worldbank_finances1,file_worldbank_ds00005_001,75327,2026-08-19
awd_wb_1788452,1788452,,,,07/01/2024,signed,499886.38,USD,src_worldbank_finances1,file_worldbank_ds00005_001,77647,2026-08-19
awd_wb_1788473,1788473,,,,07/10/2024,signed,,,src_worldbank_finances1,file_worldbank_ds00005_001,76456,2026-08-19
awd_wb_1788475,1788475,,,,07/22/2024,signed,1437.30,USD,src_worldbank_finances1,file_worldbank_ds00005_001,75326,2026-08-19
awd_wb_1788476,1788476,,,,07/15/2024,signed,11132.45,USD,src_worldbank_finances1,file_worldbank_ds00005_001,76063,2026-08-19
awd_wb_1788484,1788484,,,,07/08/2024,signed,38400.00,USD,src_worldbank_finances1,file_worldbank_ds00005_001,76711,2026-08-19
awd_wb_1788488,1788488,,,,07/09/2024,signed,48000.00,USD,src_worldbank_finances1,file_worldbank_ds00005_001,76560,2026-08-19
awd_wb_1788500,1788500,,,,07/22/2024,signed,42527.83,USD,src_worldbank_finances1,file_worldbank_ds00005_001,75325,2026-08-19
awd_wb_1788542,1788542,,,,07/23/2024,signed,3804.00,USD,src_worldbank_finances1,file_worldbank_ds00005_001,75154,2026-08-19
awd_wb_1788552,1788552,,,,07/21/2024,signed,67299.00,USD,src_worldbank_finances1,file_worldbank_ds00005_001,75338,2026-08-19
awd_wb_1788579,1788579,,,,07/23/2024,signed,7000434.00,USD,src_worldbank_finances1,file_worldbank_ds00005_001,75153,2026-08-19
awd_wb_1788592,1788592,,,,07/10/2024,signed,109646.85,USD,src_worldbank_finances1,file_worldbank_ds00005_001,76455,2026-08-19
awd_wb_1788595,1788595,,,,07/21/2024,signed,52678.01,USD,src_worldbank_finances1,file_worldbank_ds00005_001,75337,2026-08-19
